elevation,aspect,slope,horizontal_distance_to_hydrology,vertical_distance_to_hydrology,horizontal_distance_to_roadways,hillshade_9am,hillshade_noon,hillshade_3pm,horizontal_distance_to_fire_points,wilderness_area,soil_type,cover_type
2144,342,13,0,0,285,192,219,166,541,cache_la_poudre,10,2
2147,348,13,30,3,268,194,217,161,551,cache_la_poudre,10,2
2158,326,22,42,14,323,162,210,186,499,cache_la_poudre,10,2
2170,358,23,60,16,240,177,190,145,552,cache_la_poudre,10,2
2182,347,23,42,17,212,169,195,160,569,cache_la_poudre,10,2
2199,301,23,170,55,421,151,223,210,376,cache_la_poudre,10,2
2204,2,22,108,39,256,184,193,141,524,cache_la_poudre,10,2
2222,352,27,95,39,210,162,182,151,577,cache_la_poudre,10,2
2227,336,26,30,8,108,152,194,175,721,cache_la_poudre,10,2
2236,359,25,120,56,210,174,185,142,573,cache_la_poudre,10,2
2238,7,27,212,69,331,177,175,126,451,cache_la_poudre,10,2
2238,356,25,255,73,391,172,188,147,391,cache_la_poudre,10,2
2239,356,22,277,83,421,180,195,149,361,cache_la_poudre,10,2
2244,343,21,309,98,481,172,202,166,301,cache_la_poudre,10,2
2245,5,24,150,65,242,182,186,134,541,cache_la_poudre,10,2
2248,348,19,30,3,90,181,205,160,962,cache_la_poudre,10,2
2250,320,30,67,43,162,131,197,198,630,cache_la_poudre,10,2
2252,328,29,67,33,150,137,191,187,693,cache_la_poudre,10,2
2259,338,25,95,60,190,158,196,172,600,cache_la_poudre,10,2
2266,7,27,277,93,371,177,176,127,421,cache_la_poudre,10,2
2293,14,21,323,110,418,196,193,128,400,cache_la_poudre,10,2
2293,354,29,134,52,182,158,175,145,794,cache_la_poudre,10,2
2302,16,23,108,43,210,193,184,121,1036,cache_la_poudre,10,2
2314,336,3,258,85,339,213,235,160,607,cache_la_poudre,2,2
2315,315,20,212,104,300,163,219,195,553,cache_la_poudre,2,2
2324,342,17,180,72,240,184,213,167,924,cache_la_poudre,10,2
2325,303,34,134,50,234,107,201,223,1022,cache_la_poudre,10,2
2329,321,22,134,44,234,157,212,192,937,cache_la_poudre,10,2
2336,12,18,210,85,270,199,200,134,874,cache_la_poudre,2,2
2336,348,18,210,84,270,184,208,161,902,cache_la_poudre,2,2
2344,24,13,240,92,300,212,212,134,882,cache_la_poudre,2,2
2344,329,12,240,86,300,190,225,174,911,cache_la_poudre,2,2
2346,301,23,228,44,210,149,223,211,816,cache_la_poudre,10,2
2349,26,6,0,0,424,217,227,146,1063,cache_la_poudre,16,2
2351,15,8,300,95,360,213,223,147,902,cache_la_poudre,2,2
2355,349,24,190,86,283,167,191,157,1068,cache_la_poudre,10,2
2359,28,6,30,-1,552,218,228,146,1292,cache_la_poudre,16,2
2359,354,20,0,0,558,183,202,153,1259,cache_la_poudre,16,2
2361,27,26,309,94,390,199,174,99,997,cache_la_poudre,10,2
2376,33,28,335,108,420,202,167,86,1008,cache_la_poudre,10,2
2377,26,28,268,108,366,194,168,96,1053,cache_la_poudre,10,2
2386,250,16,0,0,691,183,250,204,1441,cache_la_poudre,10,2
2389,22,30,60,30,552,186,161,96,1216,cache_la_poudre,10,2
2391,25,26,283,119,384,196,174,102,1064,cache_la_poudre,10,2
2391,297,36,256,99,295,100,202,230,890,cache_la_poudre,10,2
2394,16,31,60,38,573,177,159,103,1245,cache_la_poudre,10,2
2397,56,22,120,48,552,228,187,81,1177,cache_la_poudre,10,2
2400,269,22,42,14,674,159,242,219,1431,cache_la_poudre,10,2
2406,333,28,67,37,644,146,192,179,1445,cache_la_poudre,10,2
2409,281,30,60,29,824,124,226,234,1523,cache_la_poudre,10,2
2410,323,17,95,45,658,173,220,185,1395,cache_la_poudre,10,2
2411,23,29,90,51,594,189,164,97,1253,cache_la_poudre,10,2
2411,322,8,30,5,390,199,232,173,297,cache_la_poudre,10,2
2416,313,19,124,45,680,164,221,196,1423,cache_la_poudre,10,2
2417,41,26,120,57,594,213,175,83,1233,cache_la_poudre,10,2
2424,13,10,0,0,960,210,219,145,638,cache_la_poudre,10,2
2433,24,28,120,74,636,193,169,99,1290,cache_la_poudre,10,2
2436,49,16,30,9,228,225,204,109,182,cache_la_poudre,10,2
2436,314,25,127,49,830,146,212,202,1392,cache_la_poudre,10,2
2436,316,25,134,44,794,147,210,199,1387,cache_la_poudre,10,2
2437,309,24,134,51,866,148,216,206,1398,cache_la_poudre,10,2
2439,40,16,30,9,1276,220,202,112,808,cache_la_poudre,10,2
2439,246,13,60,13,324,193,249,194,127,cache_la_poudre,10,2
2441,329,29,134,73,711,140,192,185,1510,cache_la_poudre,10,2
2441,333,12,366,153,395,193,225,171,966,cache_la_poudre,11,2
2442,40,13,30,6,170,221,212,124,162,cache_la_poudre,10,2
2446,315,25,150,60,819,145,210,201,1368,cache_la_poudre,10,2
2447,39,19,85,30,256,217,196,107,285,cache_la_poudre,10,2
2447,276,29,124,65,875,131,232,233,1466,cache_la_poudre,10,2
2451,308,16,30,11,201,176,229,193,127,cache_la_poudre,10,2
2454,284,15,30,2,872,176,239,202,552,cache_la_poudre,10,2
2455,113,25,67,27,892,253,204,62,573,cache_la_poudre,10,2
2456,316,26,175,64,789,143,208,200,1345,cache_la_poudre,10,2
2462,297,21,90,29,268,157,228,210,67,cache_la_poudre,10,2
2462,326,14,30,3,150,185,224,178,216,cache_la_poudre,10,2
2463,22,22,180,98,700,200,187,116,1338,cache_la_poudre,10,2
2465,83,8,30,2,778,232,226,127,488,cache_la_poudre,10,2
2465,273,24,90,37,942,148,238,225,618,cache_la_poudre,10,2
2465,275,25,175,85,930,145,236,226,1399,cache_la_poudre,10,2
2466,345,27,212,97,774,159,188,161,1499,cache_la_poudre,10,2
2468,269,27,67,16,912,142,238,230,591,cache_la_poudre,10,2
2469,258,21,30,9,832,167,247,216,553,cache_la_poudre,10,2
2469,317,13,30,6,120,186,229,182,283,cache_la_poudre,10,2
2473,289,20,120,40,295,160,233,212,60,cache_la_poudre,10,2
2474,35,8,134,48,150,219,223,139,272,cache_la_poudre,6,2
2474,243,26,150,41,404,161,250,219,120,cache_la_poudre,10,2
2475,278,23,180,89,845,151,236,222,1489,cache_la_poudre,10,2
2476,315,22,95,18,1065,156,216,198,741,cache_la_poudre,10,2
2478,80,18,60,24,752,241,205,87,437,cache_la_poudre,10,2
2478,276,24,190,92,926,147,236,225,1410,cache_la_poudre,10,2
2478,329,10,108,15,30,196,228,172,309,cache_la_poudre,6,2
2479,104,20,124,51,849,249,211,82,534,cache_la_poudre,10,2
2480,291,14,42,10,659,180,237,197,514,cache_la_poudre,10,2
2481,104,14,67,23,741,242,222,107,430,cache_la_poudre,10,2
2482,345,24,255,113,816,165,194,163,1482,cache_la_poudre,10,2
2484,285,25,120,57,1340,142,230,224,825,cache_la_poudre,10,2
2484,287,23,210,98,832,151,232,218,1503,cache_la_poudre,10,2
2484,338,15,120,34,240,186,217,170,212,cache_la_poudre,10,2
2485,274,24,120,51,1323,149,238,225,854,cache_la_poudre,10,2
2486,42,7,90,23,0,222,224,137,382,cache_la_poudre,6,2
2487,73,11,0,0,638,233,218,115,1087,cache_la_poudre,10,2
2488,286,26,150,61,1348,138,228,225,759,cache_la_poudre,10,2
2489,79,12,42,6,443,236,217,110,391,cache_la_poudre,10,2
2490,352,14,124,21,134,195,215,157,418,cache_la_poudre,10,2
2491,277,11,30,-3,1120,190,242,191,959,cache_la_poudre,6,2
2492,316,20,95,29,757,163,219,194,600,cache_la_poudre,10,2
2493,64,8,0,0,277,228,224,129,553,cache_la_poudre,10,2
2493,129,19,124,33,685,247,226,99,371,cache_la_poudre,10,2
2495,62,10,30,7,335,229,218,121,467,cache_la_poudre,10,2
2497,306,15,150,28,162,177,230,193,400,cache_la_poudre,10,2
2499,344,12,134,40,240,196,222,164,272,cache_la_poudre,10,2
2500,278,24,242,114,926,149,236,223,1409,cache_la_poudre,10,2
2501,70,12,60,16,323,233,215,112,446,cache_la_poudre,10,2
2501,91,21,95,51,726,247,202,75,402,cache_la_poudre,10,2
2504,321,7,150,45,240,203,234,170,301,cache_la_poudre,10,2
2505,315,14,60,2,234,183,228,185,684,cache_la_poudre,10,2
2505,320,17,95,28,511,174,221,186,564,cache_la_poudre,10,2
2506,254,17,228,73,488,179,249,207,190,cache_la_poudre,10,2
2508,99,31,60,21,703,252,179,30,1052,cache_la_poudre,4,2
2508,304,18,134,45,750,169,228,199,631,cache_la_poudre,10,2
2509,223,16,180,49,907,198,253,189,700,cache_la_poudre,10,2
2510,318,29,277,124,721,132,200,201,1242,cache_la_poudre,10,2
2511,13,14,108,34,1034,206,211,141,741,cache_la_poudre,6,2
2511,59,11,90,19,228,228,218,121,499,cache_la_poudre,6,2
2511,274,7,247,71,330,202,242,179,285,cache_la_poudre,6,2
2511,278,24,283,129,875,146,235,224,1302,cache_la_poudre,10,2
2513,254,10,190,29,1234,198,247,187,883,cache_la_poudre,6,2
2515,3,16,339,141,891,197,208,146,1452,cache_la_poudre,10,2
2515,220,14,228,32,421,203,253,184,212,cache_la_poudre,6,2
2516,14,10,67,15,1015,211,220,145,895,cache_la_poudre,6,2
2516,248,19,210,52,1301,176,250,209,830,cache_la_poudre,10,2
2517,128,18,212,67,604,247,226,100,285,cache_la_poudre,6,2
2517,254,11,162,57,942,195,247,191,684,cache_la_poudre,6,2
2519,24,10,85,11,987,215,218,139,888,cache_la_poudre,6,2
2519,262,10,108,12,899,195,245,189,1061,cache_la_poudre,6,2
2519,296,28,67,27,618,131,219,222,1041,cache_la_poudre,10,2
2519,309,13,190,59,787,183,231,188,691,cache_la_poudre,10,2
2520,106,3,30,2,42,226,235,145,752,cache_la_poudre,10,2
2520,268,14,95,13,1006,183,245,201,1082,cache_la_poudre,6,2
2520,277,16,120,26,319,174,241,206,679,cache_la_poudre,10,2
2521,221,13,108,20,1073,204,252,183,1024,cache_la_poudre,6,2
2522,241,6,175,37,957,209,245,174,713,cache_la_poudre,6,2
2522,301,10,277,55,150,192,236,183,451,cache_la_poudre,6,2
2523,30,9,247,51,524,218,220,138,212,cache_la_poudre,6,2
2523,264,9,192,16,819,199,244,185,1114,cache_la_poudre,6,2
2523,284,19,295,137,908,165,237,211,1315,cache_la_poudre,10,2
2523,311,10,330,152,912,194,233,179,1426,cache_la_poudre,10,2
2524,251,24,242,97,1237,162,248,220,648,cache_la_poudre,10,2
2525,12,11,201,17,787,209,217,145,1050,cache_la_poudre,6,2
2525,270,4,212,17,792,208,241,171,1112,cache_la_poudre,6,2
2525,312,19,182,55,573,164,222,196,646,cache_la_poudre,10,2
2525,316,19,162,53,531,166,220,193,631,cache_la_poudre,10,2
2525,350,7,134,32,1008,208,228,159,800,cache_la_poudre,6,2
2526,277,6,162,25,984,205,241,175,794,cache_la_poudre,6,2
2526,304,11,330,149,939,191,235,184,1398,cache_la_poudre,10,2
2528,283,20,240,101,1271,162,237,213,765,cache_la_poudre,10,2
2529,32,9,162,21,864,218,221,139,902,cache_la_poudre,6,2
2530,30,9,150,38,150,218,220,137,524,cache_la_poudre,6,2
2531,101,5,228,48,503,228,233,139,212,cache_la_poudre,6,2
2531,259,5,247,48,466,208,243,173,190,cache_la_poudre,6,2
2531,285,9,218,24,845,194,240,186,1180,cache_la_poudre,6,2
2533,293,19,67,20,150,165,233,207,808,cache_la_poudre,10,2
2534,283,19,270,107,1224,165,237,211,700,cache_la_poudre,10,2
2535,18,8,242,27,825,215,224,146,840,cache_la_poudre,6,2
2535,27,4,190,27,836,218,230,149,900,cache_la_poudre,6,2
2535,197,10,283,50,1209,218,249,165,812,cache_la_poudre,6,2
2537,227,10,300,52,1182,206,249,179,811,cache_la_poudre,6,2
2538,295,19,85,20,134,162,231,207,834,cache_la_poudre,10,2
2540,38,8,242,14,655,220,222,137,1027,cache_la_poudre,6,2
2542,295,18,95,30,175,166,232,205,824,cache_la_poudre,10,2
2542,307,14,150,44,268,181,231,190,787,cache_la_poudre,10,2
2542,319,17,268,82,778,175,222,187,755,cache_la_poudre,6,2
2543,299,21,242,76,616,157,227,208,702,cache_la_poudre,10,2
2544,279,17,300,117,1195,173,240,207,696,cache_la_poudre,6,2
2544,323,29,339,157,691,134,196,194,1182,cache_la_poudre,10,2
2547,356,11,395,78,120,202,220,155,702,cache_la_poudre,10,2
2550,267,9,272,49,1127,197,244,186,900,cache_la_poudre,6,2
2551,74,3,242,82,1020,224,233,144,994,cache_la_poudre,6,2
2552,261,15,331,125,1150,183,247,202,633,cache_la_poudre,6,2
2552,300,11,313,45,778,188,235,188,1146,cache_la_poudre,6,2
2554,88,8,180,33,127,232,227,128,789,cache_la_poudre,6,2
2556,348,9,258,79,912,203,225,161,1090,cache_la_poudre,6,2
2558,85,10,210,37,124,235,222,118,755,cache_la_poudre,6,2
2559,227,13,295,82,845,202,252,185,1110,cache_la_poudre,6,2
2559,261,13,335,52,725,188,247,197,1154,cache_la_poudre,6,2
2560,288,15,240,68,360,178,238,200,828,cache_la_poudre,10,2
2563,34,14,297,37,685,217,208,123,853,cache_la_poudre,6,2
2563,289,31,201,130,417,120,219,231,1008,cache_la_poudre,10,2
2568,298,14,270,80,360,181,235,193,850,cache_la_poudre,10,2
2568,303,14,240,74,300,180,232,193,870,cache_la_poudre,10,2
2570,144,32,218,83,674,245,214,70,934,cache_la_poudre,4,2
2570,324,25,426,190,771,150,204,190,1154,cache_la_poudre,10,2
2572,322,9,323,104,582,198,232,173,792,cache_la_poudre,6,2
2584,115,27,180,97,750,254,202,57,1022,cache_la_poudre,4,2
2592,324,30,426,206,671,131,193,194,1107,cache_la_poudre,10,2
2594,330,23,458,211,713,161,206,182,1101,cache_la_poudre,10,2
2596,358,17,480,75,242,192,207,151,830,cache_la_poudre,10,2
2599,104,21,180,112,782,250,209,77,1082,cache_la_poudre,11,2
2606,300,21,268,158,484,158,227,208,1073,cache_la_poudre,10,2
2610,0,18,335,196,323,192,205,148,914,cache_la_poudre,10,2
2613,358,14,459,199,313,197,212,152,902,cache_la_poudre,6,2
2618,29,10,474,82,335,217,219,137,924,cache_la_poudre,6,2
2623,310,7,335,209,418,200,235,175,1008,cache_la_poudre,6,2
2624,111,11,451,113,660,238,229,119,930,cache_la_poudre,11,2
2632,331,26,488,246,582,150,197,182,1032,cache_la_poudre,10,2
1866,23,14,85,16,108,212,210,133,819,cache_la_poudre,2,3
1879,23,18,108,28,134,207,200,124,875,cache_la_poudre,2,3
1901,189,10,0,0,30,221,247,160,451,cache_la_poudre,1,3
1905,77,21,90,38,120,241,196,75,1025,cache_la_poudre,3,3
1910,37,24,0,0,30,211,180,94,285,cache_la_poudre,10,3
1916,70,19,120,49,150,237,198,85,1015,cache_la_poudre,3,3
1924,95,15,150,48,182,243,216,98,931,cache_la_poudre,3,3
1929,154,18,108,30,124,238,238,123,771,cache_la_poudre,3,3
1934,52,19,30,5,30,226,196,0,469,cache_la_poudre,1,3
1935,350,16,0,0,120,190,212,159,525,cache_la_poudre,10,3
1937,325,29,30,23,67,135,194,191,443,cache_la_poudre,10,3
1938,352,3,0,0,30,214,233,158,306,cache_la_poudre,10,3
1939,47,20,150,72,180,222,192,96,1048,cache_la_poudre,3,3
1944,145,19,150,45,162,243,233,110,794,cache_la_poudre,3,3
1944,352,32,30,20,67,147,167,146,551,cache_la_poudre,10,3
1945,31,43,30,24,60,170,110,40,309,cache_la_poudre,10,3
1945,68,21,30,5,30,236,193,79,351,cache_la_poudre,1,3
1952,132,13,30,0,60,241,233,119,408,cache_la_poudre,1,3
1953,92,35,30,18,60,248,162,0,376,cache_la_poudre,1,3
1953,331,39,30,26,42,104,163,181,649,cache_la_poudre,10,3
1953,343,32,30,24,67,139,174,163,618,cache_la_poudre,10,3
1954,103,13,190,55,212,241,223,109,859,cache_la_poudre,3,3
1956,48,24,30,14,180,221,182,83,582,cache_la_poudre,1,3
1956,89,23,127,51,134,247,197,67,696,cache_la_poudre,3,3
1957,312,26,67,42,124,141,211,206,474,cache_la_poudre,10,3
1959,113,28,242,83,277,254,199,52,942,cache_la_poudre,3,3
1963,43,33,30,25,95,207,150,55,569,cache_la_poudre,1,3
1964,8,28,67,40,108,175,172,124,541,cache_la_poudre,10,3
1966,302,39,108,71,150,89,192,228,366,cache_la_poudre,10,3
1966,322,42,108,81,95,83,160,197,190,cache_la_poudre,10,3
1966,335,36,124,73,120,118,167,174,124,cache_la_poudre,10,3
1967,81,14,120,35,120,238,214,104,256,cache_la_poudre,6,3
1967,312,42,108,86,85,79,172,214,228,cache_la_poudre,10,3
1968,91,22,150,63,162,247,199,70,693,cache_la_poudre,3,3
1968,113,24,30,8,85,253,208,69,272,cache_la_poudre,1,3
1969,39,26,90,37,90,212,175,85,218,cache_la_poudre,6,3
1970,278,40,95,77,124,85,211,247,180,cache_la_poudre,10,3
1973,322,42,124,83,108,86,163,197,153,cache_la_poudre,10,3
1974,51,38,67,54,108,209,131,24,371,cache_la_poudre,1,3
1975,91,42,30,23,60,243,141,0,108,cache_la_poudre,1,3
1976,334,41,42,36,67,98,153,174,659,cache_la_poudre,10,3
1977,14,29,95,57,134,180,169,113,558,cache_la_poudre,10,3
1979,24,41,85,71,108,165,122,64,361,cache_la_poudre,10,3
1979,261,15,150,88,150,183,247,202,525,cache_la_poudre,1,3
1980,112,32,67,33,108,254,186,32,458,cache_la_poudre,1,3
1981,34,38,42,27,108,187,133,53,283,cache_la_poudre,10,3
1981,138,17,90,15,162,244,232,110,484,cache_la_poudre,3,3
1981,162,23,60,5,201,235,238,120,466,cache_la_poudre,3,3
1982,97,30,85,35,124,251,181,34,443,cache_la_poudre,1,3
1984,307,26,42,19,272,141,215,210,594,cache_la_poudre,10,3
1986,8,18,0,0,330,195,200,139,658,cache_la_poudre,10,3
1988,42,41,60,38,85,192,121,30,228,cache_la_poudre,10,3
1990,344,26,150,66,192,158,190,164,531,cache_la_poudre,10,3
1991,40,39,67,47,95,192,126,38,268,cache_la_poudre,10,3
1991,84,30,270,124,300,246,174,35,1027,cache_la_poudre,3,3
1992,293,24,42,6,301,146,227,217,616,cache_la_poudre,10,3
1993,291,41,127,96,150,78,197,240,300,cache_la_poudre,10,3
1994,100,29,270,127,300,252,187,41,997,cache_la_poudre,3,3
1995,14,33,124,61,162,171,155,104,576,cache_la_poudre,10,3
1995,20,37,42,30,108,168,136,81,242,cache_la_poudre,10,3
1997,346,10,0,0,67,201,225,162,323,cache_la_poudre,17,3
1998,168,25,67,10,242,230,240,126,503,cache_la_poudre,3,3
1999,15,13,108,14,190,208,212,140,424,cache_la_poudre,1,3
2001,95,35,108,54,150,250,167,0,470,cache_la_poudre,1,3
2002,81,25,150,6,124,244,188,60,124,cache_la_poudre,6,3
2002,170,27,30,6,180,228,239,125,218,cache_la_poudre,6,3
2003,29,38,67,49,127,179,132,61,258,cache_la_poudre,10,3
2005,245,5,0,0,234,210,244,172,342,cache_la_poudre,17,3
2005,292,36,90,63,256,98,207,236,531,cache_la_poudre,10,3
2005,334,10,0,0,42,197,227,169,765,cache_la_poudre,17,3
2006,66,20,277,45,400,235,196,85,30,cache_la_poudre,5,3
2006,80,39,60,58,90,238,142,0,124,cache_la_poudre,1,3
2006,168,24,0,0,350,230,241,127,551,cache_la_poudre,3,3
2006,177,15,67,16,120,226,247,150,162,cache_la_poudre,6,3
2007,33,35,67,51,162,190,142,64,503,cache_la_poudre,10,3
2007,262,29,30,10,120,138,240,233,212,cache_la_poudre,5,3
2008,235,31,0,0,108,153,249,220,256,cache_la_poudre,5,3
2009,75,24,190,0,175,241,187,63,175,cache_la_poudre,6,3
2011,90,33,228,99,242,248,170,24,691,cache_la_poudre,3,3
2012,79,15,90,-2,400,239,211,98,531,cache_la_poudre,6,3
2015,45,35,30,24,210,204,141,44,470,cache_la_poudre,10,3
2016,67,18,120,1,395,235,201,91,509,cache_la_poudre,6,3
2017,339,23,335,32,408,164,200,170,272,cache_la_poudre,5,3
2019,47,43,85,66,150,195,114,14,319,cache_la_poudre,10,3
2019,55,24,190,50,270,227,182,76,319,cache_la_poudre,6,3
2019,138,28,150,67,182,249,218,77,395,cache_la_poudre,1,3
2019,236,7,30,2,598,208,246,176,430,cache_la_poudre,1,3
2021,167,32,60,17,182,227,232,111,212,cache_la_poudre,6,3
2022,85,20,134,62,180,244,203,80,365,cache_la_poudre,1,3
2023,345,28,360,36,402,153,184,161,218,cache_la_poudre,5,3
2024,26,38,85,75,108,175,132,67,134,cache_la_poudre,10,3
2024,74,20,42,3,485,239,199,82,638,cache_la_poudre,6,3
2025,95,36,127,77,175,249,163,10,497,cache_la_poudre,1,3
2026,46,19,180,11,390,222,195,101,469,cache_la_poudre,6,3
2026,247,29,67,28,242,148,247,227,430,cache_la_poudre,5,3
2026,301,30,30,19,67,124,211,221,738,cache_la_poudre,17,3
2026,325,25,247,31,301,151,205,190,150,cache_la_poudre,5,3
2027,189,24,0,0,443,213,249,156,624,cache_la_poudre,3,3
2028,46,39,85,78,108,200,127,28,175,cache_la_poudre,10,3
2028,110,39,124,80,210,252,167,0,492,cache_la_poudre,1,3
2028,116,35,300,123,309,254,183,24,782,cache_la_poudre,3,3
2028,325,21,42,16,108,163,212,187,834,cache_la_poudre,17,3
2029,117,39,124,81,182,252,174,11,525,cache_la_poudre,1,3
2029,269,13,424,44,510,185,244,199,402,cache_la_poudre,5,3
2030,121,36,319,127,319,253,185,26,841,cache_la_poudre,3,3
2030,137,30,30,11,511,249,213,68,395,cache_la_poudre,1,3
2030,326,26,85,23,134,146,201,189,674,cache_la_poudre,10,3
2031,59,34,42,11,256,223,149,33,691,cache_la_poudre,1,3
2031,69,19,42,4,524,237,199,87,680,cache_la_poudre,6,3
2032,40,20,0,0,335,217,191,101,768,cache_la_poudre,1,3
2032,78,33,182,124,216,241,161,24,532,cache_la_poudre,1,3
2033,15,31,95,68,162,176,159,104,192,cache_la_poudre,1,3
2033,75,22,162,73,210,241,194,74,395,cache_la_poudre,1,3
2033,249,35,60,25,153,125,239,236,190,cache_la_poudre,5,3
2034,151,26,127,32,283,242,229,99,589,cache_la_poudre,3,3
2035,354,18,85,25,134,188,206,154,782,cache_la_poudre,10,3
2036,310,31,67,32,153,122,202,212,582,cache_la_poudre,10,3
2039,12,26,134,17,212,184,178,121,300,cache_la_poudre,10,3
2039,112,33,162,106,182,254,186,32,391,cache_la_poudre,1,3
2039,293,26,30,16,459,137,223,222,693,cache_la_poudre,10,3
2040,13,33,162,120,201,170,155,104,638,cache_la_poudre,10,3
2040,246,18,85,17,552,179,251,207,433,cache_la_poudre,1,3
2041,27,26,402,73,467,199,175,100,216,cache_la_poudre,5,3
2041,285,17,242,46,300,171,238,206,256,cache_la_poudre,5,3
2043,88,18,210,114,234,244,209,88,497,cache_la_poudre,1,3
2043,164,37,60,24,525,224,222,94,351,cache_la_poudre,1,3
2044,125,37,339,141,339,251,186,26,871,cache_la_poudre,3,3
2044,128,34,67,35,330,252,197,43,365,cache_la_poudre,6,3
2044,346,30,391,57,443,147,176,157,256,cache_la_poudre,5,3
2045,44,35,150,135,175,204,144,49,430,cache_la_poudre,1,3
2045,276,27,30,16,390,138,234,230,638,cache_la_poudre,1,3
2046,29,25,331,85,430,202,176,99,190,cache_la_poudre,5,3
2047,25,23,433,80,499,201,184,111,268,cache_la_poudre,5,3
2047,335,21,492,68,591,168,207,176,371,cache_la_poudre,5,3
2048,46,31,67,28,268,211,156,58,693,cache_la_poudre,1,3
2048,138,19,30,-1,604,246,229,103,792,cache_la_poudre,2,3
2048,306,37,190,163,218,96,191,221,95,cache_la_poudre,10,3
2049,312,44,216,160,201,70,166,215,85,cache_la_poudre,10,3
2050,91,32,258,44,295,249,172,25,696,cache_la_poudre,3,3
2050,260,20,90,27,524,167,246,215,450,cache_la_poudre,1,3
2051,53,24,85,19,579,226,182,77,721,cache_la_poudre,6,3
2052,55,27,150,37,484,224,170,62,576,cache_la_poudre,6,3
2053,303,32,67,46,108,118,206,220,698,cache_la_poudre,10,3
2054,63,30,180,45,256,230,164,46,256,cache_la_poudre,6,3
2054,96,35,360,187,390,250,168,16,1020,cache_la_poudre,3,3
2054,287,34,67,50,242,108,215,237,511,cache_la_poudre,10,3
2054,333,33,182,32,192,129,180,180,234,cache_la_poudre,10,3
2055,10,23,408,70,492,188,186,128,342,cache_la_poudre,5,3
2055,102,22,240,126,258,250,205,72,485,cache_la_poudre,1,3
2055,171,28,95,36,564,226,239,126,350,cache_la_poudre,1,3
2055,305,37,190,159,277,96,192,223,408,cache_la_poudre,10,3
2055,312,28,42,19,566,134,207,207,571,cache_la_poudre,17,3
2055,332,33,42,25,300,126,178,180,426,cache_la_poudre,10,3
2055,338,24,499,75,616,162,199,172,395,cache_la_poudre,5,3
2056,87,32,201,123,218,247,170,27,402,cache_la_poudre,1,3
2058,14,19,30,4,937,200,199,131,342,cache_la_poudre,17,3
2058,38,36,134,108,162,194,137,51,212,cache_la_poudre,10,3
2058,127,25,212,101,256,252,215,75,446,cache_la_poudre,1,3
2060,12,19,175,64,277,196,197,133,283,cache_la_poudre,5,3
2060,114,38,162,112,240,253,174,12,534,cache_la_poudre,1,3
2061,162,34,90,42,537,229,226,97,335,cache_la_poudre,1,3
2062,128,34,85,49,360,252,196,41,395,cache_la_poudre,6,3
2062,233,36,85,54,339,139,244,222,313,cache_la_poudre,1,3
2063,359,20,0,0,547,186,199,147,607,cache_la_poudre,10,3
2064,351,17,162,69,212,188,209,157,270,cache_la_poudre,5,3
2065,131,32,85,46,390,252,204,54,430,cache_la_poudre,6,3
2066,310,27,150,61,201,137,210,209,684,cache_la_poudre,10,3
2067,48,33,85,23,212,211,150,49,480,cache_la_poudre,10,3
2068,341,26,525,88,636,155,190,168,391,cache_la_poudre,5,3
2069,110,29,268,138,283,254,193,44,474,cache_la_poudre,1,3
2069,258,29,30,12,420,139,242,232,297,cache_la_poudre,4,3
2070,38,32,192,105,234,202,154,67,120,cache_la_poudre,10,3
2071,43,28,390,204,390,213,167,73,992,cache_la_poudre,5,3
2071,166,31,124,52,552,229,232,110,324,cache_la_poudre,1,3
2073,72,34,192,116,234,235,154,0,95,cache_la_poudre,1,3
2073,279,28,30,21,390,133,231,231,319,cache_la_poudre,4,3
2074,131,34,108,65,361,251,198,44,391,cache_la_poudre,6,3
2074,288,30,90,70,218,124,221,230,553,cache_la_poudre,10,3
2075,92,25,201,33,300,249,193,58,655,cache_la_poudre,1,3
2075,99,31,153,47,270,252,182,33,531,cache_la_poudre,1,3
2075,352,26,170,67,277,165,184,151,242,cache_la_poudre,5,3
2077,230,34,95,71,319,150,247,217,285,cache_la_poudre,1,3
2077,326,26,309,148,350,148,202,189,607,cache_la_poudre,10,3
2077,344,25,558,97,624,163,193,164,331,cache_la_poudre,5,3
2078,13,33,247,146,297,168,153,104,451,cache_la_poudre,10,3
2078,31,32,42,24,541,194,155,78,589,cache_la_poudre,10,3
2078,123,33,313,14,376,253,194,39,819,cache_la_poudre,3,3
2079,22,33,108,62,175,181,153,90,573,cache_la_poudre,10,3
2079,61,32,67,35,242,226,155,37,510,cache_la_poudre,10,3
2079,294,26,108,75,277,137,222,221,509,cache_la_poudre,10,3
2079,314,32,42,28,360,120,197,208,361,cache_la_poudre,10,3
2081,22,23,450,73,558,200,186,114,379,cache_la_poudre,5,3
2081,245,33,162,83,313,136,244,231,450,cache_la_poudre,5,3
2081,305,23,30,13,603,150,221,208,153,cache_la_poudre,4,3
2081,327,33,60,37,85,124,183,189,942,cache_la_poudre,10,3
2082,95,27,301,151,324,251,189,49,488,cache_la_poudre,1,3
2083,253,33,85,55,379,127,239,237,595,cache_la_poudre,1,3
2084,305,21,30,6,1369,157,223,204,696,cache_la_poudre,17,3
2085,266,35,60,32,532,112,230,243,658,cache_la_poudre,10,3
2085,268,23,60,21,525,155,242,223,778,cache_la_poudre,6,3
2085,279,35,120,83,247,104,219,242,150,cache_la_poudre,5,3
2085,295,21,30,13,666,155,229,212,124,cache_la_poudre,4,3
2085,300,29,42,6,785,128,214,220,674,cache_la_poudre,10,3
2086,64,27,182,131,218,233,176,58,95,cache_la_poudre,10,3
2087,280,14,30,9,1224,179,241,201,497,cache_la_poudre,17,3
2087,334,21,212,154,228,168,208,176,679,cache_la_poudre,10,3
2088,232,17,85,24,576,190,253,197,859,cache_la_poudre,6,3
2088,244,35,180,90,362,128,241,233,516,cache_la_poudre,5,3
2088,248,30,108,82,300,143,245,230,256,cache_la_poudre,5,3
2088,282,23,30,12,696,152,235,220,134,cache_la_poudre,10,3
2089,9,19,285,162,319,195,199,137,703,cache_la_poudre,10,3
2089,320,11,150,85,242,191,229,178,594,cache_la_poudre,10,3
2089,356,38,42,21,120,133,145,130,792,cache_la_poudre,10,3
2090,0,29,201,82,309,165,173,134,190,cache_la_poudre,5,3
2091,5,30,30,16,607,167,167,124,552,cache_la_poudre,10,3
2091,299,30,108,55,618,122,213,223,573,cache_la_poudre,10,3
2092,150,28,67,28,649,243,225,91,900,cache_la_poudre,2,3
2092,336,37,60,-6,443,115,163,171,451,cache_la_poudre,10,3
2093,274,18,210,48,216,168,241,212,834,cache_la_poudre,1,3
2094,45,17,404,86,510,222,200,106,365,cache_la_poudre,5,3
2094,52,31,212,85,350,218,156,49,351,cache_la_poudre,6,3
2095,296,34,95,18,150,109,208,229,725,cache_la_poudre,10,3
2095,314,32,108,62,576,119,196,208,541,cache_la_poudre,10,3
2097,29,25,212,132,247,203,178,100,124,cache_la_poudre,10,3
2097,223,30,30,9,1064,168,252,205,324,cache_la_poudre,1,3
2097,346,24,175,93,216,166,194,161,607,cache_la_poudre,10,3
2097,347,16,300,170,324,187,212,162,708,cache_la_poudre,10,3
2098,24,36,430,137,485,177,141,77,283,cache_la_poudre,5,3
2098,84,16,30,-22,485,241,211,95,677,cache_la_poudre,1,3
2099,39,30,484,138,552,206,159,69,297,cache_la_poudre,5,3
2099,260,19,127,71,362,171,247,212,594,cache_la_poudre,1,3
2099,340,21,342,-11,402,172,205,170,659,cache_la_poudre,10,3
2100,290,23,212,82,277,151,230,217,469,cache_la_poudre,10,3
2100,355,36,67,28,912,138,151,133,636,cache_la_poudre,10,3
2101,52,31,85,33,162,218,156,49,484,cache_la_poudre,10,3
2101,326,28,60,6,272,141,197,190,589,cache_la_poudre,10,3
2102,70,24,162,74,295,238,187,68,598,cache_la_poudre,1,3
2102,287,26,60,30,693,139,228,224,162,cache_la_poudre,10,3
2103,38,22,134,51,1064,213,185,97,466,cache_la_poudre,1,3
2103,202,18,124,39,458,209,253,173,725,cache_la_poudre,6,3
2103,279,27,0,0,598,136,231,230,618,cache_la_poudre,10,3
2103,315,10,361,108,450,193,232,178,319,cache_la_poudre,5,3
2103,347,11,391,95,499,200,223,161,313,cache_la_poudre,5,3
2104,27,39,108,46,150,175,130,63,793,cache_la_poudre,10,3
2104,136,34,150,91,421,248,204,52,451,cache_la_poudre,6,3
2104,247,29,150,58,170,147,246,227,882,cache_la_poudre,1,3
2104,319,33,134,67,511,119,190,201,480,cache_la_poudre,10,3
2105,127,26,362,148,408,252,213,72,408,cache_la_poudre,1,3
2105,259,37,150,97,242,110,231,244,108,cache_la_poudre,5,3
2105,276,30,60,41,480,126,230,235,309,cache_la_poudre,10,3
2106,12,37,192,89,258,159,142,99,488,cache_la_poudre,10,3
2107,155,41,120,88,470,229,205,63,285,cache_la_poudre,1,3
2107,211,30,218,90,524,181,251,188,408,cache_la_poudre,1,3
2107,251,29,306,109,457,144,245,229,684,cache_la_poudre,5,3
2107,302,21,247,104,306,158,225,206,700,cache_la_poudre,1,3
2108,78,21,446,209,450,242,198,77,992,cache_la_poudre,5,3
2108,303,25,30,6,1318,142,218,212,932,cache_la_poudre,17,3
2108,309,45,295,221,285,66,167,219,67,cache_la_poudre,10,3
2108,343,25,162,96,212,162,194,165,591,cache_la_poudre,10,3
2109,13,24,95,-1,488,190,184,124,633,cache_la_poudre,10,3
2109,78,33,30,-1,402,241,161,24,765,cache_la_poudre,1,3
2110,30,34,408,149,446,187,145,71,295,cache_la_poudre,5,3
2110,61,28,170,0,404,229,171,56,759,cache_la_poudre,1,3
2110,234,8,124,82,313,206,248,179,636,cache_la_poudre,1,3
2110,258,29,212,61,234,139,242,233,853,cache_la_poudre,1,3
2110,312,30,67,46,570,126,202,209,247,cache_la_poudre,10,3
2111,37,32,323,60,384,200,152,66,437,cache_la_poudre,10,3
2111,43,28,192,72,648,212,166,72,750,cache_la_poudre,6,3
2111,348,12,0,0,576,198,221,161,430,cache_la_poudre,14,3
2112,61,33,255,97,570,226,154,35,618,cache_la_poudre,6,3
2112,230,32,60,28,1126,154,249,216,384,cache_la_poudre,1,3
2113,273,34,90,55,1003,114,227,241,306,cache_la_poudre,10,3
2113,296,14,0,0,872,180,235,195,283,cache_la_poudre,4,3
2113,301,22,95,54,966,154,225,209,300,cache_la_poudre,10,3
2113,303,32,42,17,1354,116,205,221,904,cache_la_poudre,17,3
2113,327,23,60,18,351,158,207,185,514,cache_la_poudre,10,3
2114,257,33,212,116,379,127,238,238,511,cache_la_poudre,5,3
2115,8,21,42,12,1353,191,193,135,878,cache_la_poudre,17,3
2115,14,40,85,47,150,153,128,86,778,cache_la_poudre,10,3
2115,20,27,335,100,537,190,172,106,541,cache_la_poudre,6,3
2115,266,28,180,82,350,138,238,232,418,cache_la_poudre,1,3
2115,315,21,255,97,319,161,218,196,426,cache_la_poudre,10,3
2116,5,24,108,61,990,182,186,134,330,cache_la_poudre,10,3
2116,244,31,90,32,1168,142,246,228,426,cache_la_poudre,1,3
2116,252,32,218,118,371,132,241,235,488,cache_la_poudre,5,3
2117,331,30,30,15,1260,135,187,183,983,cache_la_poudre,17,3
2118,14,33,283,67,382,171,153,102,400,cache_la_poudre,10,3
2118,19,20,124,11,518,201,194,124,603,cache_la_poudre,10,3
2118,136,29,376,161,418,250,214,70,379,cache_la_poudre,1,3
2118,328,17,319,113,366,175,217,180,601,cache_la_poudre,10,3
2118,342,32,30,19,902,138,174,164,242,cache_la_poudre,4,3
2120,71,36,277,105,570,233,149,16,604,cache_la_poudre,6,3
2120,335,20,228,116,390,171,209,175,525,cache_la_poudre,10,3
2121,43,30,150,10,424,210,161,67,787,cache_la_poudre,1,3
2121,313,30,85,43,1422,126,201,208,735,cache_la_poudre,10,3
2121,315,18,85,33,379,169,222,192,484,cache_la_poudre,10,3
2121,337,34,277,231,306,125,170,171,124,cache_la_poudre,10,3
2122,68,34,108,75,1050,232,153,25,424,cache_la_poudre,1,3
2122,89,30,541,161,618,248,178,36,324,cache_la_poudre,5,3
2122,312,12,0,0,900,187,231,184,324,cache_la_poudre,4,3
2122,352,19,162,92,395,182,203,156,433,cache_la_poudre,10,3
2124,186,31,228,105,582,207,243,146,300,cache_la_poudre,1,3
2125,48,6,0,0,932,222,227,140,601,cache_la_poudre,14,3
2126,120,33,277,186,301,254,193,38,342,cache_la_poudre,1,3
2126,237,34,240,128,418,142,246,224,553,cache_la_poudre,5,3
2126,260,34,120,42,1233,121,235,240,492,cache_la_poudre,1,3
2126,282,31,95,50,751,122,225,234,216,cache_la_poudre,10,3
2126,283,33,277,225,300,112,220,238,256,cache_la_poudre,10,3
2126,291,18,268,119,323,167,234,206,661,cache_la_poudre,1,3
2126,295,23,108,61,630,148,226,215,240,cache_la_poudre,10,3
2126,359,33,300,161,366,152,160,131,270,cache_la_poudre,10,3
2127,331,39,67,50,180,103,162,181,713,cache_la_poudre,10,3
2128,267,32,192,49,636,124,234,239,532,cache_la_poudre,10,3
2128,351,37,30,19,600,131,153,143,402,cache_la_poudre,10,3
2129,294,34,67,34,765,107,209,232,631,cache_la_poudre,10,3
2129,337,32,170,86,212,133,178,173,767,cache_la_poudre,10,3
2129,340,25,0,0,1082,159,194,169,418,cache_la_poudre,4,3
2129,353,21,309,126,351,179,198,154,573,cache_la_poudre,10,3
2130,38,32,242,121,430,203,154,66,437,cache_la_poudre,6,3
2130,352,33,90,55,666,143,163,145,497,cache_la_poudre,10,3
2131,26,10,218,101,382,215,218,138,365,cache_la_poudre,10,3
2132,97,28,30,21,443,251,187,44,742,cache_la_poudre,1,3
2132,170,21,30,7,426,230,244,136,457,cache_la_poudre,1,3
2132,296,40,85,53,270,84,195,234,607,cache_la_poudre,10,3
2133,298,32,297,224,319,115,210,226,285,cache_la_poudre,10,3
2133,307,46,270,111,295,61,167,222,95,cache_la_poudre,10,3
2135,34,30,127,14,446,200,161,79,816,cache_la_poudre,1,3
2135,163,25,153,71,573,234,237,118,979,cache_la_poudre,2,3
2135,288,13,256,129,335,184,238,194,642,cache_la_poudre,1,3
2135,292,37,90,58,192,93,203,236,671,cache_la_poudre,10,3
2136,254,16,216,72,560,181,249,205,949,cache_la_poudre,5,3
2137,76,32,330,-24,591,239,161,0,598,cache_la_poudre,6,3
2137,303,21,361,133,408,156,224,207,601,cache_la_poudre,10,3
2138,6,19,30,4,973,194,201,141,633,cache_la_poudre,14,3
2138,83,27,437,178,485,245,182,49,421,cache_la_poudre,1,3
2138,314,44,240,116,283,70,164,211,120,cache_la_poudre,10,3
2138,316,18,30,9,1276,170,222,191,618,cache_la_poudre,4,3
2138,329,20,277,17,484,168,212,181,752,cache_la_poudre,10,3
2139,197,31,277,123,541,194,247,166,376,cache_la_poudre,1,3
2139,225,11,170,44,360,206,250,181,865,cache_la_poudre,2,3
2140,21,32,201,88,1126,181,154,92,457,cache_la_poudre,10,3
2140,32,31,108,65,661,195,156,78,474,cache_la_poudre,10,3
2140,185,21,30,12,376,219,249,153,499,cache_la_poudre,1,3
2140,242,27,201,138,300,158,250,221,42,cache_la_poudre,5,3
2140,299,35,124,67,1326,104,203,228,592,cache_la_poudre,10,3
2141,256,32,150,57,1276,128,239,237,534,cache_la_poudre,1,3
2142,1,22,0,0,1092,184,194,143,430,cache_la_poudre,10,3
2142,26,25,30,12,1142,199,177,103,1471,cache_la_poudre,10,3
2142,275,23,242,127,309,151,238,223,470,cache_la_poudre,10,3
2142,313,24,60,22,1159,150,214,201,497,cache_la_poudre,10,3
2143,247,34,256,145,395,132,242,233,488,cache_la_poudre,5,3
2143,342,20,324,-17,484,175,206,167,579,cache_la_poudre,10,3
2145,333,34,108,25,1140,124,175,178,1121,cache_la_poudre,10,3
2145,349,47,60,36,684,93,118,133,541,cache_la_poudre,10,3
2146,37,28,457,189,495,207,167,80,350,cache_la_poudre,5,3
2146,93,22,42,25,458,248,200,70,750,cache_la_poudre,1,3
2147,63,36,297,120,661,225,143,0,711,cache_la_poudre,6,3
2147,332,16,240,83,474,182,218,175,485,cache_la_poudre,10,3
2148,13,36,67,24,932,161,143,98,713,cache_la_poudre,10,3
2148,51,35,268,90,735,212,142,35,824,cache_la_poudre,6,3
2148,337,38,42,25,390,114,161,170,560,cache_la_poudre,10,3
2149,28,27,30,14,1358,199,172,97,1366,cache_la_poudre,10,3
2149,219,30,190,130,390,172,251,200,212,cache_la_poudre,1,3
2149,289,31,319,248,342,119,219,232,277,cache_la_poudre,10,3
2150,36,30,216,81,272,203,160,75,708,cache_la_poudre,10,3
2150,36,30,42,20,1158,202,160,75,1465,cache_la_poudre,10,3
2150,300,39,85,67,240,88,193,230,646,cache_la_poudre,10,3
2151,322,29,150,78,1466,135,197,196,759,cache_la_poudre,10,3
2151,351,20,30,5,1436,181,203,157,782,cache_la_poudre,4,3
2153,24,32,339,85,362,185,154,88,743,cache_la_poudre,10,3
2153,88,23,553,151,655,247,195,64,366,cache_la_poudre,5,3
2153,167,25,67,17,240,231,240,125,518,cache_la_poudre,1,3
2153,344,19,300,89,497,178,206,165,541,cache_la_poudre,10,3
2154,32,33,90,37,1142,193,150,71,1138,cache_la_poudre,10,3
2154,345,18,42,9,949,181,208,164,797,cache_la_poudre,10,3
2155,62,17,108,21,1329,232,202,95,351,cache_la_poudre,3,3
2155,303,8,0,0,953,197,236,179,819,cache_la_poudre,14,3
2155,309,29,170,82,660,130,207,211,301,cache_la_poudre,10,3
2156,297,25,153,92,543,143,223,216,371,cache_la_poudre,10,3
2157,78,16,560,155,664,239,208,94,362,cache_la_poudre,5,3
2157,166,28,153,76,514,230,235,116,540,cache_la_poudre,6,3
2158,28,39,95,55,957,175,128,61,684,cache_la_poudre,10,3
2159,70,10,0,0,376,231,221,123,474,cache_la_poudre,2,3
2159,289,36,134,64,330,99,209,237,552,cache_la_poudre,10,3
2160,28,35,309,211,339,184,144,74,242,cache_la_poudre,10,3
2161,18,18,162,103,1126,204,201,129,402,cache_la_poudre,1,3
2161,113,32,458,142,524,254,188,34,390,cache_la_poudre,1,3
2161,192,30,313,145,514,203,247,158,390,cache_la_poudre,1,3
2161,313,30,283,149,339,128,203,208,474,cache_la_poudre,10,3
2162,86,18,30,8,150,244,207,86,646,cache_la_poudre,1,3
2163,286,27,350,110,408,136,228,226,400,cache_la_poudre,10,3
2164,38,32,67,34,1132,202,153,66,1495,cache_la_poudre,10,3
2165,331,36,134,43,1110,115,172,183,1150,cache_la_poudre,10,3
2166,253,35,180,82,1273,122,238,239,531,cache_la_poudre,1,3
2166,281,33,324,280,350,112,221,238,242,cache_la_poudre,10,3
2166,341,29,323,157,366,148,184,167,488,cache_la_poudre,10,3
2167,54,12,201,94,350,227,213,117,607,cache_la_poudre,10,3
2167,105,23,60,18,182,251,205,69,541,cache_la_poudre,1,3
2167,325,19,60,8,983,169,216,185,849,cache_la_poudre,10,3
2167,350,25,90,37,937,165,188,155,591,cache_la_poudre,10,3
2168,161,35,272,149,514,229,223,93,216,cache_la_poudre,1,3
2169,328,41,42,37,268,91,157,185,524,cache_la_poudre,10,3
2170,266,33,182,93,277,118,232,241,691,cache_la_poudre,1,3
2171,43,27,30,19,1020,214,171,76,430,cache_la_poudre,10,3
2171,354,28,350,166,391,161,178,147,484,cache_la_poudre,10,3
2171,356,20,0,0,1130,184,201,151,480,cache_la_poudre,10,3
2172,146,28,42,21,1466,245,222,85,240,cache_la_poudre,3,3
2172,164,22,182,91,518,234,240,125,541,cache_la_poudre,6,3
2172,334,17,212,108,553,178,215,175,430,cache_la_poudre,10,3
2172,346,10,67,30,1158,200,223,162,495,cache_la_poudre,10,3
2173,84,13,0,0,124,238,218,108,655,cache_la_poudre,10,3
2174,199,32,309,155,577,192,247,169,323,cache_la_poudre,1,3
2174,322,30,309,167,361,132,195,196,466,cache_la_poudre,10,3
2174,334,31,85,31,1022,135,183,178,742,cache_la_poudre,10,3
2175,335,25,268,14,551,155,197,177,589,cache_la_poudre,10,3
2176,307,26,424,165,485,141,215,210,514,cache_la_poudre,10,3
2177,1,23,95,38,1026,182,191,142,664,cache_la_poudre,10,3
2177,140,7,210,96,582,231,238,140,603,cache_la_poudre,6,3
2177,278,32,324,162,391,118,225,238,390,cache_la_poudre,10,3
2177,321,36,42,26,1256,106,179,199,1471,cache_la_poudre,10,3
2178,97,20,228,83,433,248,208,80,685,cache_la_poudre,10,3
2178,235,10,67,1,255,204,249,182,446,cache_la_poudre,2,3
2178,238,24,525,134,566,168,252,214,953,cache_la_poudre,1,3
2178,284,33,210,94,1350,113,220,237,618,cache_la_poudre,10,3
2179,99,39,424,-110,485,250,158,0,484,cache_la_poudre,1,3
2179,285,24,30,12,1048,147,232,221,566,cache_la_poudre,14,3
2180,67,14,242,85,408,233,211,106,658,cache_la_poudre,10,3
2180,92,32,295,8,636,250,174,28,648,cache_la_poudre,6,3
2180,115,27,67,31,153,254,202,56,540,cache_la_poudre,1,3
2180,252,40,67,50,644,106,231,243,684,cache_la_poudre,10,3
2180,275,30,124,40,870,126,230,236,384,cache_la_poudre,1,3
2180,336,25,242,19,566,155,196,175,618,cache_la_poudre,10,3
2180,353,40,511,23,618,124,141,133,859,cache_la_poudre,10,3
2181,84,37,408,-108,510,242,152,0,499,cache_la_poudre,1,3
2181,300,36,124,85,1310,98,198,228,972,cache_la_poudre,10,3
2181,335,25,85,30,1442,156,198,176,819,cache_la_poudre,10,3
2182,321,29,212,105,663,134,198,197,361,cache_la_poudre,10,3
2182,336,37,134,73,730,115,163,171,458,cache_la_poudre,10,3
2183,12,28,218,132,426,181,172,117,306,cache_la_poudre,10,3
2183,66,29,85,43,534,233,168,47,752,cache_la_poudre,1,3
2184,40,36,342,219,382,198,138,48,256,cache_la_poudre,10,3
2184,287,34,182,105,1440,109,216,236,711,cache_la_poudre,10,3
2184,322,20,85,29,1034,166,216,188,799,cache_la_poudre,10,3
2184,341,41,60,35,295,106,147,158,497,cache_la_poudre,10,3
2185,53,24,170,21,459,225,181,76,926,cache_la_poudre,10,3
2185,236,24,30,16,1205,171,252,211,836,cache_la_poudre,10,3
2185,358,38,330,168,426,137,145,125,319,cache_la_poudre,10,3
2186,166,30,95,14,752,230,234,113,780,cache_la_poudre,6,3
2186,331,30,42,26,713,135,187,183,1614,cache_la_poudre,10,3
2187,72,20,216,45,1410,238,196,80,277,cache_la_poudre,3,3
2187,72,37,319,148,722,232,142,8,778,cache_la_poudre,6,3
2187,150,30,150,25,696,242,222,86,721,cache_la_poudre,6,3
2187,261,37,67,45,774,108,230,245,624,cache_la_poudre,10,3
2187,305,32,283,134,467,118,205,218,495,cache_la_poudre,10,3
2187,332,24,256,26,577,156,202,180,582,cache_la_poudre,10,3
2187,342,38,108,77,421,116,155,160,495,cache_la_poudre,10,3
2187,344,21,170,26,573,173,202,164,706,cache_la_poudre,10,3
2188,90,23,218,93,525,248,196,64,780,cache_la_poudre,1,3
2188,317,28,42,20,1072,136,203,201,674,cache_la_poudre,10,3
2188,356,32,180,116,67,152,166,139,457,cache_la_poudre,10,3
2189,121,26,85,35,840,253,208,64,888,cache_la_poudre,5,3
2189,181,22,60,14,313,221,248,148,424,cache_la_poudre,1,3
2190,56,32,234,50,666,221,154,41,454,cache_la_poudre,10,3
2191,11,33,90,38,1343,166,155,109,1101,cache_la_poudre,10,3
2191,36,25,192,52,636,209,177,91,1637,cache_la_poudre,10,3
2191,118,23,150,12,228,252,211,74,417,cache_la_poudre,1,3
2191,279,32,190,106,1465,116,224,238,738,cache_la_poudre,10,3
2191,346,26,350,155,470,161,190,161,323,cache_la_poudre,10,3
2192,339,30,67,43,702,142,181,169,1635,cache_la_poudre,10,3
2192,347,29,150,87,541,152,180,157,330,cache_la_poudre,10,3
2195,281,28,350,188,417,134,229,230,379,cache_la_poudre,10,3
2195,306,30,90,37,1295,124,207,216,636,cache_la_poudre,10,3
2196,7,24,150,64,967,183,184,130,1585,cache_la_poudre,10,3
2196,68,17,228,54,1438,235,204,95,255,cache_la_poudre,3,3
2196,337,28,153,84,768,149,190,174,384,cache_la_poudre,10,3
2197,124,9,134,9,134,235,234,130,324,cache_la_poudre,2,3
2197,321,27,90,44,1073,141,202,196,732,cache_la_poudre,10,3
2197,351,33,0,0,752,145,167,148,594,cache_la_poudre,10,3
2198,275,38,255,77,576,93,216,247,446,cache_la_poudre,10,3
2199,324,31,190,89,1050,130,192,194,1208,cache_la_poudre,10,3
2199,342,36,108,52,1045,124,163,162,735,cache_la_poudre,10,3
2200,29,34,95,57,1182,187,147,75,1481,cache_la_poudre,10,3
2200,79,16,247,105,541,240,209,95,792,cache_la_poudre,1,3
2200,297,25,212,78,751,144,223,216,351,cache_la_poudre,10,3
2200,321,20,60,20,1224,164,216,190,571,cache_la_poudre,10,3
2201,29,27,242,150,469,199,170,93,285,cache_la_poudre,10,3
2202,18,33,400,151,534,175,153,96,408,cache_la_poudre,10,3
2202,26,36,95,58,1291,179,138,71,1383,cache_la_poudre,10,3
2203,162,31,124,31,755,232,230,104,781,cache_la_poudre,6,3
2203,278,38,67,29,787,93,215,246,638,cache_la_poudre,10,3
2205,20,31,90,49,1315,181,157,96,1044,cache_la_poudre,10,3
2205,27,26,0,0,480,198,173,98,532,cache_la_poudre,10,3
2206,139,33,67,26,1638,248,208,59,67,cache_la_poudre,3,3
2206,331,35,255,119,450,118,173,182,458,cache_la_poudre,10,3
2206,332,14,300,134,0,188,222,173,350,cache_la_poudre,2,3
2207,106,37,309,22,674,252,170,10,684,cache_la_poudre,6,3
2207,108,15,242,58,85,245,221,101,400,cache_la_poudre,2,3
2207,314,30,0,0,400,129,202,206,376,cache_la_poudre,10,3
2207,338,22,124,45,1332,168,204,172,957,cache_la_poudre,10,3
2208,15,33,283,154,722,171,152,100,391,cache_la_poudre,10,3
2208,351,10,30,-15,1482,203,224,159,957,cache_la_poudre,10,3
2208,351,26,376,253,417,164,185,152,268,cache_la_poudre,10,3
2210,84,25,150,61,95,246,189,57,484,cache_la_poudre,1,3
2210,275,27,402,150,433,137,234,231,301,cache_la_poudre,10,3
2210,355,24,162,49,636,174,191,149,666,cache_la_poudre,10,3
2211,293,39,60,37,807,86,199,237,658,cache_la_poudre,10,3
2211,325,26,277,140,700,145,201,190,424,cache_la_poudre,10,3
2212,28,36,108,68,1307,181,138,69,1354,cache_la_poudre,10,3
2212,65,27,216,132,201,233,175,57,469,cache_la_poudre,2,3
2212,87,10,218,15,108,236,223,118,285,cache_la_poudre,2,3
2212,296,12,240,140,42,185,236,191,450,cache_la_poudre,2,3
2212,329,26,297,169,339,150,200,185,787,cache_la_poudre,10,3
2212,358,23,90,22,984,179,192,145,323,cache_la_poudre,10,3
2213,6,28,0,0,780,173,173,127,573,cache_la_poudre,10,3
2214,49,9,212,26,170,224,221,131,351,cache_la_poudre,2,3
2214,54,20,309,72,525,227,194,92,376,cache_la_poudre,6,3
2214,345,37,120,61,1383,123,156,154,1167,cache_la_poudre,10,3
2215,285,19,30,8,404,162,236,212,1284,cache_la_poudre,10,3
2215,330,30,150,65,1101,135,189,185,768,cache_la_poudre,10,3
2215,343,30,108,66,664,147,181,164,1634,cache_la_poudre,10,3
2216,283,18,0,0,726,168,238,209,1602,cache_la_poudre,4,3
2216,297,22,42,0,1433,152,227,212,1008,cache_la_poudre,10,3
2217,313,21,30,16,1236,159,219,198,607,cache_la_poudre,10,3
2218,30,34,124,75,1158,188,145,70,1511,cache_la_poudre,10,3
2218,265,27,277,80,690,143,240,230,1554,cache_la_poudre,1,3
2218,268,25,339,170,382,149,240,226,828,cache_la_poudre,10,3
2218,296,27,240,145,1425,133,220,221,716,cache_la_poudre,10,3
2219,41,23,228,68,1505,216,183,91,192,cache_la_poudre,3,3
2219,305,24,242,174,430,146,219,209,212,cache_la_poudre,10,3
2219,334,14,270,135,1209,187,221,172,558,cache_la_poudre,6,3
2220,322,29,180,108,774,136,197,195,342,cache_la_poudre,10,3
2220,325,26,300,156,706,146,201,189,454,cache_la_poudre,10,3
2221,79,33,242,159,180,241,160,22,268,cache_la_poudre,1,3
2221,141,33,201,49,706,247,209,62,726,cache_la_poudre,6,3
2222,54,32,350,24,720,220,155,46,731,cache_la_poudre,6,3
2222,305,24,258,100,755,148,220,209,408,cache_la_poudre,10,3
2222,332,33,60,15,1498,125,178,181,955,cache_la_poudre,10,3
2222,358,46,481,65,642,110,114,111,847,cache_la_poudre,10,3
2223,4,32,0,0,510,161,160,123,541,cache_la_poudre,10,3
2223,5,26,67,25,872,177,179,131,330,cache_la_poudre,10,3
2223,96,10,268,87,85,236,226,121,301,cache_la_poudre,2,3
2223,296,27,95,57,1120,133,220,221,642,cache_la_poudre,10,3
2223,331,25,240,62,658,154,201,181,571,cache_la_poudre,10,3
2224,3,42,488,67,607,129,126,107,792,cache_la_poudre,10,3
2224,10,11,339,165,509,209,219,147,331,cache_la_poudre,2,3
2225,216,26,30,11,1065,185,254,193,618,cache_la_poudre,1,3
2225,303,34,124,135,295,107,200,222,566,cache_la_poudre,10,3
2226,335,25,30,18,390,155,197,177,1224,cache_la_poudre,10,3
2226,347,26,30,8,402,162,189,159,1134,cache_la_poudre,16,3
2227,300,25,60,28,808,142,221,215,1518,cache_la_poudre,10,3
2227,320,27,42,16,841,142,204,197,277,cache_la_poudre,10,3
2228,276,36,192,110,576,101,219,244,607,cache_la_poudre,10,3
2228,345,11,0,0,497,198,222,163,1832,cache_la_poudre,4,3
2228,346,32,212,120,589,143,172,156,272,cache_la_poudre,10,3
2229,50,36,175,97,1032,210,139,34,1571,cache_la_poudre,10,3
2229,282,16,301,157,67,175,240,204,446,cache_la_poudre,2,3
2230,346,30,30,15,390,148,178,159,1158,cache_la_poudre,10,3
2231,343,21,30,-2,408,173,204,166,1068,cache_la_poudre,10,3
2232,78,30,323,34,713,242,170,36,721,cache_la_poudre,6,3
2232,246,8,309,165,534,205,246,179,247,cache_la_poudre,2,3
2232,294,27,384,129,531,133,221,222,451,cache_la_poudre,10,3
2232,333,19,30,12,870,173,212,176,313,cache_la_poudre,10,3
2232,346,35,90,35,1544,132,162,154,942,cache_la_poudre,10,3
2232,349,23,134,-33,819,171,195,158,384,cache_la_poudre,10,3
2233,40,36,404,268,446,198,139,50,309,cache_la_poudre,10,3
2233,212,29,90,46,997,182,252,190,553,cache_la_poudre,1,3
2233,229,35,541,-96,595,146,246,216,890,cache_la_poudre,1,3
2234,326,23,212,62,1176,156,207,187,1116,cache_la_poudre,10,3
2235,317,32,192,79,1132,120,194,205,780,cache_la_poudre,10,3
2236,105,17,30,9,806,247,216,91,400,cache_la_poudre,14,3
2236,345,30,30,20,376,146,177,159,1182,cache_la_poudre,10,3
2237,21,25,0,0,1299,195,178,109,663,cache_la_poudre,10,3
2237,319,25,127,74,618,147,208,197,1570,cache_la_poudre,10,3
2238,298,21,234,54,1050,157,228,209,1266,cache_la_poudre,10,3
2239,47,39,192,82,924,202,129,0,1523,cache_la_poudre,10,3
2239,81,28,268,177,150,244,179,46,295,cache_la_poudre,2,3
2240,15,20,60,15,541,198,195,129,1818,cache_la_poudre,10,3
2240,34,24,210,85,1544,209,180,96,150,cache_la_poudre,10,3
2240,316,32,134,133,323,121,195,205,541,cache_la_poudre,10,3
2240,348,19,297,110,582,180,205,161,540,cache_la_poudre,10,3
2241,331,36,190,116,914,114,170,181,446,cache_la_poudre,10,3
2241,337,19,300,157,1224,174,210,173,618,cache_la_poudre,6,3
2242,12,40,124,81,711,149,127,89,566,cache_la_poudre,10,3
2242,317,23,210,130,782,154,214,197,300,cache_la_poudre,10,3
2242,357,35,450,85,684,146,157,133,864,cache_la_poudre,10,3
2243,20,37,150,95,1298,169,138,82,1332,cache_la_poudre,10,3
2243,325,29,124,42,1170,136,195,192,569,cache_la_poudre,10,3
2244,22,24,295,108,1279,198,182,111,700,cache_la_poudre,10,3
2244,305,17,268,91,1153,171,229,197,691,cache_la_poudre,6,3
2244,308,27,335,203,404,135,211,210,764,cache_la_poudre,10,3
2245,10,32,509,162,560,169,159,112,618,cache_la_poudre,10,3
2245,302,23,446,106,450,150,222,210,1747,cache_la_poudre,10,3
2246,298,18,323,155,510,167,231,203,323,cache_la_poudre,10,3
2246,321,26,323,85,750,145,205,195,518,cache_la_poudre,10,3
2247,25,14,228,73,618,212,208,130,469,cache_la_poudre,6,3
2247,98,27,42,19,1567,252,191,49,285,cache_la_poudre,3,3
2247,296,24,134,70,511,144,224,216,1380,cache_la_poudre,10,3
2247,335,16,418,40,390,181,216,173,1664,cache_la_poudre,10,3
2248,270,27,134,74,722,139,237,231,573,cache_la_poudre,6,3
2248,303,31,95,37,1342,120,208,220,691,cache_la_poudre,10,3
2248,333,31,120,12,1376,133,183,180,864,cache_la_poudre,10,3
2248,343,26,180,61,1134,157,190,165,319,cache_la_poudre,10,3
2249,49,20,390,42,390,224,194,96,1639,cache_la_poudre,10,3
2249,342,41,150,105,1188,106,144,156,1471,cache_la_poudre,10,3
2250,270,26,150,76,703,143,238,229,553,cache_la_poudre,6,3
2250,321,15,42,8,875,181,224,183,430,cache_la_poudre,10,3
2251,8,22,0,0,1528,189,191,134,994,cache_la_poudre,10,3
2251,52,35,134,90,708,214,144,36,666,cache_la_poudre,10,3
2251,112,24,30,13,1020,252,207,68,966,cache_la_poudre,6,3
2251,295,21,30,6,366,155,229,212,824,cache_la_poudre,16,3
2252,268,16,342,157,480,176,244,206,509,cache_la_poudre,10,3
2252,313,28,85,41,882,135,207,206,234,cache_la_poudre,10,3
2252,331,14,242,163,503,185,221,175,365,cache_la_poudre,2,3
2252,345,19,297,173,420,179,206,163,553,cache_la_poudre,10,3
2252,359,19,242,43,616,187,201,148,467,cache_la_poudre,6,3
2253,275,27,395,213,446,139,235,229,807,cache_la_poudre,10,3
2253,327,29,42,20,1401,137,194,189,849,cache_la_poudre,10,3
2253,358,36,108,56,1170,143,152,130,604,cache_la_poudre,10,3
2254,275,25,361,124,595,145,236,226,514,cache_la_poudre,10,3
2254,359,9,30,0,384,206,223,155,446,cache_la_poudre,10,3
2255,4,42,120,58,1557,130,124,104,949,cache_la_poudre,10,3
2255,15,23,42,12,658,193,185,122,582,cache_la_poudre,10,3
2255,307,17,0,0,480,171,227,196,1691,cache_la_poudre,4,3
2255,341,28,150,65,942,151,186,167,1398,cache_la_poudre,10,3
2255,350,41,180,111,1199,116,138,137,1423,cache_la_poudre,10,3
2256,13,24,30,12,1201,190,184,124,511,cache_la_poudre,10,3
2256,338,11,30,1,811,196,225,167,503,cache_la_poudre,10,3
2257,48,29,382,174,454,216,163,62,595,cache_la_poudre,10,3
2258,30,19,30,7,511,211,196,116,576,cache_la_poudre,10,3
2258,41,14,90,18,1476,221,208,119,920,cache_la_poudre,1,3
2259,227,34,492,-70,552,152,247,213,841,cache_la_poudre,1,3
2259,347,33,201,147,685,139,168,154,228,cache_la_poudre,10,3
2260,24,28,297,100,488,192,168,99,1621,cache_la_poudre,10,3
2260,180,17,30,8,361,224,248,151,433,cache_la_poudre,10,3
2260,307,18,309,135,551,167,226,198,362,cache_la_poudre,6,3
2260,330,15,42,9,812,182,220,177,474,cache_la_poudre,10,3
2261,16,15,277,109,649,206,208,137,601,cache_la_poudre,6,3
2261,319,28,108,51,892,137,201,198,228,cache_la_poudre,10,3
2263,2,17,60,5,404,194,206,146,467,cache_la_poudre,10,3
2263,37,36,30,24,1465,195,140,55,983,cache_la_poudre,10,3
2263,285,35,175,97,1198,105,215,238,636,cache_la_poudre,10,3
2263,340,21,228,54,636,172,205,170,488,cache_la_poudre,6,3
2264,23,23,30,7,1548,200,185,113,1057,cache_la_poudre,10,3
2264,25,37,330,-25,642,175,135,71,426,cache_la_poudre,10,3
2264,309,22,330,191,1477,154,219,203,953,cache_la_poudre,10,3
2264,320,36,124,52,1374,108,182,201,1057,cache_la_poudre,10,3
2264,333,20,391,175,540,169,209,178,469,cache_la_poudre,10,3
2265,323,32,60,36,886,124,189,195,566,cache_la_poudre,10,3
2266,0,25,162,100,1045,175,185,140,738,cache_la_poudre,6,3
2267,10,27,150,70,1620,179,174,121,886,cache_la_poudre,10,3
2267,118,28,42,20,807,254,202,55,511,cache_la_poudre,4,3
2267,270,25,382,115,616,147,239,227,518,cache_la_poudre,6,3
2268,78,22,268,88,1471,242,195,73,153,cache_la_poudre,3,3
2269,277,30,365,131,691,125,229,235,1541,cache_la_poudre,10,3
2269,279,25,492,131,454,144,234,226,1776,cache_la_poudre,10,3
2269,307,27,150,72,886,136,212,211,1465,cache_la_poudre,10,3
2269,309,21,301,159,960,157,221,202,1277,cache_la_poudre,10,3
2269,319,18,402,188,1262,170,220,189,1177,cache_la_poudre,10,3
2270,218,23,95,39,1061,189,254,193,513,cache_la_poudre,1,3
2271,28,23,60,35,1366,203,182,105,874,cache_la_poudre,10,3
2271,273,29,379,133,631,132,233,234,1600,cache_la_poudre,10,3
2271,310,20,95,24,819,162,222,198,418,cache_la_poudre,10,3
2272,102,15,30,6,1224,244,219,100,659,cache_la_poudre,3,3
2272,343,28,240,82,1126,154,186,164,234,cache_la_poudre,10,3
2273,9,19,90,11,424,195,199,137,488,cache_la_poudre,10,3
2275,49,31,170,114,757,216,156,53,618,cache_la_poudre,1,3
2275,123,32,60,18,1050,254,199,47,924,cache_la_poudre,6,3
2276,59,34,201,119,918,222,148,32,1482,cache_la_poudre,10,3
2276,300,30,335,207,1396,125,213,221,816,cache_la_poudre,10,3
2276,345,31,319,174,1182,145,176,160,1172,cache_la_poudre,10,3
2276,355,17,124,53,600,190,207,153,573,cache_la_poudre,2,3
2277,20,23,323,119,1380,197,185,117,819,cache_la_poudre,10,3
2277,130,29,42,20,1080,252,210,65,932,cache_la_poudre,6,3
2278,305,39,170,91,1199,87,187,224,450,cache_la_poudre,10,3
2278,317,10,60,16,630,193,231,178,592,cache_la_poudre,10,3
2278,332,39,134,71,1415,106,162,179,1012,cache_la_poudre,10,3
2278,334,13,350,136,900,190,222,171,1072,cache_la_poudre,10,3
2279,22,31,60,22,1531,185,159,95,1040,cache_la_poudre,10,3
2279,246,32,446,137,828,138,244,231,949,cache_la_poudre,1,3
2279,345,37,134,47,1381,123,155,154,1031,cache_la_poudre,10,3
2280,32,28,30,22,1388,201,167,87,752,cache_la_poudre,10,3
2280,52,8,362,57,789,225,222,131,458,cache_la_poudre,2,3
2280,63,24,216,100,1528,233,183,70,95,cache_la_poudre,10,3
2280,64,9,323,57,755,229,221,125,470,cache_la_poudre,2,3
2280,269,22,42,10,1072,159,242,219,313,cache_la_poudre,1,3
2280,291,40,127,64,1358,82,199,240,1091,cache_la_poudre,10,3
2280,302,17,0,0,1129,171,230,199,301,cache_la_poudre,1,3
2280,352,40,182,136,1146,122,141,135,1454,cache_la_poudre,10,3
2280,353,12,335,70,834,199,218,157,742,cache_la_poudre,6,3
2281,49,31,30,8,1537,216,156,53,666,cache_la_poudre,3,3
2282,297,26,228,83,1224,139,222,218,376,cache_la_poudre,10,3
2282,351,31,242,170,702,149,170,148,190,cache_la_poudre,10,3
2283,0,33,458,126,626,154,160,129,618,cache_la_poudre,10,3
2283,69,6,242,60,691,226,228,136,503,cache_la_poudre,2,3
2283,238,8,150,21,234,207,247,178,323,cache_la_poudre,10,3
2283,265,24,382,107,658,152,242,225,553,cache_la_poudre,6,3
2284,7,23,0,0,1304,186,189,134,947,cache_la_poudre,10,3
2284,15,23,95,41,703,193,185,122,573,cache_la_poudre,10,3
2284,70,6,216,56,690,226,229,137,532,cache_la_poudre,2,3
2284,90,21,124,70,1410,246,203,76,674,cache_la_poudre,2,3
2284,94,24,192,104,1556,249,197,63,67,cache_la_poudre,3,3
2285,53,33,67,38,1471,218,150,41,1112,cache_la_poudre,10,3
2285,155,17,446,10,964,238,239,126,594,cache_la_poudre,2,3
2285,188,21,90,31,1025,216,250,157,362,cache_la_poudre,1,3
2285,329,33,60,37,1342,123,181,186,908,cache_la_poudre,10,3
2286,6,33,391,129,716,159,155,117,816,cache_la_poudre,10,3
2286,305,28,150,-11,497,133,213,214,492,cache_la_poudre,10,3
2286,331,24,443,199,600,157,203,181,433,cache_la_poudre,6,3
2286,338,22,0,0,1413,168,204,172,789,cache_la_poudre,10,3
2286,352,5,134,69,1350,211,231,158,592,cache_la_poudre,2,3
2287,16,38,331,-2,661,160,135,87,408,cache_la_poudre,10,3
2287,32,29,42,22,420,200,163,83,618,cache_la_poudre,10,3
2287,36,25,190,-3,930,209,176,90,234,cache_la_poudre,10,3
2287,79,14,30,6,201,237,215,106,420,cache_la_poudre,11,3
2287,108,15,108,25,162,245,221,101,256,cache_la_poudre,11,3
2287,338,27,108,53,319,152,191,172,1040,cache_la_poudre,10,3
2287,341,27,270,97,1146,152,188,167,216,cache_la_poudre,10,3
2288,324,20,0,0,633,167,215,187,659,cache_la_poudre,10,3
2289,30,39,67,45,1476,178,129,58,1132,cache_la_poudre,10,3
2289,104,14,180,27,170,243,221,105,256,cache_la_poudre,11,3
2289,175,23,242,68,309,226,245,139,666,cache_la_poudre,3,3
2289,335,22,120,45,1265,164,204,176,454,cache_la_poudre,10,3
2290,51,24,295,164,890,224,182,80,313,cache_la_poudre,10,3
2290,131,30,67,33,1080,252,208,60,907,cache_la_poudre,6,3
2290,285,25,351,212,1422,142,230,224,865,cache_la_poudre,10,3
2290,321,36,216,132,1221,108,180,199,700,cache_la_poudre,10,3
2291,44,35,268,159,979,204,142,47,1477,cache_la_poudre,10,3
2291,68,12,30,14,1129,232,216,114,752,cache_la_poudre,5,3
2291,128,23,67,28,1082,251,218,82,927,cache_la_poudre,6,3
2291,267,22,85,21,1034,158,243,220,295,cache_la_poudre,1,3
2292,207,15,120,30,300,208,253,176,390,cache_la_poudre,10,3
2292,334,26,85,16,1215,153,196,177,391,cache_la_poudre,10,3
2292,339,22,108,37,726,166,202,171,484,cache_la_poudre,10,3
2293,22,17,30,9,953,207,201,126,741,cache_la_poudre,10,3
2294,0,36,120,68,1018,146,150,124,845,cache_la_poudre,10,3
2294,122,33,162,78,1679,254,194,40,212,cache_la_poudre,3,3
2295,294,33,120,60,1290,110,211,231,693,cache_la_poudre,10,3
2295,313,10,268,69,1209,194,233,179,830,cache_la_poudre,6,3
2295,328,34,90,59,1337,121,181,188,904,cache_la_poudre,10,3
2295,339,23,313,32,876,165,201,171,779,cache_la_poudre,6,3
2296,4,21,108,7,967,188,195,140,283,cache_la_poudre,10,3
2296,15,32,309,26,849,174,157,104,285,cache_la_poudre,10,3
2296,29,29,258,152,1041,197,164,88,1476,cache_la_poudre,10,3
2296,107,19,362,162,983,249,213,85,330,cache_la_poudre,6,3
2296,123,25,95,41,768,252,212,71,607,cache_la_poudre,4,3
2296,325,22,67,17,319,162,211,186,466,cache_la_poudre,10,3
2296,328,26,170,90,957,147,199,186,162,cache_la_poudre,10,3
2297,102,33,127,57,1584,253,178,25,300,cache_la_poudre,3,3
2297,110,22,190,30,256,251,211,77,949,cache_la_poudre,3,3
2297,250,23,67,27,570,163,249,219,1760,cache_la_poudre,4,3
2297,317,22,175,59,700,156,214,195,558,cache_la_poudre,6,3
2297,332,14,277,73,981,187,222,174,218,cache_la_poudre,10,3
2297,344,18,67,13,553,182,210,165,793,cache_la_poudre,10,3
2298,9,11,192,33,750,208,219,147,607,cache_la_poudre,2,3
2298,23,20,323,140,1443,204,194,120,886,cache_la_poudre,10,3
2298,70,22,30,17,1321,238,192,75,845,cache_la_poudre,3,3
2298,90,25,212,118,1546,248,190,55,85,cache_la_poudre,10,3
2298,319,18,67,25,450,170,220,189,1544,cache_la_poudre,5,3
2299,15,17,426,116,1392,202,201,133,1008,cache_la_poudre,10,3
2299,263,15,180,37,255,181,246,203,371,cache_la_poudre,10,3
2299,307,26,342,-13,531,141,215,210,691,cache_la_poudre,10,3
2299,314,33,192,124,1235,115,194,209,516,cache_la_poudre,10,3
2299,332,34,175,78,671,122,176,181,1781,cache_la_poudre,10,3
2300,325,10,258,40,1194,196,230,173,872,cache_la_poudre,6,3
2300,336,43,210,156,1158,91,143,168,1405,cache_la_poudre,10,3
2301,58,11,391,77,1050,228,218,122,365,cache_la_poudre,6,3
2301,122,16,300,39,85,246,226,103,242,cache_la_poudre,11,3
2301,263,15,330,39,162,183,246,202,365,cache_la_poudre,10,3
2302,193,13,150,40,297,218,250,163,408,cache_la_poudre,4,3
2302,280,15,228,76,1167,178,241,202,834,cache_la_poudre,6,3
2302,291,22,120,64,785,154,231,215,649,cache_la_poudre,10,3
2302,337,15,30,4,150,186,218,171,300,cache_la_poudre,10,3
2302,350,25,42,12,1195,165,188,155,331,cache_la_poudre,10,3
2303,293,35,120,17,1320,103,208,234,721,cache_la_poudre,10,3
2303,354,25,450,207,1183,170,188,149,1262,cache_la_poudre,10,3
2304,20,19,350,141,1423,203,195,124,939,cache_la_poudre,10,3
2304,79,12,90,23,150,236,218,112,424,cache_la_poudre,11,3
2304,264,15,212,51,391,181,246,204,547,cache_la_poudre,10,3
2304,331,11,242,80,959,195,227,171,162,cache_la_poudre,6,3
2304,332,30,285,117,1260,138,187,181,351,cache_la_poudre,10,3
2304,358,29,201,147,1242,163,174,139,1328,cache_la_poudre,10,3
2305,3,29,342,112,902,168,171,129,1382,cache_la_poudre,10,3
2305,66,12,42,16,1006,232,215,114,323,cache_la_poudre,6,3
2305,130,29,85,43,1339,252,210,65,558,cache_la_poudre,3,3
2306,13,17,488,87,633,202,204,136,497,cache_la_poudre,6,3
2306,307,14,0,0,467,180,231,191,1606,cache_la_poudre,4,3
2307,22,27,255,104,1040,191,170,103,124,cache_la_poudre,10,3
2307,138,18,192,45,85,244,231,108,162,cache_la_poudre,11,3
2307,148,14,108,50,1041,238,238,126,875,cache_la_poudre,6,3
2307,214,25,150,72,993,188,254,190,443,cache_la_poudre,1,3
2307,239,25,85,31,592,166,251,215,1775,cache_la_poudre,4,3
2307,355,15,30,7,553,195,213,154,757,cache_la_poudre,10,3
2308,131,10,30,6,1112,237,235,128,180,cache_la_poudre,6,3
2308,132,12,108,45,1040,239,234,122,886,cache_la_poudre,6,3
2308,172,12,180,46,297,228,245,148,430,cache_la_poudre,4,3
2308,255,31,470,170,547,135,242,234,1684,cache_la_poudre,10,3
2308,264,17,270,46,216,176,246,207,390,cache_la_poudre,10,3
2308,337,25,474,215,1199,156,196,174,1237,cache_la_poudre,10,3
2309,300,25,212,99,876,144,221,214,782,cache_la_poudre,6,3
2310,2,20,404,127,1368,189,199,144,1020,cache_la_poudre,6,3
2310,15,17,85,18,752,202,201,133,616,cache_la_poudre,10,3
2310,108,15,134,29,95,244,222,103,371,cache_la_poudre,11,3
2310,266,17,330,48,190,176,245,207,395,cache_la_poudre,10,3
2310,282,28,400,234,1422,132,228,230,1060,cache_la_poudre,10,3
2311,33,26,297,9,900,205,173,90,210,cache_la_poudre,10,3
2311,143,21,90,15,85,245,230,103,426,cache_la_poudre,11,3
2311,145,18,108,36,674,242,234,115,771,cache_la_poudre,4,3
2311,303,31,258,-1,534,122,209,219,607,cache_la_poudre,10,3
2312,3,19,162,61,541,190,199,143,618,cache_la_poudre,10,3
2312,42,21,268,105,379,218,188,96,1524,cache_la_poudre,10,3
2312,51,25,67,28,993,223,179,77,759,cache_la_poudre,6,3
2312,53,10,297,34,870,226,218,126,633,cache_la_poudre,2,3
2312,89,18,361,12,960,244,208,86,684,cache_la_poudre,10,3
2312,99,14,339,20,930,242,221,106,666,cache_la_poudre,2,3
2312,284,26,190,70,808,139,230,225,350,cache_la_poudre,10,3
2312,305,27,216,144,1262,135,213,213,541,cache_la_poudre,10,3
2313,25,20,67,33,1248,205,192,117,904,cache_la_poudre,3,3
2313,34,11,400,202,721,219,216,132,192,cache_la_poudre,6,3
2313,170,5,323,51,285,224,242,153,541,cache_la_poudre,4,3
2313,299,38,162,112,819,91,195,230,1565,cache_la_poudre,10,3
2313,347,38,182,116,1584,123,151,148,967,cache_la_poudre,10,3
2314,12,26,272,170,1140,184,177,120,1328,cache_la_poudre,10,3
2314,13,16,124,27,1189,203,206,137,964,cache_la_poudre,3,3
2314,68,27,120,62,1425,236,176,55,1116,cache_la_poudre,2,3
2314,71,32,283,60,837,235,160,31,350,cache_la_poudre,6,3
2314,114,20,60,23,1319,250,215,83,875,cache_la_poudre,3,3
2314,335,21,488,133,1215,169,208,175,1209,cache_la_poudre,6,3
2315,282,15,272,91,874,176,240,202,60,cache_la_poudre,6,3
2315,289,26,509,74,446,138,226,223,1801,cache_la_poudre,10,3
2315,321,16,42,11,433,177,222,185,1514,cache_la_poudre,10,3
2315,340,28,361,199,1087,149,187,169,1253,cache_la_poudre,10,3
2316,12,38,180,119,1530,154,136,95,981,cache_la_poudre,10,3
2316,106,34,150,76,1575,253,177,20,319,cache_la_poudre,3,3
2316,218,8,371,-123,67,212,248,172,433,cache_la_poudre,10,3
2316,274,24,459,178,671,147,238,225,1563,cache_la_poudre,10,3
2316,341,22,175,82,242,169,202,168,1101,cache_la_poudre,10,3
2317,150,30,300,-25,384,242,223,88,700,cache_la_poudre,3,3
2317,170,31,228,-25,362,225,235,118,618,cache_la_poudre,3,3
2317,322,23,85,29,361,157,211,191,577,cache_la_poudre,10,3
2317,332,17,30,7,350,178,216,177,859,cache_la_poudre,10,3
2317,334,18,0,0,518,176,214,175,750,cache_la_poudre,10,3
2317,339,29,228,120,1627,146,186,171,966,cache_la_poudre,10,3
2318,133,26,42,17,990,250,218,79,932,cache_la_poudre,3,3
2318,147,35,67,38,1588,242,212,68,725,cache_la_poudre,3,3
2318,251,13,408,-121,95,191,249,195,443,cache_la_poudre,10,3
2318,298,21,30,9,1253,156,227,209,997,cache_la_poudre,10,3
2318,346,32,218,163,1237,142,172,157,1310,cache_la_poudre,10,3
2319,12,20,212,56,979,196,196,132,864,cache_la_poudre,6,3
2319,55,33,247,142,934,220,153,42,1425,cache_la_poudre,10,3
2320,255,18,162,72,1103,177,249,208,865,cache_la_poudre,6,3
2320,268,23,170,50,960,156,242,222,277,cache_la_poudre,6,3
2320,334,21,258,124,726,168,208,176,516,cache_la_poudre,6,3
2321,10,25,210,77,1371,185,181,125,532,cache_la_poudre,10,3
2321,256,25,134,68,469,153,246,225,598,cache_la_poudre,10,3
2321,317,19,67,16,408,166,220,192,1531,cache_la_poudre,10,3
2322,4,11,376,165,702,206,220,151,655,cache_la_poudre,10,3
2322,6,23,242,66,1671,184,187,134,969,cache_la_poudre,2,3
2322,89,23,277,83,339,247,196,65,830,cache_la_poudre,3,3
2323,100,27,339,28,1405,252,193,50,234,cache_la_poudre,3,3
2323,123,36,201,107,1689,253,186,27,216,cache_la_poudre,3,3
2323,348,24,488,143,1173,167,193,159,1249,cache_la_poudre,6,3
2323,355,21,404,214,1114,180,197,151,1266,cache_la_poudre,10,3
2324,31,27,330,121,1124,202,172,93,108,cache_la_poudre,10,3
2324,66,9,180,37,1130,229,223,127,1024,cache_la_poudre,3,3
2324,122,27,201,126,983,253,207,63,785,cache_la_poudre,6,3
2324,144,6,212,44,595,229,239,143,722,cache_la_poudre,4,3
2325,26,23,331,118,182,202,183,108,1504,cache_la_poudre,10,3
2325,43,23,190,81,1337,218,184,90,582,cache_la_poudre,10,3
2325,221,17,297,68,853,197,254,189,685,cache_la_poudre,6,3
2325,252,37,457,-4,721,117,236,240,808,cache_la_poudre,1,3
2325,287,25,499,84,342,141,229,223,1760,cache_la_poudre,10,3
2325,336,10,255,143,1291,198,226,168,510,cache_la_poudre,10,3
2326,197,16,216,69,942,214,252,168,757,cache_la_poudre,6,3
2326,337,19,201,98,234,176,211,173,1020,cache_la_poudre,10,3
2327,120,25,256,60,323,253,209,67,960,cache_la_poudre,3,3
2327,294,28,285,-59,947,131,220,224,1304,cache_la_poudre,10,3
2328,85,8,301,171,858,232,227,128,912,cache_la_poudre,2,3
2328,100,21,242,34,331,249,207,77,1050,cache_la_poudre,3,3
2328,130,24,85,37,1338,251,218,80,883,cache_la_poudre,3,3
2328,155,5,395,66,182,226,240,149,495,cache_la_poudre,4,3
2328,260,11,361,-111,30,193,246,192,499,cache_la_poudre,2,3
2328,281,21,228,86,787,159,237,216,342,cache_la_poudre,10,3
2328,310,22,85,-1,607,155,219,202,430,cache_la_poudre,10,3
2328,320,24,124,-1,591,150,209,195,470,cache_la_poudre,10,3
2328,327,5,382,34,1291,208,234,165,930,cache_la_poudre,2,3
2329,137,31,42,23,716,249,212,66,706,cache_la_poudre,3,3
2329,350,15,242,78,531,192,214,159,633,cache_la_poudre,10,3
2330,6,2,300,173,824,216,234,155,853,cache_la_poudre,2,3
2330,121,15,67,18,1170,244,227,107,85,cache_la_poudre,6,3
2331,67,13,67,0,351,232,215,112,663,cache_la_poudre,2,3
2331,108,20,120,32,443,250,212,80,706,cache_la_poudre,4,3
2332,1,21,424,226,1087,185,196,143,1295,cache_la_poudre,10,3
2332,4,21,446,223,1101,188,195,140,1302,cache_la_poudre,10,3
2332,28,19,391,187,1195,209,194,115,577,cache_la_poudre,6,3
2332,41,19,170,88,1368,219,195,104,1181,cache_la_poudre,2,3
2332,59,4,60,0,0,223,231,143,765,cache_la_poudre,17,3
2332,334,13,301,69,973,190,222,171,819,cache_la_poudre,5,3
2333,1,20,134,89,1416,187,199,145,1128,cache_la_poudre,2,3
2333,45,8,0,0,201,223,223,135,799,cache_la_poudre,10,3
2334,67,28,297,146,1492,235,171,49,175,cache_la_poudre,10,3
2334,270,0,330,110,794,217,238,158,67,cache_la_poudre,6,3
2334,318,23,234,121,1008,153,212,196,124,cache_la_poudre,10,3
2334,320,32,134,25,1299,124,192,200,930,cache_la_poudre,10,3
2335,127,7,42,4,1325,232,236,136,228,cache_la_poudre,6,3
2335,138,7,437,-98,108,231,238,139,552,cache_la_poudre,2,3
2335,281,27,85,29,382,137,231,228,1590,cache_la_poudre,10,3
2336,308,24,234,42,1142,147,217,206,815,cache_la_poudre,2,3
2336,331,32,323,181,1282,131,184,182,700,cache_la_poudre,10,3
2336,333,18,60,-3,457,176,214,176,876,cache_la_poudre,10,3
2337,4,8,150,47,424,210,225,153,589,cache_la_poudre,10,3
2337,91,13,256,139,932,240,218,106,743,cache_la_poudre,6,3
2337,92,11,134,-7,360,237,223,116,677,cache_la_poudre,2,3
2337,333,26,60,19,127,151,197,180,108,cache_la_poudre,10,3
2337,357,31,240,110,1321,156,168,138,730,cache_la_poudre,10,3
2338,24,17,376,188,1214,208,201,125,607,cache_la_poudre,6,3
2338,25,24,295,194,1018,200,181,107,1409,cache_la_poudre,10,3
2338,117,19,268,23,361,249,219,91,1068,cache_la_poudre,3,3
2338,243,7,258,63,566,207,246,176,698,cache_la_poudre,4,3
2338,288,13,350,142,750,182,238,196,577,cache_la_poudre,6,3
2339,138,6,85,13,1201,230,238,141,95,cache_la_poudre,6,3
2339,158,24,150,55,1438,237,236,114,854,cache_la_poudre,3,3
2339,275,8,30,9,60,199,242,182,742,cache_la_poudre,17,3
2339,315,2,351,-63,42,214,237,161,592,cache_la_poudre,2,3
2339,343,19,362,190,1233,180,208,166,636,cache_la_poudre,6,3
2340,316,29,469,99,390,132,202,204,1827,cache_la_poudre,10,3
2340,345,13,256,93,573,194,219,163,674,cache_la_poudre,10,3
2341,70,16,90,14,60,236,206,97,819,cache_la_poudre,4,3
2341,314,23,90,49,510,153,215,199,680,cache_la_poudre,10,3
2342,58,10,242,54,492,228,218,123,571,cache_la_poudre,4,3
2342,75,5,30,2,430,227,230,137,834,cache_la_poudre,2,3
2342,276,11,60,12,90,190,242,192,706,cache_la_poudre,10,3
2342,305,10,30,3,0,193,235,182,721,cache_la_poudre,10,3
2342,329,21,319,162,1348,166,210,181,513,cache_la_poudre,10,3
2343,198,15,283,105,882,214,252,168,691,cache_la_poudre,6,3
2343,204,18,67,30,666,207,253,176,648,cache_la_poudre,3,3
2343,280,31,153,63,485,121,226,236,1789,cache_la_poudre,10,3
2343,315,22,255,121,981,155,215,198,134,cache_la_poudre,10,3
2343,331,27,85,25,127,148,196,183,150,cache_la_poudre,10,3
2343,332,30,300,199,1082,137,187,181,1320,cache_la_poudre,10,3
2344,33,19,272,183,847,213,194,110,446,cache_la_poudre,6,3
2344,87,14,190,37,1041,240,215,102,1006,cache_la_poudre,3,3
2344,294,24,90,35,1243,147,227,216,992,cache_la_poudre,10,3
2344,331,19,0,0,430,172,213,179,807,cache_la_poudre,10,3
2344,339,29,201,-35,1072,146,186,171,1167,cache_la_poudre,10,3
2345,74,12,95,0,390,235,216,111,641,cache_la_poudre,2,3
2345,99,9,108,14,1302,235,228,125,234,cache_la_poudre,6,3
2345,313,23,319,162,1340,153,216,200,474,cache_la_poudre,10,3
2346,69,21,124,74,1624,237,195,80,767,cache_la_poudre,2,3
2346,140,33,150,91,1463,247,211,64,446,cache_la_poudre,3,3
2346,300,5,30,7,30,205,238,172,750,cache_la_poudre,17,3
2346,326,31,360,156,1242,129,188,190,242,cache_la_poudre,10,3
2346,335,12,258,56,1405,192,223,170,497,cache_la_poudre,10,3
2347,18,25,150,53,999,192,179,114,671,cache_la_poudre,6,3
2347,63,32,150,82,480,229,158,38,532,cache_la_poudre,1,3
2348,48,13,283,150,900,224,211,119,700,cache_la_poudre,6,3
2348,309,28,150,46,1350,134,209,210,769,cache_la_poudre,10,3
2348,312,15,484,107,124,180,228,188,1611,cache_la_poudre,10,3
2349,2,31,331,205,1092,161,166,129,1271,cache_la_poudre,10,3
2350,269,23,362,97,342,153,241,223,661,cache_la_poudre,10,3
2350,287,35,272,182,1304,103,213,238,666,cache_la_poudre,10,3
2350,313,31,216,20,607,123,199,208,564,cache_la_poudre,10,3
2350,314,28,446,109,402,135,205,204,1853,cache_la_poudre,10,3
2350,318,23,134,70,543,155,213,195,616,cache_la_poudre,10,3
2351,55,21,234,38,900,228,191,88,752,cache_la_poudre,10,3
2351,320,22,277,138,993,156,212,193,108,cache_la_poudre,10,3
2351,326,21,90,-10,379,164,212,185,939,cache_la_poudre,10,3
2351,348,16,408,226,930,188,212,161,1355,cache_la_poudre,10,3
2352,253,10,90,19,60,198,247,187,663,cache_la_poudre,10,3
2352,298,33,255,137,641,110,207,227,1719,cache_la_poudre,10,3
2352,316,28,242,140,1317,134,204,203,912,cache_la_poudre,10,3
2353,3,19,175,96,1406,191,201,144,1073,cache_la_poudre,10,3
2353,157,22,85,47,708,238,236,116,671,cache_la_poudre,3,3
2353,283,24,277,116,808,148,233,222,297,cache_la_poudre,10,3
2353,320,27,67,31,124,141,203,196,339,cache_la_poudre,10,3
2353,341,23,277,156,1410,165,199,168,864,cache_la_poudre,2,3
2354,3,12,469,229,1034,204,217,150,1354,cache_la_poudre,6,3
2354,61,19,175,47,1006,232,198,91,968,cache_la_poudre,3,3
2354,81,24,216,109,1321,244,191,64,1213,cache_la_poudre,2,3
2354,356,16,190,64,725,193,211,154,600,cache_la_poudre,6,3
2355,308,13,216,97,1566,185,232,187,916,cache_la_poudre,2,3
2355,335,22,150,98,1571,164,204,176,875,cache_la_poudre,2,3
2356,89,26,95,22,1001,248,188,52,924,cache_la_poudre,5,3
2356,94,10,85,17,1401,236,225,119,342,cache_la_poudre,6,3
2356,96,15,170,21,446,242,218,101,700,cache_la_poudre,2,3
2356,115,32,190,90,1312,254,190,37,636,cache_la_poudre,3,3
2356,122,23,108,51,842,252,215,78,781,cache_la_poudre,3,3
2356,135,14,190,44,1082,241,233,118,42,cache_la_poudre,6,3
2356,292,27,134,54,1380,134,223,224,797,cache_la_poudre,10,3
2357,4,9,474,232,994,208,222,151,1377,cache_la_poudre,6,3
2357,6,20,454,133,1240,190,196,138,524,cache_la_poudre,10,3
2358,91,27,108,41,283,249,186,48,698,cache_la_poudre,4,3
2358,94,16,212,29,430,243,215,97,671,cache_la_poudre,2,3
2358,293,18,60,15,258,166,233,206,797,cache_la_poudre,10,3
2358,333,24,285,161,1383,158,202,179,854,cache_la_poudre,2,3
2358,338,18,216,101,1365,178,211,171,1087,cache_la_poudre,10,3
2359,196,12,306,72,1053,217,250,165,1033,cache_la_poudre,3,3
2360,149,12,335,73,1025,236,239,131,1006,cache_la_poudre,3,3
2360,242,27,466,30,785,158,250,221,816,cache_la_poudre,1,3
2360,293,28,437,119,201,132,221,224,1691,cache_la_poudre,10,3
2360,319,19,60,11,324,167,219,190,847,cache_la_poudre,10,3
2360,328,19,90,-1,371,171,214,182,953,cache_la_poudre,10,3
2361,230,12,272,74,1072,202,251,185,1048,cache_la_poudre,3,3
2361,266,21,120,34,120,163,244,217,641,cache_la_poudre,10,3
2361,290,25,108,19,1209,143,227,221,1020,cache_la_poudre,10,3
2361,326,27,127,59,255,145,199,188,242,cache_la_poudre,10,3
2362,76,15,212,71,424,237,211,101,481,cache_la_poudre,4,3
2363,74,20,283,58,1383,239,199,82,300,cache_la_poudre,6,3
2363,101,22,300,22,990,250,204,71,799,cache_la_poudre,10,3
2364,0,4,0,0,541,213,232,156,1358,cache_la_poudre,16,3
2364,12,16,60,13,443,202,205,138,1008,cache_la_poudre,10,3
2364,319,28,309,117,685,138,202,199,408,cache_la_poudre,10,3
2364,330,25,295,167,1356,152,200,183,845,cache_la_poudre,2,3
2365,59,11,85,6,1265,228,217,120,618,cache_la_poudre,6,3
2365,252,22,474,140,510,166,249,217,1770,cache_la_poudre,10,3
2366,111,22,30,7,518,252,209,73,481,cache_la_poudre,1,3
2366,118,8,42,2,499,234,233,130,1315,cache_la_poudre,4,3
2366,332,26,124,58,242,150,197,181,134,cache_la_poudre,10,3
2366,342,9,0,0,551,202,227,164,1358,cache_la_poudre,16,3
2367,43,13,180,76,382,222,212,122,454,cache_la_poudre,4,3
2367,45,9,391,215,1345,223,220,132,693,cache_la_poudre,6,3
2367,297,27,408,126,350,134,219,220,1825,cache_la_poudre,10,3
2367,315,22,150,70,484,156,216,198,658,cache_la_poudre,10,3
2367,316,23,67,32,391,153,214,198,785,cache_la_poudre,10,3
2368,32,28,150,39,875,201,167,86,684,cache_la_poudre,10,3
2368,123,33,210,78,1150,253,195,40,807,cache_la_poudre,3,3
2368,256,20,499,143,537,171,248,213,1740,cache_la_poudre,10,3
2368,299,20,170,66,1001,160,228,207,170,cache_la_poudre,6,3
2368,342,28,212,116,1273,151,185,166,1114,cache_la_poudre,10,3
2369,286,19,446,160,319,163,236,211,730,cache_la_poudre,10,3
2369,295,16,553,148,618,174,234,199,1650,cache_la_poudre,10,3
2369,321,25,90,39,702,148,207,194,430,cache_la_poudre,10,3
2369,346,34,277,172,810,134,165,155,1504,cache_la_poudre,10,3
2370,25,17,0,0,1230,210,202,124,993,cache_la_poudre,10,3
2370,36,26,30,21,1260,208,173,87,972,cache_la_poudre,10,3
2370,78,22,170,53,323,242,194,72,646,cache_la_poudre,4,3
2370,321,13,0,0,799,187,227,180,335,cache_la_poudre,10,3
2370,332,30,108,54,192,138,187,181,120,cache_la_poudre,10,3
2371,15,27,362,218,1087,184,172,114,1233,cache_la_poudre,10,3
2371,66,5,450,147,1317,225,230,141,566,cache_la_poudre,6,3
2371,120,27,335,104,402,254,205,59,955,cache_la_poudre,3,3
2372,5,24,247,34,1383,182,187,135,713,cache_la_poudre,10,3
2372,270,24,376,47,210,150,240,225,765,cache_la_poudre,10,3
2373,41,9,395,220,1368,221,220,133,702,cache_la_poudre,6,3
2373,90,27,95,39,934,249,185,47,1008,cache_la_poudre,5,3
2373,307,16,134,33,0,173,229,195,631,cache_la_poudre,10,3
2374,78,26,127,34,120,243,184,55,842,cache_la_poudre,4,3
2374,123,34,190,102,1213,253,193,37,743,cache_la_poudre,3,3
2374,151,26,258,31,474,242,229,99,661,cache_la_poudre,3,3
2374,335,16,524,249,819,183,218,173,1475,cache_la_poudre,6,3
2375,26,15,30,13,446,212,205,127,966,cache_la_poudre,10,3
2375,26,18,210,81,1032,209,199,122,663,cache_la_poudre,6,3
2375,31,25,295,131,1418,204,177,96,664,cache_la_poudre,10,3
2375,49,17,301,77,480,225,202,105,484,cache_la_poudre,4,3
2375,54,19,216,34,932,227,195,93,750,cache_la_poudre,10,3
2375,111,15,60,7,497,244,223,104,1296,cache_la_poudre,4,3
2375,324,29,190,45,659,136,196,193,541,cache_la_poudre,10,3
2375,341,24,170,75,297,164,198,169,301,cache_la_poudre,10,3
2376,61,7,162,8,1233,226,225,133,679,cache_la_poudre,6,3
2376,80,20,350,69,959,242,199,77,939,cache_la_poudre,2,3
2376,90,26,134,44,510,249,189,53,488,cache_la_poudre,1,3
2376,248,9,510,151,577,200,247,185,1711,cache_la_poudre,10,3
2376,293,28,408,135,216,130,221,224,1718,cache_la_poudre,10,3
2376,348,29,283,194,1230,152,179,156,1184,cache_la_poudre,10,3
2377,26,17,90,26,484,210,200,122,1048,cache_la_poudre,10,3
2377,118,6,175,97,1530,230,235,138,832,cache_la_poudre,2,3
2377,127,24,42,17,781,251,217,80,1165,cache_la_poudre,5,3
2377,305,29,258,97,582,127,209,216,1772,cache_la_poudre,10,3
2377,320,26,124,58,150,146,206,196,426,cache_la_poudre,10,3
2378,286,17,42,7,402,171,237,206,886,cache_la_poudre,10,3
2378,307,28,268,169,1266,134,211,212,904,cache_la_poudre,10,3
2379,140,27,350,36,509,248,221,83,750,cache_la_poudre,3,3
2379,289,25,424,170,342,143,228,221,760,cache_la_poudre,10,3
2380,66,13,0,0,666,232,213,110,872,cache_la_poudre,2,3
2380,168,13,451,9,849,230,245,144,794,cache_la_poudre,1,3
2380,314,23,180,55,162,154,215,199,511,cache_la_poudre,10,3
2380,318,25,30,17,1048,147,209,198,1206,cache_la_poudre,10,3
2380,320,25,339,158,953,149,208,195,134,cache_la_poudre,10,3
2380,354,19,210,82,339,185,203,153,361,cache_la_poudre,10,3
2381,14,25,335,225,1146,187,179,119,1208,cache_la_poudre,10,3
2381,27,29,124,31,883,193,163,90,649,cache_la_poudre,10,3
2381,109,31,201,65,1074,254,189,39,892,cache_la_poudre,3,3
2381,324,24,150,75,277,154,208,190,190,cache_la_poudre,10,3
2382,103,37,255,142,1645,252,166,6,309,cache_la_poudre,3,3
2382,245,23,469,173,309,168,251,215,771,cache_la_poudre,10,3
2383,27,19,277,74,1401,209,197,119,335,cache_la_poudre,10,3
2383,339,18,60,13,836,178,211,170,395,cache_la_poudre,10,3
2384,23,14,350,196,949,211,209,132,1234,cache_la_poudre,1,3
2384,29,12,150,16,1205,216,214,133,700,cache_la_poudre,6,3
2384,58,16,30,14,1200,230,205,103,1031,cache_la_poudre,10,3
2384,120,34,283,168,1618,254,190,33,247,cache_la_poudre,3,3
2385,120,18,234,94,1261,247,223,97,1019,cache_la_poudre,2,3
2385,121,29,295,12,1022,254,203,55,824,cache_la_poudre,1,3
2385,271,26,180,56,210,144,238,228,607,cache_la_poudre,10,3
2386,272,26,390,61,240,141,236,229,792,cache_la_poudre,10,3
2386,303,32,258,193,1230,118,206,220,1116,cache_la_poudre,10,3
2386,335,28,450,181,1172,147,191,177,247,cache_la_poudre,10,3
2387,273,16,120,-1,1173,176,243,205,1050,cache_la_poudre,6,3
2388,26,19,42,10,510,208,197,119,983,cache_la_poudre,10,3
2388,97,22,127,56,228,249,203,71,659,cache_la_poudre,4,3
2388,150,20,417,45,531,241,235,113,816,cache_la_poudre,3,3
2389,316,32,350,142,671,121,195,205,417,cache_la_poudre,10,3
2390,271,24,426,181,350,149,239,225,794,cache_la_poudre,10,3
2390,283,17,153,44,170,170,238,207,674,cache_la_poudre,10,3
2390,285,18,42,8,408,168,237,208,875,cache_la_poudre,10,3
2391,107,22,85,37,872,251,208,74,1074,cache_la_poudre,5,3
2391,330,29,153,73,212,138,191,185,182,cache_la_poudre,10,3
2392,23,8,0,0,1110,216,223,144,1050,cache_la_poudre,6,3
2392,32,9,350,167,488,218,220,137,1837,cache_la_poudre,6,3
2392,36,12,0,0,481,219,212,127,949,cache_la_poudre,10,3
2392,51,28,342,2,1140,220,167,63,932,cache_la_poudre,10,3
2393,52,14,319,34,1354,226,208,112,659,cache_la_poudre,6,3
2393,97,20,216,-28,553,248,206,77,582,cache_la_poudre,1,3
2394,69,12,108,24,1110,232,217,115,787,cache_la_poudre,6,3
2395,50,20,212,22,967,224,192,93,741,cache_la_poudre,6,3
2395,159,18,134,52,509,236,240,128,534,cache_la_poudre,3,3
2395,246,26,484,61,285,157,249,222,787,cache_la_poudre,10,3
2395,321,13,90,6,1142,187,227,180,1082,cache_la_poudre,6,3
2395,326,18,192,90,319,172,217,183,247,cache_la_poudre,10,3
2396,83,10,551,102,618,234,223,120,1015,cache_la_poudre,3,3
2396,111,14,430,6,979,243,224,107,973,cache_la_poudre,2,3
2396,118,21,255,47,598,251,216,82,595,cache_la_poudre,1,3
2396,154,20,295,53,534,239,237,118,691,cache_la_poudre,3,3
2397,19,18,30,9,511,204,200,128,973,cache_la_poudre,10,3
2397,96,26,90,54,534,251,193,55,474,cache_la_poudre,3,3
2397,100,11,424,7,994,238,225,116,990,cache_la_poudre,2,3
2397,130,8,566,103,633,234,236,133,999,cache_la_poudre,3,3
2397,134,15,95,45,297,242,232,115,953,cache_la_poudre,4,3
2397,178,15,175,53,858,225,248,150,1611,cache_la_poudre,6,3
2397,294,25,210,68,247,142,224,219,604,cache_la_poudre,10,3
2397,328,30,170,77,216,136,191,187,218,cache_la_poudre,10,3
2397,338,17,258,131,1395,180,213,171,765,cache_la_poudre,10,3
2398,11,21,324,8,1106,192,192,130,1032,cache_la_poudre,10,3
2398,81,3,300,107,1221,223,234,146,1084,cache_la_poudre,2,3
2398,82,12,295,66,330,237,219,111,497,cache_la_poudre,4,3
2398,124,35,242,108,1153,253,190,32,806,cache_la_poudre,3,3
2398,305,12,201,59,201,187,233,186,671,cache_la_poudre,10,3
2398,320,18,228,65,0,171,220,188,543,cache_la_poudre,10,3
2399,49,13,300,40,1324,225,211,117,674,cache_la_poudre,6,3
2399,63,8,577,105,644,228,223,128,1040,cache_la_poudre,3,3
2399,183,33,85,41,589,208,240,140,1195,cache_la_poudre,4,3
2400,94,3,0,0,805,224,234,145,1465,cache_la_poudre,6,3
2400,98,3,67,11,1200,225,234,145,1024,cache_la_poudre,6,3
2400,297,27,285,70,684,135,220,220,636,cache_la_poudre,10,3
2400,309,27,382,171,900,138,211,209,190,cache_la_poudre,10,3
2400,335,12,509,218,1530,192,223,170,633,cache_la_poudre,6,3
2401,59,18,85,-5,743,231,200,96,825,cache_la_poudre,10,3
2401,123,16,268,33,1266,245,226,105,708,cache_la_poudre,6,3
2401,128,26,60,17,484,252,214,72,1260,cache_la_poudre,4,3
2401,224,19,365,71,765,191,254,194,713,cache_la_poudre,1,3
2401,296,24,350,160,319,147,225,215,1825,cache_la_poudre,6,3
2401,322,27,150,71,752,140,201,195,484,cache_la_poudre,10,3
2401,341,19,283,135,1366,177,209,168,752,cache_la_poudre,10,3
2402,113,22,228,-32,589,251,211,77,576,cache_la_poudre,1,3
2402,146,14,430,87,503,239,237,124,1062,cache_la_poudre,3,3
2403,36,14,339,101,424,218,208,123,408,cache_la_poudre,4,3
2403,59,21,192,-12,768,231,192,85,742,cache_la_poudre,10,3
2403,119,13,420,13,1074,242,228,112,1084,cache_la_poudre,2,3
2403,245,24,240,74,95,164,250,218,511,cache_la_poudre,10,3
2404,39,15,351,216,918,219,205,117,1167,cache_la_poudre,1,3
2404,58,14,361,79,391,230,209,109,446,cache_la_poudre,4,3
2404,351,19,300,152,1188,183,205,157,1132,cache_la_poudre,10,3
2405,124,14,420,15,1092,243,229,112,1104,cache_la_poudre,2,3
2406,35,30,127,33,918,202,161,78,659,cache_la_poudre,10,3
2406,120,11,270,68,1224,240,230,119,774,cache_la_poudre,6,3
2407,281,15,60,19,1080,176,240,203,1015,cache_la_poudre,10,3
2408,17,34,309,-4,755,172,150,96,1505,cache_la_poudre,10,3
2408,64,18,342,220,895,233,200,92,1140,cache_la_poudre,1,3
2408,96,27,90,32,564,251,190,50,1315,cache_la_poudre,4,3
2408,298,22,42,21,932,153,226,211,1332,cache_la_poudre,10,3
2409,36,23,0,0,660,212,184,98,390,cache_la_poudre,1,3
2409,76,13,95,38,926,236,216,109,524,cache_la_poudre,6,3
2409,132,31,255,154,1528,251,206,57,433,cache_la_poudre,3,3
2409,178,31,120,51,524,216,240,133,1150,cache_la_poudre,4,3
2409,289,29,309,129,573,126,221,229,1744,cache_la_poudre,10,3
2409,293,6,454,65,902,203,239,175,1329,cache_la_poudre,6,3
2409,334,23,134,20,1084,161,203,178,1140,cache_la_poudre,10,3
2409,339,28,459,219,1231,149,188,171,335,cache_la_poudre,10,3
2410,7,15,492,213,1423,200,208,143,540,cache_la_poudre,6,3
2410,60,5,270,72,1283,224,229,140,741,cache_la_poudre,6,3
2410,64,21,30,10,797,234,192,81,1082,cache_la_poudre,6,3
2410,338,15,150,72,1206,185,217,170,875,cache_la_poudre,10,3
2411,22,28,67,23,543,191,169,101,1015,cache_la_poudre,10,3
2411,53,5,240,73,1277,223,229,142,767,cache_la_poudre,6,3
2411,90,12,30,9,1020,238,221,112,1123,cache_la_poudre,6,3
2411,171,18,418,68,594,229,245,140,808,cache_la_poudre,3,3
2412,2,17,150,31,836,194,206,146,481,cache_la_poudre,6,3
2412,176,3,210,74,1213,221,241,156,824,cache_la_poudre,6,3
2413,11,8,0,0,930,212,224,150,1176,cache_la_poudre,6,3
2413,127,12,659,119,726,240,232,121,1061,cache_la_poudre,6,3
2413,198,5,395,69,960,218,244,161,1382,cache_la_poudre,6,3
2413,307,9,30,5,711,194,235,180,1559,cache_la_poudre,6,3
2413,321,26,180,83,765,144,204,196,514,cache_la_poudre,10,3
2414,48,22,134,-1,785,222,188,90,808,cache_la_poudre,10,3
2414,270,26,240,85,216,145,238,228,541,cache_la_poudre,10,3
2414,358,22,485,224,1294,180,193,146,424,cache_la_poudre,10,3
2415,96,32,331,227,850,251,175,26,1087,cache_la_poudre,1,3
2415,191,29,90,55,467,205,247,158,1182,cache_la_poudre,4,3
2415,282,12,30,4,685,188,241,193,1589,cache_la_poudre,6,3
2415,317,23,201,96,234,155,213,196,443,cache_la_poudre,10,3
2415,322,21,362,149,1282,164,215,189,721,cache_la_poudre,10,3
2416,152,26,108,56,382,241,229,100,1218,cache_la_poudre,4,3
2416,290,18,60,22,365,167,235,207,872,cache_la_poudre,10,3
2416,298,25,402,179,767,141,221,216,323,cache_la_poudre,10,3
2417,36,19,371,229,914,215,194,107,1127,cache_la_poudre,1,3
2417,87,9,216,63,218,233,226,125,511,cache_la_poudre,2,3
2418,72,23,108,4,601,239,190,71,484,cache_la_poudre,1,3
2418,107,24,190,77,932,252,205,67,1041,cache_la_poudre,5,3
2418,196,27,90,58,488,202,250,166,1170,cache_la_poudre,4,3
2418,216,4,120,48,1114,215,244,165,949,cache_la_poudre,6,3
2418,234,4,391,74,968,212,244,169,1369,cache_la_poudre,6,3
2418,274,27,379,116,300,137,234,231,859,cache_la_poudre,10,3
2419,316,26,408,194,808,143,209,201,285,cache_la_poudre,10,3
2420,106,17,108,34,940,247,216,92,960,cache_la_poudre,5,3
2421,8,21,400,233,934,191,194,136,1115,cache_la_poudre,6,3
2421,29,22,319,110,1485,207,187,108,335,cache_la_poudre,10,3
2421,32,22,153,37,636,209,186,104,1374,cache_la_poudre,5,3
2421,37,17,443,239,1061,217,200,113,1092,cache_la_poudre,6,3
2421,138,31,277,165,1464,249,212,68,499,cache_la_poudre,3,3
2421,181,22,466,78,658,222,248,148,845,cache_la_poudre,3,3
2422,19,16,210,61,1065,206,203,131,914,cache_la_poudre,6,3
2422,28,28,67,30,518,196,168,93,1008,cache_la_poudre,10,3
2422,88,26,124,46,607,248,188,53,1356,cache_la_poudre,4,3
2423,94,28,120,47,579,250,186,44,1328,cache_la_poudre,4,3
2424,110,7,331,34,1041,233,232,132,1062,cache_la_poudre,2,3
2424,175,10,300,80,1045,226,246,151,1426,cache_la_poudre,6,3
2424,303,19,67,19,960,164,227,202,1087,cache_la_poudre,6,3
2425,23,23,30,3,690,200,183,111,376,cache_la_poudre,6,3
2425,293,18,277,8,67,168,233,205,424,cache_la_poudre,10,3
2425,293,23,60,14,671,151,228,215,1613,cache_la_poudre,10,3
2425,313,18,295,-37,30,170,224,193,459,cache_la_poudre,10,3
2425,351,16,108,17,1052,191,212,158,1172,cache_la_poudre,10,3
2426,72,1,306,36,1040,219,237,154,1064,cache_la_poudre,2,3
2426,115,4,335,36,1062,227,236,144,1084,cache_la_poudre,2,3
2427,66,8,335,37,845,229,224,128,841,cache_la_poudre,2,3
2427,115,27,175,43,725,254,202,56,1279,cache_la_poudre,5,3
2427,298,28,242,147,242,131,217,220,1637,cache_la_poudre,10,3
2427,336,8,150,80,362,202,229,166,638,cache_la_poudre,6,3
2429,205,8,510,123,886,216,247,167,1222,cache_la_poudre,6,3
2429,325,26,402,232,1194,147,202,190,755,cache_la_poudre,10,3
2430,24,28,85,38,547,193,167,97,1032,cache_la_poudre,10,3
2430,30,20,0,0,720,210,192,111,350,cache_la_poudre,1,3
2430,48,22,42,-1,811,222,187,89,911,cache_la_poudre,10,3
2430,173,10,330,86,1053,226,245,150,1387,cache_la_poudre,6,3
2430,334,33,297,213,1176,129,178,177,962,cache_la_poudre,6,3
2431,23,4,256,41,824,218,231,151,830,cache_la_poudre,2,3
2431,346,15,402,226,1082,191,216,163,1012,cache_la_poudre,6,3
2432,57,28,277,69,671,226,170,60,691,cache_la_poudre,10,3
2432,139,15,618,162,799,242,234,117,1048,cache_la_poudre,3,3
2432,305,15,240,102,793,177,231,193,573,cache_la_poudre,6,3
2432,317,29,395,181,633,131,200,202,457,cache_la_poudre,10,3
2433,92,8,212,90,631,233,227,126,564,cache_la_poudre,3,3
2433,297,16,120,46,840,175,234,199,1415,cache_la_poudre,10,3
2434,7,30,319,9,722,170,166,121,1544,cache_la_poudre,10,3
2434,95,14,242,76,212,241,219,104,492,cache_la_poudre,2,3
2435,284,30,300,-7,451,123,224,233,1840,cache_la_poudre,10,3
2436,305,22,300,204,1182,152,221,207,930,cache_la_poudre,6,3
2436,307,20,180,52,300,160,224,202,510,cache_la_poudre,6,3
2437,106,23,42,15,742,252,205,68,295,cache_la_poudre,1,3
2437,305,29,212,111,313,128,210,216,782,cache_la_poudre,10,3
2437,336,17,150,49,997,179,214,173,999,cache_la_poudre,6,3
2438,66,17,306,48,1087,234,204,96,792,cache_la_poudre,10,3
2438,185,13,379,132,1020,222,249,157,1310,cache_la_poudre,6,3
2438,273,26,300,3,630,141,236,229,1651,cache_la_poudre,10,3
2438,284,22,306,-24,180,155,234,217,582,cache_la_poudre,10,3
2439,53,26,212,-9,793,224,176,70,789,cache_la_poudre,10,3
2439,114,16,234,77,201,246,223,101,525,cache_la_poudre,2,3
2440,82,11,283,82,255,235,220,115,450,cache_la_poudre,2,3
2440,178,17,454,97,700,225,248,149,819,cache_la_poudre,3,3
2440,197,22,150,80,404,208,252,169,1140,cache_la_poudre,4,3
2441,14,16,492,251,997,203,205,136,1006,cache_la_poudre,6,3
2441,311,25,400,186,607,143,213,206,485,cache_la_poudre,10,3
2441,320,26,467,219,924,144,205,196,212,cache_la_poudre,10,3
2441,356,18,417,225,1062,187,204,152,983,cache_la_poudre,6,3
2442,277,20,300,101,95,162,239,215,537,cache_la_poudre,10,3
2442,286,12,283,123,319,187,239,192,474,cache_la_poudre,10,3
2442,288,18,90,28,323,166,236,209,870,cache_la_poudre,10,3
2443,318,14,150,53,319,184,227,183,484,cache_la_poudre,6,3
2443,359,19,577,253,1321,189,202,148,524,cache_la_poudre,6,3
2444,101,10,60,14,849,237,227,120,1350,cache_la_poudre,6,3
2444,283,28,277,1,361,131,228,230,1809,cache_la_poudre,10,3
2445,71,26,67,2,834,238,179,57,819,cache_la_poudre,1,3
2445,89,20,42,8,655,245,205,80,1231,cache_la_poudre,5,3
2445,324,23,108,49,781,156,208,189,1478,cache_la_poudre,10,3
2445,343,27,543,242,1146,156,188,164,335,cache_la_poudre,10,3
2446,104,19,30,-3,779,248,214,87,283,cache_la_poudre,1,3
2446,247,23,201,38,192,166,250,217,430,cache_la_poudre,10,3
2446,326,9,60,8,457,198,230,172,1812,cache_la_poudre,6,3
2447,85,11,295,85,258,236,221,114,458,cache_la_poudre,2,3
2447,114,27,212,63,711,254,203,58,1276,cache_la_poudre,5,3
2447,118,24,300,113,1041,252,211,72,914,cache_la_poudre,6,3
2448,281,14,300,129,339,182,241,198,466,cache_la_poudre,2,3
2448,289,18,124,34,285,167,235,207,828,cache_la_poudre,10,3
2449,108,19,382,209,1600,249,214,85,365,cache_la_poudre,6,3
2450,67,11,350,92,319,231,218,119,391,cache_la_poudre,2,3
2450,107,17,30,9,560,247,217,92,1323,cache_la_poudre,5,3
2450,276,5,361,195,1506,207,241,173,485,cache_la_poudre,6,3
2450,334,21,277,129,324,168,208,176,300,cache_la_poudre,10,3
2450,343,29,570,243,1062,150,183,163,277,cache_la_poudre,10,3
2451,166,15,543,145,890,232,244,139,1120,cache_la_poudre,6,3
2451,225,0,190,46,878,218,238,157,1082,cache_la_poudre,6,3
2451,288,18,127,40,582,166,236,209,1697,cache_la_poudre,10,3
2451,292,26,108,45,696,138,225,222,1574,cache_la_poudre,10,3
2451,345,8,420,145,1040,204,227,162,1208,cache_la_poudre,6,3
2453,284,30,268,10,420,126,225,232,1855,cache_la_poudre,10,3
2453,312,26,404,187,1187,141,211,206,671,cache_la_poudre,10,3
2453,354,19,67,21,781,186,204,154,1318,cache_la_poudre,10,3
2454,17,10,395,184,785,212,219,144,816,cache_la_poudre,6,3
2454,97,11,323,182,1167,239,224,114,792,cache_la_poudre,6,3
2454,346,2,420,148,1024,215,235,158,1216,cache_la_poudre,6,3
2455,14,22,175,77,641,193,188,125,1123,cache_la_poudre,10,3
2455,116,24,216,95,782,253,209,70,1189,cache_la_poudre,5,3
2455,126,31,150,79,443,253,203,53,1195,cache_la_poudre,4,3
2455,321,13,404,223,1068,185,227,181,912,cache_la_poudre,6,3
2456,304,17,42,14,362,170,229,198,1907,cache_la_poudre,6,3
2457,73,23,242,73,598,239,190,70,1429,cache_la_poudre,5,3
2457,110,26,242,73,618,253,200,57,1383,cache_la_poudre,5,3
2457,314,17,190,-5,0,172,224,191,390,cache_la_poudre,10,3
2459,38,11,362,137,366,220,216,130,362,cache_la_poudre,2,3
2459,315,22,470,250,1061,157,216,197,752,cache_la_poudre,10,3
2459,339,18,90,27,752,178,211,170,1360,cache_la_poudre,6,3
2460,106,18,162,60,752,248,215,88,240,cache_la_poudre,2,3
2461,18,6,150,55,258,216,227,149,418,cache_la_poudre,6,3
2461,34,14,120,18,256,217,210,125,1874,cache_la_poudre,6,3
2461,111,28,242,-13,631,254,196,49,1360,cache_la_poudre,5,3
2461,266,7,480,155,973,202,243,180,1158,cache_la_poudre,6,3
2461,358,14,474,231,999,197,212,152,931,cache_la_poudre,6,3
2462,287,14,319,140,366,179,238,199,424,cache_la_poudre,10,3
2462,359,16,95,30,751,193,208,150,1338,cache_la_poudre,10,3
2463,285,18,240,0,85,167,237,209,484,cache_la_poudre,10,3
2464,281,22,247,1,120,154,236,219,534,cache_la_poudre,10,3
2465,69,13,85,22,283,233,214,110,1869,cache_la_poudre,6,3
2465,133,9,67,15,830,234,236,133,216,cache_la_poudre,2,3
2466,315,17,210,3,42,174,224,190,443,cache_la_poudre,10,3
2468,93,22,124,25,872,248,199,68,769,cache_la_poudre,1,3
2468,278,14,216,33,573,181,242,200,1682,cache_la_poudre,6,3
2468,305,22,309,5,150,152,221,207,616,cache_la_poudre,10,3
2469,355,15,499,222,957,193,211,155,911,cache_la_poudre,6,3
2470,52,30,300,103,674,220,162,56,750,cache_la_poudre,10,3
2470,301,20,212,35,481,161,227,205,1777,cache_la_poudre,10,3
2471,19,17,607,261,1126,206,203,130,391,cache_la_poudre,10,3
2471,75,15,108,28,268,237,212,103,1847,cache_la_poudre,6,3
2471,83,24,201,55,836,245,189,60,685,cache_la_poudre,1,3
2471,290,27,240,28,420,134,224,225,1844,cache_la_poudre,10,3
2471,317,16,153,8,0,175,224,188,376,cache_la_poudre,10,3
2471,320,16,180,8,30,177,223,186,417,cache_la_poudre,10,3
2472,49,29,242,-4,757,217,163,61,812,cache_la_poudre,10,3
2472,293,20,242,29,270,159,231,211,1762,cache_la_poudre,10,3
2472,298,22,324,192,162,152,225,211,1634,cache_la_poudre,10,3
2473,116,23,242,22,716,252,211,74,1252,cache_la_poudre,6,3
2473,159,8,404,95,382,229,242,145,454,cache_la_poudre,2,3
2473,287,18,212,54,488,168,236,208,1762,cache_la_poudre,10,3
2474,39,10,258,70,626,221,217,130,1550,cache_la_poudre,6,3
2474,70,13,127,31,242,234,213,108,1826,cache_la_poudre,6,3
2474,116,6,402,101,376,231,234,137,430,cache_la_poudre,2,3
2475,80,13,124,32,342,237,217,109,1888,cache_la_poudre,6,3
2475,274,7,170,73,661,202,242,179,1597,cache_la_poudre,6,3
2475,300,21,295,61,150,158,227,208,636,cache_la_poudre,10,3
2477,297,12,190,69,601,186,236,190,1637,cache_la_poudre,6,3
2477,308,11,182,42,484,189,233,184,1766,cache_la_poudre,6,3
2478,295,19,210,35,300,163,231,207,1804,cache_la_poudre,10,3
2478,340,15,532,88,1158,186,216,168,499,cache_la_poudre,6,3
2479,294,11,201,71,571,189,237,189,1657,cache_la_poudre,6,3
2479,305,22,283,16,120,155,223,205,594,cache_la_poudre,10,3
2480,12,25,190,88,626,186,180,122,1134,cache_la_poudre,10,3
2481,308,27,180,67,258,137,212,210,834,cache_la_poudre,10,3
2482,67,12,170,39,201,232,215,113,1784,cache_la_poudre,6,3
2482,299,19,242,19,90,164,229,204,552,cache_la_poudre,10,3
2483,41,26,190,6,816,212,172,80,875,cache_la_poudre,10,3
2483,355,5,180,32,743,211,230,157,1214,cache_la_poudre,6,3
2483,357,12,240,40,170,200,217,154,1824,cache_la_poudre,6,3
2484,88,16,30,11,424,242,211,93,1473,cache_la_poudre,5,3
2484,327,16,351,187,384,180,220,180,713,cache_la_poudre,10,3
2486,8,10,180,35,722,208,219,148,1233,cache_la_poudre,6,3
2486,40,22,30,9,942,216,185,95,949,cache_la_poudre,10,3
2486,91,13,443,239,895,240,219,108,864,cache_la_poudre,6,3
2486,152,24,503,233,912,241,233,107,684,cache_la_poudre,2,3
2486,324,7,180,43,301,203,233,169,1825,cache_la_poudre,6,3
2487,114,18,182,0,577,248,219,92,1401,cache_la_poudre,5,3
2488,294,11,283,45,150,188,237,189,1676,cache_la_poudre,6,3
2488,315,17,268,45,255,174,224,190,1922,cache_la_poudre,10,3
2489,330,23,516,265,983,161,206,182,765,cache_la_poudre,6,3
2490,356,4,201,47,212,214,233,157,1761,cache_la_poudre,6,3
2490,358,6,485,243,924,210,228,156,816,cache_la_poudre,6,3
2493,315,17,330,167,85,173,224,190,1570,cache_la_poudre,10,3
2494,45,10,162,21,540,223,218,129,1429,cache_la_poudre,6,3
2494,310,17,277,27,90,171,226,194,595,cache_la_poudre,10,3
2498,27,4,124,25,618,218,230,149,1338,cache_la_poudre,6,3
2498,90,5,153,31,642,227,232,139,1316,cache_la_poudre,6,3
2498,308,18,408,218,424,168,226,197,693,cache_la_poudre,10,3
2499,0,3,582,109,787,215,233,156,459,cache_la_poudre,6,3
2499,55,22,390,136,816,227,186,81,1370,cache_la_poudre,10,3
2499,102,15,67,16,390,244,219,100,1531,cache_la_poudre,5,3
2499,342,9,201,16,510,202,227,164,1490,cache_la_poudre,6,3
2500,81,20,240,50,837,243,199,77,470,cache_la_poudre,1,3
2500,89,26,228,57,892,248,187,51,664,cache_la_poudre,1,3
2500,90,17,60,17,300,243,211,92,1622,cache_la_poudre,5,3
2501,27,23,270,136,764,204,184,107,1371,cache_la_poudre,10,3
2503,13,12,182,53,853,208,216,143,402,cache_la_poudre,6,3
2511,350,11,361,68,108,200,221,160,1781,cache_la_poudre,6,3
2512,61,21,134,43,979,232,190,81,800,cache_la_poudre,10,3
2514,2,20,426,152,849,187,197,143,1318,cache_la_poudre,10,3
2514,30,22,95,37,957,207,187,108,997,cache_la_poudre,10,3
2514,315,11,295,45,30,190,231,181,618,cache_la_poudre,6,3
2516,13,25,323,138,779,188,181,122,1273,cache_la_poudre,10,3
2516,33,8,162,33,420,219,222,139,1560,cache_la_poudre,6,3
2516,106,20,192,47,981,250,210,79,735,cache_la_poudre,1,3
2516,319,10,335,81,272,193,231,177,1871,cache_la_poudre,6,3
2518,43,25,228,41,787,215,176,82,900,cache_la_poudre,10,3
2520,333,13,384,16,124,190,223,172,1790,cache_la_poudre,6,3
2525,312,32,150,111,361,118,198,211,949,cache_la_poudre,10,3
2527,18,9,404,158,914,213,220,144,1385,cache_la_poudre,10,3
2527,103,5,277,44,108,229,233,138,1864,cache_la_poudre,6,3
2528,67,19,120,59,1024,235,199,87,888,cache_la_poudre,10,3
2529,40,20,212,52,828,217,191,101,960,cache_la_poudre,10,3
2529,315,7,362,46,180,202,235,172,1902,cache_la_poudre,6,3
2530,88,9,277,47,150,234,226,124,1856,cache_la_poudre,6,3
2531,96,9,297,48,120,234,228,125,1880,cache_la_poudre,6,3
2531,349,14,418,44,900,193,216,160,1259,cache_la_poudre,10,3
2532,329,8,402,49,150,200,230,169,1944,cache_la_poudre,6,3
2534,78,9,228,51,228,232,223,123,1782,cache_la_poudre,6,3
2534,100,11,242,51,201,238,226,118,1806,cache_la_poudre,6,3
2535,59,15,182,66,1047,230,207,105,819,cache_la_poudre,6,3
2535,121,4,283,52,182,227,236,144,1848,cache_la_poudre,6,3
2536,148,8,67,10,466,231,240,141,1044,cache_la_poudre,6,3
2536,328,6,268,32,60,205,233,167,1865,cache_la_poudre,6,3
2536,339,3,324,53,153,212,234,160,1890,cache_la_poudre,6,3
2537,321,7,366,54,120,203,234,170,1932,cache_la_poudre,6,3
2538,9,7,430,161,968,212,225,151,1282,cache_la_poudre,10,3
2538,33,18,162,61,930,214,198,114,1048,cache_la_poudre,10,3
2538,58,9,90,12,446,227,221,127,1025,cache_la_poudre,6,3
2539,124,2,268,56,212,222,237,151,1824,cache_la_poudre,6,3
2540,93,9,124,14,485,234,227,125,987,cache_la_poudre,6,3
2541,109,21,255,72,987,250,212,80,671,cache_la_poudre,1,3
2543,54,14,120,17,457,228,209,111,997,cache_la_poudre,6,3
2546,76,2,162,20,541,222,235,150,1130,cache_la_poudre,6,3
2547,331,27,300,133,228,146,195,182,819,cache_la_poudre,10,3
2554,47,16,124,28,402,224,203,109,1020,cache_la_poudre,6,3
2558,38,27,150,71,685,208,170,82,1170,cache_la_poudre,10,3
2561,332,22,342,74,875,164,207,179,1189,cache_la_poudre,10,3
2569,98,8,258,43,631,234,228,126,866,cache_la_poudre,6,3
2571,348,27,285,84,819,160,186,158,1180,cache_la_poudre,10,3
2573,40,14,190,47,402,220,208,120,979,cache_la_poudre,6,3
2577,332,24,306,90,859,156,202,180,1154,cache_la_poudre,10,3
2580,38,27,162,93,726,209,172,84,1140,cache_la_poudre,10,3
2587,12,8,256,61,408,212,224,149,942,cache_la_poudre,6,3
2590,323,21,301,103,872,162,213,189,1124,cache_la_poudre,10,3
2603,279,6,300,116,787,204,241,176,1036,cache_la_poudre,11,3
2607,358,17,451,120,750,192,206,150,1015,cache_la_poudre,11,3
2615,12,14,566,235,685,205,210,140,1006,cache_la_poudre,10,3
2622,353,11,541,111,661,200,220,158,966,cache_la_poudre,11,3
2644,20,12,552,257,569,211,213,137,973,cache_la_poudre,11,3
1989,302,18,0,0,150,167,229,201,537,cache_la_poudre,4,4
2005,159,28,30,1,210,236,232,107,247,cache_la_poudre,6,4
2015,93,12,0,0,330,239,222,111,402,cache_la_poudre,14,4
2021,115,10,30,6,360,237,231,124,443,cache_la_poudre,6,4
2021,343,13,0,0,360,192,219,165,458,cache_la_poudre,14,4
2044,13,14,0,0,331,205,209,139,350,cache_la_poudre,3,4
2044,92,15,30,8,480,242,215,98,658,cache_la_poudre,1,4
2044,133,8,30,0,858,233,236,135,573,cache_la_poudre,17,4
2044,139,5,0,0,816,228,238,144,607,cache_la_poudre,17,4
2046,91,26,30,13,532,249,189,52,626,cache_la_poudre,1,4
2048,297,10,60,2,768,193,237,184,666,cache_la_poudre,17,4
2049,87,24,0,0,480,247,194,63,552,cache_la_poudre,14,4
2054,311,10,0,0,451,194,233,179,255,cache_la_poudre,4,4
2063,120,13,0,0,933,241,229,115,192,cache_la_poudre,1,4
2071,116,26,30,-4,912,253,206,63,175,cache_la_poudre,1,4
2074,354,10,0,0,778,204,223,157,899,cache_la_poudre,14,4
2080,95,18,30,6,805,245,211,89,872,cache_la_poudre,3,4
2087,138,11,0,0,309,237,236,129,571,cache_la_poudre,14,4
2095,89,41,60,44,437,243,143,0,228,cache_la_poudre,3,4
2096,338,8,0,0,1377,204,229,165,872,cache_la_poudre,17,4
2103,109,30,85,35,532,254,191,41,134,cache_la_poudre,3,4
2104,98,15,0,0,1008,243,218,100,674,cache_la_poudre,3,4
2106,52,13,0,0,1277,227,212,117,960,cache_la_poudre,17,4
2107,354,7,0,0,1260,209,228,157,1006,cache_la_poudre,17,4
2108,155,7,30,-1,1248,228,241,146,1114,cache_la_poudre,1,4
2110,60,9,0,0,1261,228,221,126,1025,cache_la_poudre,17,4
2110,129,24,30,10,902,251,218,81,242,cache_la_poudre,3,4
2112,236,3,30,-8,1187,213,242,166,1250,cache_la_poudre,17,4
2112,337,23,0,0,1260,164,202,174,990,cache_la_poudre,17,4
2113,11,17,0,0,1328,201,204,138,902,cache_la_poudre,17,4
2116,353,13,0,0,1103,196,216,157,443,cache_la_poudre,4,4
2118,317,11,60,4,1129,191,231,179,1302,cache_la_poudre,17,4
2119,83,34,124,68,335,244,161,18,335,cache_la_poudre,10,4
2121,0,9,0,0,768,206,222,154,553,cache_la_poudre,14,4
2121,83,11,30,8,1302,235,221,116,930,cache_la_poudre,17,4
2121,331,27,0,0,1213,148,196,182,1127,cache_la_poudre,17,4
2122,127,17,30,3,1170,246,226,102,1365,cache_la_poudre,17,4
2123,107,26,30,12,981,253,199,58,324,cache_la_poudre,3,4
2127,87,10,0,0,1298,235,224,119,421,cache_la_poudre,3,4
2128,27,9,0,0,1154,217,221,140,1448,cache_la_poudre,17,4
2128,190,13,60,-3,1333,219,250,161,1302,cache_la_poudre,17,4
2129,309,3,30,-2,1291,211,237,165,1337,cache_la_poudre,17,4
2132,252,14,30,2,940,188,249,198,1438,cache_la_poudre,17,4
2133,233,9,30,0,1235,205,249,181,1377,cache_la_poudre,17,4
2137,27,8,0,0,1406,217,223,142,331,cache_la_poudre,14,4
2137,140,33,42,24,1060,247,210,63,408,cache_la_poudre,3,4
2139,129,31,67,35,926,252,204,54,277,cache_la_poudre,3,4
2142,103,12,0,0,1431,240,224,112,301,cache_la_poudre,3,4
2143,135,2,0,0,937,222,238,151,721,cache_la_poudre,14,4
2151,328,22,0,0,1317,160,208,184,1218,cache_la_poudre,17,4
2156,9,9,0,0,1425,210,222,149,876,cache_la_poudre,3,4
2160,145,21,30,9,1482,244,232,107,242,cache_la_poudre,3,4
2161,74,8,0,0,1150,230,224,127,741,cache_la_poudre,17,4
2163,130,19,0,0,1380,247,226,100,914,cache_la_poudre,3,4
2167,145,34,85,47,1101,244,212,68,467,cache_la_poudre,3,4
2172,115,36,153,94,658,253,179,20,67,cache_la_poudre,3,4
2172,283,22,30,11,1167,153,234,219,797,cache_la_poudre,17,4
2175,336,11,0,0,1033,194,225,169,525,cache_la_poudre,14,4
2176,129,29,175,98,698,252,208,61,90,cache_la_poudre,3,4
2177,284,23,30,12,1036,149,233,221,592,cache_la_poudre,14,4
2179,204,23,0,0,1254,200,253,178,902,cache_la_poudre,10,4
2180,14,7,30,0,1149,213,225,149,1149,cache_la_poudre,4,4
2180,133,17,0,0,1146,245,230,108,1146,cache_la_poudre,3,4
2182,326,17,0,0,1047,176,219,182,499,cache_la_poudre,10,4
2183,150,31,42,25,1443,241,221,83,850,cache_la_poudre,3,4
2184,108,26,108,48,1333,253,200,58,700,cache_la_poudre,3,4
2184,116,9,0,0,1062,236,231,126,1231,cache_la_poudre,3,4
2185,113,32,134,74,967,254,188,35,342,cache_la_poudre,3,4
2185,121,28,150,85,819,254,205,59,201,cache_la_poudre,3,4
2190,105,37,201,118,551,252,169,10,162,cache_la_poudre,3,4
2191,342,8,42,5,1003,203,228,164,1298,cache_la_poudre,4,4
2192,122,29,175,92,793,254,204,57,190,cache_la_poudre,3,4
2193,48,7,0,0,1442,223,225,138,553,cache_la_poudre,14,4
2193,338,12,30,4,960,194,223,168,1341,cache_la_poudre,4,4
2194,124,13,0,0,892,241,231,117,1401,cache_la_poudre,3,4
2196,144,33,127,76,1091,245,212,67,469,cache_la_poudre,3,4
2196,329,10,30,0,853,196,228,172,1445,cache_la_poudre,4,4
2199,333,4,0,0,792,210,234,163,1510,cache_la_poudre,4,4
2200,77,25,210,149,474,242,186,60,247,cache_la_poudre,3,4
2200,131,19,30,7,955,247,226,100,1337,cache_la_poudre,3,4
2201,131,21,30,7,870,249,223,91,1421,cache_la_poudre,3,4
2203,155,4,0,0,1296,224,240,150,680,cache_la_poudre,17,4
2204,216,11,0,0,1299,209,250,176,703,cache_la_poudre,17,4
2205,141,31,42,25,1146,247,214,70,1146,cache_la_poudre,3,4
2208,106,20,60,11,785,250,211,80,1506,cache_la_poudre,3,4
2208,151,26,67,27,1082,242,229,99,1209,cache_la_poudre,3,4
2211,146,32,42,28,1230,244,217,75,1061,cache_la_poudre,3,4
2212,119,25,67,25,997,253,210,69,1294,cache_la_poudre,3,4
2212,164,8,0,0,1120,228,243,147,272,cache_la_poudre,17,4
2214,127,31,162,101,1024,253,202,51,408,cache_la_poudre,3,4
2219,56,3,30,-2,1296,222,232,146,454,cache_la_poudre,17,4
2219,96,12,30,-10,1423,239,223,113,983,cache_la_poudre,10,4
2221,194,13,30,0,1112,218,250,164,295,cache_la_poudre,1,4
2223,75,27,201,93,1249,241,178,50,642,cache_la_poudre,10,4
2223,302,4,0,0,1213,207,238,169,360,cache_la_poudre,17,4
2226,120,33,228,148,633,254,193,38,150,cache_la_poudre,3,4
2227,137,35,175,107,1040,248,202,50,433,cache_la_poudre,3,4
2228,95,9,0,0,470,234,227,124,1852,cache_la_poudre,3,4
2229,344,14,0,0,849,190,217,165,342,cache_la_poudre,14,4
2231,190,26,258,106,1153,209,249,157,577,cache_la_poudre,3,4
2232,119,20,30,7,484,250,218,88,1829,cache_la_poudre,3,4
2232,141,29,0,0,1434,248,218,77,949,cache_la_poudre,17,4
2234,121,28,108,47,997,254,205,59,1296,cache_la_poudre,3,4
2236,133,27,85,48,1273,251,216,75,1019,cache_la_poudre,3,4
2239,128,30,85,45,891,252,205,56,1401,cache_la_poudre,3,4
2240,83,16,0,0,1507,241,211,96,342,cache_la_poudre,3,4
2243,141,30,108,62,1167,247,216,75,1126,cache_la_poudre,3,4
2245,358,8,0,0,1575,208,225,155,1020,cache_la_poudre,17,4
2246,120,25,42,18,458,253,210,69,1849,cache_la_poudre,3,4
2249,134,26,175,91,1416,250,217,78,811,cache_la_poudre,3,4
2250,313,12,0,0,1155,189,231,182,454,cache_la_poudre,10,4
2253,117,41,234,149,882,251,168,0,313,cache_la_poudre,3,4
2254,50,19,0,0,395,225,196,97,1733,cache_la_poudre,4,4
2254,138,24,162,91,1380,248,224,91,918,cache_la_poudre,3,4
2256,191,25,150,76,1126,210,249,159,1172,cache_la_poudre,3,4
2259,24,3,0,0,752,218,233,152,607,cache_la_poudre,4,4
2260,126,4,0,0,295,227,237,145,366,cache_la_poudre,10,4
2263,93,31,180,66,679,250,177,32,1613,cache_la_poudre,3,4
2264,115,20,150,81,1296,250,215,84,1003,cache_la_poudre,3,4
2265,118,25,85,37,450,253,209,67,1847,cache_la_poudre,3,4
2266,354,27,30,8,1653,166,183,147,850,cache_la_poudre,10,4
2268,325,17,0,0,361,177,220,182,685,cache_la_poudre,16,4
2269,110,28,60,28,350,254,196,49,1812,cache_la_poudre,3,4
2274,109,17,170,86,1276,247,218,94,1026,cache_la_poudre,3,4
2275,264,9,0,0,331,197,245,186,713,cache_la_poudre,16,4
2278,115,28,127,53,488,254,199,51,1803,cache_la_poudre,3,4
2279,306,9,30,5,997,196,235,179,418,cache_la_poudre,16,4
2280,128,16,497,122,1403,244,229,109,911,cache_la_poudre,2,4
2281,119,19,212,93,1279,249,220,92,1032,cache_la_poudre,3,4
2284,34,5,0,0,531,219,228,145,832,cache_la_poudre,4,4
2286,113,14,256,128,1406,244,224,107,824,cache_la_poudre,3,4
2286,161,16,30,6,1501,235,242,133,592,cache_la_poudre,3,4
2289,120,23,216,96,942,252,213,75,1368,cache_la_poudre,3,4
2289,157,16,297,109,1165,236,241,130,1173,cache_la_poudre,3,4
2291,118,23,510,133,1425,252,213,76,940,cache_la_poudre,2,4
2291,131,22,234,108,1302,249,222,88,1015,cache_la_poudre,3,4
2292,109,26,192,98,876,253,201,58,1429,cache_la_poudre,3,4
2293,118,21,234,105,1260,251,215,82,1057,cache_la_poudre,6,4
2296,100,22,537,138,1406,250,205,72,931,cache_la_poudre,2,4
2297,97,17,85,24,330,246,212,89,1599,cache_la_poudre,4,4
2301,93,9,0,0,1320,235,226,123,854,cache_la_poudre,3,4
2302,226,22,484,162,1316,184,254,200,816,cache_la_poudre,6,4
2303,112,31,228,82,573,254,190,39,1719,cache_la_poudre,3,4
2305,126,19,277,122,1350,248,223,95,983,cache_la_poudre,3,4
2305,137,9,0,0,849,234,237,134,815,cache_la_poudre,17,4
2306,111,26,212,109,858,253,203,61,1452,cache_la_poudre,3,4
2308,94,24,319,127,1106,249,196,61,1240,cache_la_poudre,3,4
2308,114,26,242,111,708,254,203,59,1598,cache_la_poudre,3,4
2308,250,25,366,195,997,159,248,221,488,cache_la_poudre,3,4
2310,104,25,234,116,882,252,199,59,1434,cache_la_poudre,3,4
2310,114,14,300,127,1374,243,225,108,967,cache_la_poudre,6,4
2311,21,4,0,0,85,217,231,151,30,cache_la_poudre,10,4
2311,135,18,30,7,85,245,230,107,150,cache_la_poudre,11,4
2314,97,36,319,210,872,251,166,12,361,cache_la_poudre,3,4
2316,99,21,474,22,1357,249,206,76,938,cache_la_poudre,2,4
2319,119,26,277,125,932,253,207,64,1398,cache_la_poudre,3,4
2322,100,30,270,125,642,252,184,36,1660,cache_la_poudre,3,4
2322,208,17,362,28,1224,206,253,178,812,cache_la_poudre,2,4
2323,137,30,451,197,1209,249,213,68,713,cache_la_poudre,3,4
2325,28,12,0,0,1260,215,213,133,162,cache_la_poudre,6,4
2325,248,28,437,31,1256,150,247,226,794,cache_la_poudre,6,4
2325,302,8,95,23,1184,199,237,177,162,cache_la_poudre,6,4
2328,2,19,0,0,866,191,201,145,1036,cache_la_poudre,10,4
2328,8,3,0,0,376,216,232,154,1343,cache_la_poudre,14,4
2332,95,13,0,0,216,240,221,110,782,cache_la_poudre,4,4
2332,100,22,339,145,1045,250,205,72,1307,cache_la_poudre,6,4
2333,172,24,454,39,1231,228,243,133,742,cache_la_poudre,6,4
2333,229,26,366,39,933,171,253,208,451,cache_la_poudre,6,4
2337,93,25,300,140,624,249,193,58,1682,cache_la_poudre,3,4
2337,206,11,342,226,934,213,250,171,424,cache_la_poudre,6,4
2339,38,17,0,0,830,218,202,114,1061,cache_la_poudre,10,4
2341,88,20,0,0,853,245,203,79,1050,cache_la_poudre,5,4
2342,348,6,0,0,1448,209,231,160,351,cache_la_poudre,6,4
2347,240,19,277,53,892,181,252,205,484,cache_la_poudre,6,4
2349,62,8,0,0,484,227,223,130,850,cache_la_poudre,2,4
2351,108,24,319,154,853,252,206,68,1489,cache_la_poudre,3,4
2360,75,19,350,139,592,239,201,84,1729,cache_la_poudre,3,4
2360,257,11,228,66,1107,193,247,192,752,cache_la_poudre,6,4
2362,274,13,218,68,1082,184,243,198,722,cache_la_poudre,6,4
2366,84,16,390,145,595,241,211,95,1734,cache_la_poudre,6,4
2366,129,20,335,169,768,249,223,93,1573,cache_la_poudre,3,4
2377,55,13,424,180,890,228,211,113,1492,cache_la_poudre,6,4
2388,65,21,0,0,722,234,193,81,1140,cache_la_poudre,10,4
2397,158,19,324,107,806,237,239,125,400,cache_la_poudre,6,4
2438,87,9,30,4,400,234,225,123,1318,cache_la_poudre,6,4
2483,109,11,0,0,365,240,227,116,1523,cache_la_poudre,5,4
1872,12,27,85,25,60,182,174,118,577,cache_la_poudre,5,6
1874,18,14,0,0,90,208,209,135,793,cache_la_poudre,5,6
1886,43,20,30,12,124,220,193,100,752,cache_la_poudre,5,6
1894,47,22,42,15,153,221,187,90,726,cache_la_poudre,1,6
1895,26,22,153,45,120,204,188,112,730,cache_la_poudre,2,6
1903,1,21,150,52,120,184,195,144,721,cache_la_poudre,2,6
1905,19,27,134,58,120,188,171,108,636,cache_la_poudre,5,6
1909,21,22,180,60,150,199,187,117,755,cache_la_poudre,2,6
1909,31,26,201,67,162,203,174,94,794,cache_la_poudre,2,6
1911,9,21,108,39,95,192,194,134,713,cache_la_poudre,1,6
1924,35,32,228,76,210,198,152,68,866,cache_la_poudre,5,6
1930,37,24,85,21,285,211,180,94,638,cache_la_poudre,1,6
1932,251,26,30,10,240,154,247,224,743,cache_la_poudre,1,6
1938,345,26,240,87,212,159,189,161,808,cache_la_poudre,5,6
1940,48,27,201,89,190,219,172,71,730,cache_la_poudre,1,6
1940,355,33,95,26,120,149,163,138,850,cache_la_poudre,5,6
1953,305,19,124,62,95,166,227,200,579,cache_la_poudre,1,6
1962,4,20,0,0,361,189,196,140,582,cache_la_poudre,1,6
1963,30,38,285,118,247,180,132,61,883,cache_la_poudre,5,6
1966,360,31,301,115,277,158,165,132,859,cache_la_poudre,5,6
1968,21,11,0,0,306,212,216,139,516,cache_la_poudre,1,6
1968,42,19,134,39,420,219,195,104,711,cache_la_poudre,1,6
1970,340,35,285,115,256,127,168,167,902,cache_la_poudre,5,6
1971,18,30,306,120,285,182,163,103,853,cache_la_poudre,5,6
1973,346,11,216,44,480,199,223,162,741,cache_la_poudre,1,6
1983,17,21,228,45,510,197,190,123,731,cache_la_poudre,1,6
1987,328,23,124,65,180,157,206,184,850,cache_la_poudre,1,6
1997,274,18,256,75,450,170,242,210,808,cache_la_poudre,1,6
1998,326,15,295,69,540,182,222,179,779,cache_la_poudre,1,6
1999,28,15,270,77,330,213,207,127,886,cache_la_poudre,1,6
2002,49,32,351,151,335,214,153,50,875,cache_la_poudre,1,6
2008,0,36,247,159,228,146,151,125,781,cache_la_poudre,5,6
2008,272,16,313,86,450,176,243,206,864,cache_la_poudre,1,6
2016,25,24,108,40,430,200,182,108,541,cache_la_poudre,10,6
2016,344,34,240,167,210,133,165,158,794,cache_la_poudre,5,6
2017,296,16,60,19,277,172,233,200,485,cache_la_poudre,10,6
2028,22,35,360,183,323,175,144,83,934,cache_la_poudre,5,6
2031,31,22,295,69,618,208,186,105,700,cache_la_poudre,10,6
2038,237,20,295,-19,607,179,253,206,912,cache_la_poudre,1,6
2041,282,27,366,-16,514,136,230,228,902,cache_la_poudre,1,6
2044,312,28,60,24,324,133,206,208,560,cache_la_poudre,10,6
2044,337,37,360,195,330,116,163,170,924,cache_la_poudre,5,6
2046,7,28,90,51,433,173,172,125,495,cache_la_poudre,10,6
2046,234,19,268,-11,612,185,253,202,942,cache_la_poudre,1,6
2049,321,17,242,-8,700,173,220,186,932,cache_la_poudre,1,6
2055,352,35,362,-8,408,139,159,142,967,cache_la_poudre,5,6
2057,355,17,270,0,726,189,207,154,900,cache_la_poudre,1,6
2059,6,27,360,1,720,176,178,129,811,cache_la_poudre,10,6
2063,41,29,306,-117,659,210,165,73,691,cache_la_poudre,10,6
2065,34,34,108,71,180,194,147,66,451,cache_la_poudre,10,6
2072,4,36,366,8,424,152,149,116,1006,cache_la_poudre,5,6
2073,58,20,201,81,216,230,193,87,443,cache_la_poudre,4,6
2075,36,33,134,67,492,197,148,63,514,cache_la_poudre,10,6
2075,266,23,361,11,446,155,243,223,1015,cache_la_poudre,1,6
2076,27,24,30,5,175,201,180,105,516,cache_la_poudre,15,6
2078,18,30,182,-64,576,182,163,103,570,cache_la_poudre,10,6
2081,66,34,150,35,216,230,153,28,484,cache_la_poudre,10,6
2086,330,36,379,22,360,115,173,184,942,cache_la_poudre,5,6
2086,356,30,309,-94,716,159,173,142,721,cache_la_poudre,10,6
2087,325,35,85,48,418,116,180,192,671,cache_la_poudre,10,6
2088,27,27,283,-92,691,197,169,95,691,cache_la_poudre,10,6
2089,274,25,342,25,450,145,237,227,1044,cache_la_poudre,1,6
2089,356,21,30,5,234,182,197,149,458,cache_la_poudre,10,6
2090,44,30,120,39,180,212,160,64,481,cache_la_poudre,10,6
2091,34,32,85,40,150,196,153,72,612,cache_la_poudre,10,6
2092,279,26,297,28,510,139,232,228,1026,cache_la_poudre,1,6
2096,351,36,295,32,474,132,154,143,1024,cache_la_poudre,5,6
2098,102,28,180,48,240,253,190,45,430,cache_la_poudre,10,6
2100,4,26,268,96,514,176,180,133,738,cache_la_poudre,10,6
2100,28,26,256,-80,666,199,173,98,661,cache_la_poudre,10,6
2100,45,1,30,-8,1040,219,236,154,655,cache_la_poudre,14,6
2101,54,33,330,37,400,219,152,42,960,cache_la_poudre,1,6
2102,17,18,30,7,242,202,199,129,845,cache_la_poudre,10,6
2103,26,29,42,12,446,194,165,93,335,cache_la_poudre,10,6
2104,36,32,124,2,531,199,152,68,510,cache_la_poudre,10,6
2104,77,32,180,52,240,240,163,27,446,cache_la_poudre,10,6
2104,319,20,67,23,192,165,218,191,793,cache_la_poudre,10,6
2104,358,27,60,8,297,169,181,141,402,cache_la_poudre,10,6
2105,32,25,361,41,365,205,178,97,932,cache_la_poudre,5,6
2105,323,12,42,8,973,189,227,178,721,cache_la_poudre,14,6
2107,325,31,85,44,592,130,190,191,785,cache_la_poudre,10,6
2107,329,34,351,43,390,120,178,187,972,cache_la_poudre,5,6
2108,16,32,242,79,277,176,158,103,510,cache_la_poudre,10,6
2108,312,14,67,4,990,182,229,187,713,cache_la_poudre,10,6
2112,333,21,95,44,691,166,207,177,892,cache_la_poudre,10,6
2113,32,23,30,12,630,208,182,100,693,cache_la_poudre,5,6
2114,34,5,30,-6,511,219,228,145,379,cache_la_poudre,10,6
2115,258,24,170,51,600,155,245,224,999,cache_la_poudre,1,6
2118,322,33,108,60,566,121,188,196,765,cache_la_poudre,10,6
2119,37,25,42,18,660,210,178,91,721,cache_la_poudre,5,6
2119,319,35,127,72,474,112,185,201,730,cache_la_poudre,10,6
2121,22,30,272,63,787,187,162,96,900,cache_la_poudre,10,6
2122,22,26,170,67,256,194,174,105,524,cache_la_poudre,10,6
2122,288,1,30,-5,443,216,238,159,433,cache_la_poudre,10,6
2123,81,31,210,73,270,243,170,33,418,cache_la_poudre,2,6
2124,59,33,150,72,216,224,153,36,488,cache_la_poudre,4,6
2124,323,26,162,85,458,144,203,193,661,cache_la_poudre,10,6
2125,14,24,85,22,404,191,184,122,335,cache_la_poudre,10,6
2125,243,27,216,61,540,158,249,221,1050,cache_la_poudre,1,6
2126,24,29,228,-54,703,190,164,95,666,cache_la_poudre,10,6
2126,316,17,60,14,1153,172,223,190,601,cache_la_poudre,10,6
2128,10,27,90,26,531,178,174,122,481,cache_la_poudre,10,6
2128,39,16,150,28,350,219,203,115,342,cache_la_poudre,2,6
2129,39,34,242,65,495,201,147,58,1036,cache_la_poudre,1,6
2132,11,12,30,5,1195,207,214,144,570,cache_la_poudre,14,6
2136,297,18,150,11,216,168,232,203,703,cache_la_poudre,10,6
2137,9,25,120,34,404,184,182,127,313,cache_la_poudre,10,6
2138,51,24,228,42,309,224,181,79,391,cache_la_poudre,10,6
2139,318,30,85,51,834,128,197,201,874,cache_la_poudre,10,6
2140,303,26,95,52,876,140,217,213,837,cache_la_poudre,10,6
2147,26,31,170,96,228,189,156,85,569,cache_la_poudre,10,6
2147,34,34,150,125,324,194,146,65,210,cache_la_poudre,10,6
2148,22,29,85,15,319,189,166,99,782,cache_la_poudre,10,6
2150,291,28,190,87,638,132,222,225,858,cache_la_poudre,10,6
2151,58,13,0,0,1253,229,212,114,577,cache_la_poudre,14,6
2152,358,22,150,24,600,180,194,147,268,cache_la_poudre,10,6
2153,328,29,0,0,573,139,194,188,446,cache_la_poudre,10,6
2155,35,22,247,55,350,211,186,100,350,cache_la_poudre,10,6
2157,301,28,60,26,660,133,216,218,930,cache_la_poudre,10,6
2158,310,29,201,88,658,131,207,210,882,cache_la_poudre,10,6
2158,350,29,67,24,1350,154,178,152,424,cache_la_poudre,10,6
2160,148,8,212,96,514,231,240,141,1033,cache_la_poudre,2,6
2163,317,29,127,74,787,131,200,202,931,cache_la_poudre,10,6
2164,341,30,190,92,700,145,181,166,924,cache_la_poudre,10,6
2167,288,29,212,100,616,128,223,228,841,cache_la_poudre,10,6
2168,353,23,85,28,379,174,193,152,450,cache_la_poudre,10,6
2169,33,41,120,78,458,178,120,45,295,cache_la_poudre,10,6
2169,42,32,242,119,306,206,153,60,361,cache_la_poudre,10,6
2170,40,27,180,47,598,210,170,80,258,cache_la_poudre,10,6
2171,51,36,120,76,569,212,140,34,837,cache_la_poudre,10,6
2172,58,34,153,140,376,222,149,34,218,cache_la_poudre,10,6
2173,47,33,85,9,418,211,151,51,983,cache_la_poudre,10,6
2174,12,19,270,71,417,196,197,133,283,cache_la_poudre,10,6
2174,303,31,67,23,1252,119,207,221,648,cache_la_poudre,10,6
2174,309,27,124,37,1104,138,211,209,690,cache_la_poudre,10,6
2174,334,15,0,0,1421,185,219,173,577,cache_la_poudre,14,6
2177,2,30,42,14,1531,165,170,130,268,cache_la_poudre,10,6
2178,0,26,30,6,752,173,182,138,1024,cache_la_poudre,10,6
2180,23,31,127,30,361,186,159,92,752,cache_la_poudre,10,6
2180,30,25,201,69,469,204,178,99,228,cache_la_poudre,10,6
2185,28,15,268,90,426,213,207,127,671,cache_la_poudre,10,6
2189,36,28,182,167,362,205,166,80,190,cache_la_poudre,10,6
2191,83,17,390,70,450,241,208,91,212,cache_la_poudre,2,6
2191,296,30,120,54,1146,125,216,225,693,cache_la_poudre,10,6
2191,330,17,268,141,488,177,216,178,726,cache_la_poudre,10,6
2193,51,37,90,88,648,209,135,29,918,cache_la_poudre,10,6
2193,321,17,258,140,531,175,222,186,767,cache_la_poudre,10,6
2193,334,28,192,110,764,145,190,178,983,cache_la_poudre,10,6
2194,12,10,283,99,469,210,220,146,711,cache_la_poudre,10,6
2196,1,33,67,28,1548,155,161,128,283,cache_la_poudre,10,6
2196,278,24,120,65,722,146,235,224,990,cache_la_poudre,10,6
2196,282,28,120,78,693,133,229,229,960,cache_la_poudre,10,6
2197,60,28,42,12,390,228,169,55,631,cache_la_poudre,1,6
2199,49,30,210,104,577,216,161,60,836,cache_la_poudre,1,6
2200,30,29,42,1,446,198,166,88,859,cache_la_poudre,10,6
2200,43,27,190,168,390,213,169,75,201,cache_la_poudre,10,6
2200,295,31,216,112,870,121,215,227,908,cache_la_poudre,10,6
2202,34,43,108,77,525,174,111,36,350,cache_la_poudre,10,6
2203,60,21,242,108,566,231,192,84,819,cache_la_poudre,1,6
2203,346,23,210,78,552,168,195,161,180,cache_la_poudre,10,6
2206,43,26,285,155,351,215,174,80,342,cache_la_poudre,2,6
2206,57,30,228,73,573,224,162,50,234,cache_la_poudre,10,6
2206,94,14,360,85,480,241,219,105,190,cache_la_poudre,2,6
2206,136,21,30,-1,1461,247,227,98,509,cache_la_poudre,2,6
2207,4,35,67,4,488,153,152,119,532,cache_la_poudre,10,6
2208,37,39,95,73,566,188,127,44,391,cache_la_poudre,10,6
2208,326,21,67,26,1419,164,212,185,624,cache_la_poudre,10,6
2211,30,14,272,116,582,215,209,128,832,cache_la_poudre,10,6
2212,34,25,201,167,417,207,176,92,216,cache_la_poudre,10,6
2215,68,23,234,115,384,236,189,73,417,cache_la_poudre,2,6
2215,137,23,30,7,1471,248,224,92,488,cache_la_poudre,2,6
2217,43,18,342,167,408,220,197,105,285,cache_la_poudre,2,6
2218,0,35,60,15,819,148,153,126,1090,cache_la_poudre,10,6
2218,27,24,365,168,430,202,181,105,247,cache_la_poudre,2,6
2218,133,24,60,24,1489,250,219,82,488,cache_la_poudre,2,6
2219,30,22,446,91,514,207,186,106,153,cache_la_poudre,10,6
2220,119,28,60,31,1507,254,204,58,474,cache_la_poudre,2,6
2221,347,22,300,18,624,173,199,161,872,cache_la_poudre,10,6
2225,344,31,256,159,636,144,176,161,888,cache_la_poudre,10,6
2226,55,37,124,44,664,214,135,23,931,cache_la_poudre,10,6
2227,291,24,180,90,1149,145,227,219,760,cache_la_poudre,10,6
2227,332,33,60,31,684,126,179,181,525,cache_la_poudre,10,6
2228,332,23,300,102,658,159,203,179,108,cache_la_poudre,10,6
2230,23,33,190,49,806,182,150,86,685,cache_la_poudre,10,6
2230,45,17,430,107,573,222,200,106,95,cache_la_poudre,2,6
2232,15,20,454,111,547,198,194,128,134,cache_la_poudre,10,6
2232,319,11,30,-7,1559,192,230,178,700,cache_la_poudre,17,6
2233,60,19,330,110,642,231,197,90,60,cache_la_poudre,2,6
2233,306,30,175,88,1237,125,208,216,750,cache_la_poudre,10,6
2234,46,20,391,108,631,221,191,96,30,cache_la_poudre,2,6
2234,317,30,134,68,1321,127,198,202,713,cache_la_poudre,10,6
2236,321,21,90,28,1328,161,214,190,638,cache_la_poudre,10,6
2237,61,28,42,21,516,230,169,53,942,cache_la_poudre,10,6
2241,26,28,42,3,552,194,167,95,641,cache_la_poudre,10,6
2242,316,33,67,46,703,115,191,206,551,cache_la_poudre,10,6
2242,335,23,67,14,1489,163,203,175,360,cache_la_poudre,10,6
2242,358,39,85,32,849,134,142,125,1120,cache_la_poudre,10,6
2243,334,31,277,40,691,136,184,178,939,cache_la_poudre,10,6
2245,52,20,390,115,661,226,193,92,0,cache_la_poudre,2,6
2245,72,12,90,14,1332,233,217,114,560,cache_la_poudre,2,6
2245,291,24,175,56,1342,147,228,218,732,cache_la_poudre,10,6
2245,309,20,120,34,1300,162,223,199,661,cache_la_poudre,10,6
2245,346,20,360,109,684,176,203,163,95,cache_la_poudre,10,6
2247,20,25,95,66,721,193,177,110,591,cache_la_poudre,10,6
2247,55,35,134,44,674,217,144,32,940,cache_la_poudre,10,6
2247,62,14,124,53,1533,231,211,110,408,cache_la_poudre,10,6
2250,304,21,67,8,1618,157,224,205,760,cache_la_poudre,6,6
2253,301,32,216,105,832,117,208,222,1114,cache_la_poudre,10,6
2256,250,31,42,23,1290,139,244,232,474,cache_la_poudre,2,6
2256,320,19,95,26,1500,167,218,190,677,cache_la_poudre,6,6
2257,55,13,420,121,693,228,211,114,42,cache_la_poudre,2,6
2257,301,19,124,54,1567,164,228,203,323,cache_la_poudre,10,6
2258,339,30,242,10,774,143,182,170,1020,cache_la_poudre,10,6
2259,15,11,170,51,1599,210,216,142,342,cache_la_poudre,10,6
2259,60,18,30,8,90,231,201,96,953,cache_la_poudre,10,6
2259,349,31,212,96,872,149,173,152,1142,cache_la_poudre,10,6
2261,45,27,60,4,990,216,171,74,957,cache_la_poudre,5,6
2261,177,23,30,15,1591,224,246,141,932,cache_la_poudre,2,6
2261,295,23,85,29,1613,150,227,214,755,cache_la_poudre,6,6
2261,353,30,120,65,732,155,173,145,558,cache_la_poudre,10,6
2262,2,12,42,9,1321,203,216,151,541,cache_la_poudre,10,6
2265,349,20,192,72,1259,178,202,159,765,cache_la_poudre,10,6
2266,111,14,124,47,1451,243,224,107,446,cache_la_poudre,2,6
2267,66,6,30,-3,1034,226,228,137,1224,cache_la_poudre,10,6
2267,307,21,85,19,1142,159,223,202,797,cache_la_poudre,10,6
2269,30,33,162,53,579,191,149,74,1006,cache_la_poudre,10,6
2269,284,34,228,138,792,107,217,238,1087,cache_la_poudre,10,6
2270,228,21,0,0,1385,185,254,200,531,cache_la_poudre,17,6
2271,49,19,162,24,1293,224,196,98,573,cache_la_poudre,2,6
2272,328,19,30,10,1254,172,215,181,618,cache_la_poudre,14,6
2272,328,22,124,41,1182,161,208,183,752,cache_la_poudre,10,6
2273,310,24,218,61,1195,149,216,204,768,cache_la_poudre,10,6
2273,318,26,272,136,1116,145,208,198,853,cache_la_poudre,10,6
2274,57,31,30,19,997,224,161,49,1154,cache_la_poudre,4,6
2275,57,31,108,59,582,224,160,47,987,cache_la_poudre,1,6
2275,75,19,124,8,190,239,201,85,942,cache_la_poudre,3,6
2275,312,26,90,54,1230,142,211,205,430,cache_la_poudre,10,6
2275,312,27,120,65,875,138,209,206,674,cache_la_poudre,10,6
2276,93,16,201,29,1318,243,214,96,541,cache_la_poudre,2,6
2276,240,7,170,36,1711,208,246,176,878,cache_la_poudre,2,6
2277,0,28,218,61,636,168,177,137,990,cache_la_poudre,10,6
2277,348,21,192,80,1237,176,200,159,764,cache_la_poudre,10,6
2278,233,32,42,12,1536,152,248,219,765,cache_la_poudre,1,6
2280,331,26,60,26,1084,149,197,182,845,cache_la_poudre,10,6
2280,355,22,67,42,1570,178,195,151,720,cache_la_poudre,6,6
2281,51,18,150,34,1263,226,197,99,603,cache_la_poudre,2,6
2282,5,13,150,49,1593,203,214,148,755,cache_la_poudre,6,6
2282,12,21,60,19,1050,194,193,130,900,cache_la_poudre,5,6
2282,344,30,85,23,1261,147,179,161,598,cache_la_poudre,10,6
2284,86,18,150,17,218,243,208,88,957,cache_la_poudre,3,6
2284,304,29,212,36,973,126,210,218,962,cache_la_poudre,10,6
2284,356,18,212,114,644,187,204,152,426,cache_la_poudre,6,6
2286,47,24,30,19,134,220,181,82,1020,cache_la_poudre,10,6
2286,329,23,162,90,792,158,206,184,624,cache_la_poudre,10,6
2287,316,21,30,6,1055,159,217,196,400,cache_la_poudre,16,6
2287,337,22,162,56,1142,167,204,174,793,cache_la_poudre,10,6
2288,265,15,120,48,1634,181,245,202,781,cache_la_poudre,2,6
2289,36,20,150,42,1082,214,192,106,781,cache_la_poudre,10,6
2291,36,21,85,-2,182,213,188,102,1020,cache_la_poudre,10,6
2294,224,38,67,34,1543,145,243,210,787,cache_la_poudre,1,6
2294,263,29,30,13,1388,137,239,233,765,cache_la_poudre,10,6
2294,286,32,268,163,778,116,220,235,1120,cache_la_poudre,10,6
2294,308,24,256,82,1158,146,216,207,811,cache_la_poudre,10,6
2295,292,22,60,25,1321,153,230,214,446,cache_la_poudre,10,6
2296,335,25,30,18,1558,157,199,177,641,cache_la_poudre,10,6
2298,286,23,85,34,987,151,233,219,485,cache_la_poudre,5,6
2298,340,18,108,58,947,180,212,169,1218,cache_la_poudre,10,6
2299,68,25,60,29,600,236,181,61,794,cache_la_poudre,1,6
2299,303,13,60,12,1455,184,233,190,722,cache_la_poudre,10,6
2300,18,32,180,104,782,178,155,97,595,cache_la_poudre,10,6
2300,311,18,42,11,1064,170,225,195,808,cache_la_poudre,10,6
2301,333,18,170,53,849,175,214,176,1050,cache_la_poudre,11,6
2303,265,17,120,47,1740,175,246,208,1018,cache_la_poudre,2,6
2304,284,10,30,5,1380,191,240,189,808,cache_la_poudre,17,6
2304,296,19,256,138,1340,164,231,206,832,cache_la_poudre,10,6
2305,19,16,234,74,992,206,203,131,1263,cache_la_poudre,10,6
2307,217,9,30,-11,931,211,249,174,983,cache_la_poudre,10,6
2307,320,22,60,17,1036,158,213,192,836,cache_la_poudre,10,6
2308,295,15,67,5,1470,178,235,197,513,cache_la_poudre,10,6
2309,255,24,258,69,1680,159,247,221,866,cache_la_poudre,2,6
2310,30,19,120,47,1080,211,196,115,834,cache_la_poudre,5,6
2310,332,11,150,62,875,193,225,172,1050,cache_la_poudre,11,6
2311,323,21,180,63,1008,164,214,188,997,cache_la_poudre,11,6
2313,324,25,210,65,1050,151,205,190,972,cache_la_poudre,11,6
2313,332,16,67,35,1579,183,219,175,607,cache_la_poudre,10,6
2314,22,23,297,118,934,199,185,114,782,cache_la_poudre,6,6
2316,27,23,150,53,1129,204,183,106,808,cache_la_poudre,5,6
2317,318,26,30,12,860,144,207,198,849,cache_la_poudre,17,6
2318,303,25,210,108,900,142,218,212,767,cache_la_poudre,6,6
2318,319,21,30,2,618,162,216,192,725,cache_la_poudre,10,6
2318,324,19,201,80,1060,170,217,185,872,cache_la_poudre,10,6
2320,49,20,182,104,644,223,191,93,1082,cache_la_poudre,10,6
2320,88,20,30,5,1138,245,204,80,1370,cache_la_poudre,10,6
2321,3,19,240,77,1054,191,201,144,1325,cache_la_poudre,10,6
2321,322,21,85,41,1121,163,214,189,421,cache_la_poudre,10,6
2321,333,9,108,9,1565,200,229,168,601,cache_la_poudre,10,6
2322,292,29,95,39,1080,127,220,226,787,cache_la_poudre,10,6
2322,304,14,300,39,1266,181,232,191,902,cache_la_poudre,10,6
2323,304,20,42,11,1275,159,225,204,899,cache_la_poudre,10,6
2323,338,28,42,20,1112,149,190,173,994,cache_la_poudre,10,6
2324,82,19,30,13,1167,242,203,83,1355,cache_la_poudre,10,6
2326,13,26,42,20,1168,186,178,119,1001,cache_la_poudre,10,6
2326,273,22,90,20,1265,155,240,221,1438,cache_la_poudre,10,6
2326,337,25,339,127,1124,158,198,174,912,cache_la_poudre,10,6
2326,346,21,323,116,973,174,201,162,1266,cache_la_poudre,10,6
2327,3,10,0,0,1154,206,220,152,882,cache_la_poudre,10,6
2327,19,40,216,6,558,160,127,76,395,cache_la_poudre,10,6
2327,311,14,0,0,1441,180,229,188,450,cache_la_poudre,17,6
2328,320,22,90,22,920,158,213,192,1026,cache_la_poudre,10,6
2328,322,30,95,38,1020,132,195,196,854,cache_la_poudre,10,6
2329,332,6,277,115,1650,207,233,165,854,cache_la_poudre,2,6
2330,296,15,201,120,983,177,234,198,685,cache_la_poudre,5,6
2331,123,11,60,0,391,239,231,121,1315,cache_la_poudre,1,6
2331,239,18,30,8,1399,183,252,204,738,cache_la_poudre,10,6
2331,308,17,30,5,1025,173,228,194,1431,cache_la_poudre,10,6
2331,353,12,95,11,1563,199,218,157,571,cache_la_poudre,10,6
2332,1,11,134,12,255,205,220,152,1290,cache_la_poudre,10,6
2332,323,30,42,25,994,130,193,194,900,cache_la_poudre,10,6
2333,59,24,134,63,684,230,182,72,845,cache_la_poudre,1,6
2333,75,7,30,3,426,228,228,133,1369,cache_la_poudre,1,6
2333,292,18,60,16,1410,168,234,205,424,cache_la_poudre,10,6
2333,348,9,0,0,1142,203,225,161,864,cache_la_poudre,10,6
2334,26,22,175,71,1172,204,187,110,765,cache_la_poudre,5,6
2334,61,21,85,19,268,232,190,81,1128,cache_la_poudre,10,6
2334,338,23,30,14,524,165,202,173,674,cache_la_poudre,17,6
2335,34,30,127,65,691,200,161,79,812,cache_la_poudre,10,6
2335,63,20,234,73,1120,233,194,83,726,cache_la_poudre,10,6
2335,105,21,60,20,285,250,208,76,1181,cache_la_poudre,1,6
2335,222,38,85,65,1332,146,243,208,534,cache_la_poudre,1,6
2335,231,43,108,69,1484,120,235,222,750,cache_la_poudre,1,6
2336,53,29,67,37,1253,221,164,57,1194,cache_la_poudre,10,6
2336,108,21,30,10,1034,250,210,78,1365,cache_la_poudre,5,6
2337,42,17,234,22,361,220,201,111,1116,cache_la_poudre,10,6
2337,291,4,162,54,1140,208,239,169,1026,cache_la_poudre,11,6
2337,341,22,350,115,990,167,200,168,1263,cache_la_poudre,10,6
2338,20,23,67,32,1154,198,185,116,972,cache_la_poudre,10,6
2338,311,19,134,57,1485,167,224,196,666,cache_la_poudre,10,6
2338,315,20,42,11,1350,164,220,194,242,cache_la_poudre,16,6
2338,344,26,60,31,1302,158,190,164,845,cache_la_poudre,10,6
2338,350,27,42,15,911,163,185,153,966,cache_la_poudre,10,6
2339,340,18,30,6,866,180,212,169,1020,cache_la_poudre,14,6
2339,350,28,42,13,1317,157,180,152,819,cache_la_poudre,10,6
2340,29,7,150,92,1073,218,224,142,1041,cache_la_poudre,11,6
2340,255,10,285,130,1032,197,247,188,693,cache_la_poudre,6,6
2341,309,20,42,15,1036,161,222,200,1456,cache_la_poudre,10,6
2342,3,10,277,79,1015,207,221,152,794,cache_la_poudre,5,6
2342,237,22,42,14,1415,175,253,209,711,cache_la_poudre,10,6
2342,359,23,85,39,1128,179,190,143,967,cache_la_poudre,10,6
2343,339,16,42,11,1443,184,215,169,335,cache_la_poudre,16,6
2344,310,8,0,0,914,199,235,175,1500,cache_la_poudre,10,6
2344,343,19,30,9,1445,179,208,166,454,cache_la_poudre,10,6
2344,351,6,192,55,1224,210,230,159,402,cache_la_poudre,6,6
2345,332,22,350,39,1032,162,206,180,1291,cache_la_poudre,10,6
2347,263,23,42,6,1406,157,244,222,700,cache_la_poudre,10,6
2347,326,22,309,41,1074,160,209,186,1320,cache_la_poudre,10,6
2347,345,18,127,35,1269,183,210,164,309,cache_la_poudre,10,6
2347,353,19,108,22,1537,183,202,154,547,cache_la_poudre,10,6
2348,5,17,272,152,845,196,205,143,638,cache_la_poudre,6,6
2348,45,22,120,77,934,220,188,92,932,cache_la_poudre,10,6
2349,13,14,180,66,1296,205,209,139,1060,cache_la_poudre,11,6
2349,325,13,240,66,1291,188,226,177,1006,cache_la_poudre,11,6
2350,15,28,210,80,731,182,169,112,663,cache_la_poudre,10,6
2350,37,28,42,23,485,207,166,79,400,cache_la_poudre,10,6
2350,337,23,42,15,837,163,201,173,1047,cache_la_poudre,10,6
2352,28,35,192,31,576,184,143,71,400,cache_la_poudre,10,6
2352,34,28,242,136,700,203,167,83,977,cache_la_poudre,10,6
2353,113,19,95,33,351,249,217,87,1235,cache_la_poudre,1,6
2353,308,25,150,59,882,143,215,208,1072,cache_la_poudre,10,6
2353,317,10,350,90,1092,194,231,178,671,cache_la_poudre,6,6
2353,337,27,60,35,854,151,191,173,1077,cache_la_poudre,10,6
2354,119,17,67,13,552,246,223,100,1443,cache_la_poudre,1,6
2354,276,26,150,48,1289,142,235,227,1451,cache_la_poudre,10,6
2355,5,18,0,0,1116,195,203,142,819,cache_la_poudre,10,6
2355,39,9,300,126,886,221,220,134,680,cache_la_poudre,6,6
2355,324,30,85,44,819,131,192,193,760,cache_la_poudre,10,6
2355,333,22,85,36,1320,163,205,178,258,cache_la_poudre,10,6
2356,302,13,150,95,957,183,234,190,987,cache_la_poudre,10,6
2356,319,22,85,29,1380,158,214,193,277,cache_la_poudre,10,6
2356,320,21,270,100,1140,162,215,191,511,cache_la_poudre,6,6
2356,347,30,384,156,1065,150,177,156,955,cache_la_poudre,10,6
2358,275,25,150,52,1261,146,237,226,1455,cache_la_poudre,10,6
2359,303,23,85,34,1060,151,223,209,1507,cache_la_poudre,10,6
2360,292,26,85,18,1350,139,225,221,361,cache_la_poudre,10,6
2360,329,23,95,34,1350,159,205,183,268,cache_la_poudre,10,6
2360,348,19,150,35,1570,182,206,161,582,cache_la_poudre,10,6
2361,287,26,180,90,890,140,228,224,1053,cache_la_poudre,10,6
2361,302,24,150,55,1207,146,221,212,1465,cache_la_poudre,10,6
2362,327,16,242,79,1231,181,221,179,1034,cache_la_poudre,10,6
2363,59,22,108,24,875,230,187,78,992,cache_la_poudre,10,6
2363,322,22,108,40,1380,158,211,190,285,cache_la_poudre,10,6
2364,311,24,390,81,1112,146,214,205,1003,cache_la_poudre,10,6
2364,328,29,95,30,854,138,192,186,1020,cache_la_poudre,10,6
2365,0,13,170,58,1033,200,215,152,815,cache_la_poudre,10,6
2366,35,23,240,96,721,210,183,98,972,cache_la_poudre,10,6
2367,25,29,30,17,1082,191,163,93,792,cache_la_poudre,10,6
2368,348,11,150,49,1060,199,222,161,819,cache_la_poudre,10,6
2369,329,28,85,34,816,143,195,185,1060,cache_la_poudre,10,6
2369,340,10,30,5,726,200,226,165,1541,cache_la_poudre,11,6
2370,275,24,180,64,1248,147,237,225,1430,cache_la_poudre,10,6
2370,294,19,127,40,1440,164,232,207,335,cache_la_poudre,10,6
2370,315,18,85,22,1307,170,223,192,569,cache_la_poudre,10,6
2371,300,17,150,40,1470,172,231,199,365,cache_la_poudre,10,6
2372,36,24,234,-1,912,210,179,93,934,cache_la_poudre,10,6
2372,292,11,306,102,806,188,238,189,1024,cache_la_poudre,6,6
2372,327,28,424,46,1054,141,196,189,1019,cache_la_poudre,10,6
2372,354,9,297,109,1172,206,225,158,664,cache_la_poudre,6,6
2373,28,18,216,53,408,210,198,118,1207,cache_la_poudre,10,6
2373,243,17,90,18,782,185,251,202,1578,cache_la_poudre,6,6
2373,333,20,127,41,1500,170,210,177,390,cache_la_poudre,10,6
2374,5,15,0,0,693,200,210,146,1224,cache_la_poudre,14,6
2374,66,27,366,107,433,235,176,57,912,cache_la_poudre,3,6
2375,40,18,242,86,934,218,198,108,912,cache_la_poudre,10,6
2376,321,23,127,65,832,156,212,192,726,cache_la_poudre,10,6
2377,29,15,0,0,537,213,205,124,541,cache_la_poudre,10,6
2378,116,14,175,46,437,243,226,108,1282,cache_la_poudre,1,6
2378,329,15,313,108,828,183,221,177,1022,cache_la_poudre,6,6
2379,11,14,150,75,966,205,212,142,781,cache_la_poudre,10,6
2379,36,34,85,56,402,196,147,63,638,cache_la_poudre,10,6
2379,307,19,212,73,1195,164,225,199,1383,cache_la_poudre,10,6
2379,318,22,127,70,752,158,215,195,677,cache_la_poudre,10,6
2380,319,22,408,168,1012,156,213,194,979,cache_la_poudre,10,6
2381,38,16,216,91,932,218,203,115,918,cache_la_poudre,10,6
2382,317,17,108,27,1173,173,223,189,702,cache_la_poudre,10,6
2382,329,15,67,10,1034,184,221,177,832,cache_la_poudre,10,6
2383,25,31,60,33,1057,188,159,91,765,cache_la_poudre,10,6
2384,35,22,150,85,1184,212,187,102,1168,cache_la_poudre,10,6
2384,94,20,67,26,816,248,205,77,1445,cache_la_poudre,6,6
2385,351,24,30,14,1366,171,192,154,390,cache_la_poudre,10,6
2386,17,18,127,12,837,202,199,129,1020,cache_la_poudre,10,6
2386,60,22,391,119,458,231,188,78,934,cache_la_poudre,3,6
2386,88,11,150,42,664,236,222,116,1358,cache_la_poudre,1,6
2386,118,20,95,30,641,250,218,86,1294,cache_la_poudre,1,6
2386,320,21,242,80,1172,162,215,191,1353,cache_la_poudre,10,6
2387,0,21,234,75,1392,184,196,145,390,cache_la_poudre,10,6
2388,11,14,201,69,969,205,212,142,726,cache_la_poudre,10,6
2388,12,16,175,96,1180,202,205,137,1142,cache_la_poudre,10,6
2388,97,19,60,17,646,247,208,81,1501,cache_la_poudre,6,6
2388,111,14,30,7,564,243,224,108,1411,cache_la_poudre,6,6
2388,313,17,170,31,1554,171,224,193,579,cache_la_poudre,10,6
2388,333,22,433,177,1006,163,205,178,999,cache_la_poudre,10,6
2389,201,6,180,39,834,218,245,163,1595,cache_la_poudre,6,6
2389,315,18,127,21,1107,169,222,192,769,cache_la_poudre,10,6
2391,45,24,192,17,853,218,181,85,994,cache_la_poudre,10,6
2391,75,23,67,33,731,240,190,67,1506,cache_la_poudre,6,6
2391,283,17,95,32,1293,171,239,207,301,cache_la_poudre,10,6
2392,87,22,85,30,702,246,197,68,1527,cache_la_poudre,6,6
2392,323,19,95,28,708,168,216,187,1489,cache_la_poudre,11,6
2392,356,10,484,98,551,204,222,156,984,cache_la_poudre,3,6
2393,331,27,190,74,792,148,196,183,1167,cache_la_poudre,10,6
2394,260,19,30,9,1341,170,247,213,721,cache_la_poudre,10,6
2394,263,30,42,9,1167,131,237,236,853,cache_la_poudre,10,6
2394,326,21,30,12,636,164,212,185,1262,cache_la_poudre,10,6
2395,12,25,85,45,1024,186,180,122,741,cache_la_poudre,10,6
2395,288,22,323,125,1080,154,232,216,201,cache_la_poudre,10,6
2396,65,9,268,66,513,229,222,126,1308,cache_la_poudre,10,6
2396,120,17,443,64,571,247,223,98,1209,cache_la_poudre,3,6
2396,306,13,134,37,1261,182,232,189,270,cache_la_poudre,10,6
2397,45,21,390,67,577,221,190,95,1296,cache_la_poudre,10,6
2397,51,24,42,20,497,224,182,80,534,cache_la_poudre,10,6
2397,52,18,309,67,532,226,197,98,1302,cache_la_poudre,10,6
2397,312,23,150,51,1273,151,216,202,618,cache_la_poudre,10,6
2397,356,15,212,4,1142,194,212,154,150,cache_la_poudre,10,6
2398,12,23,95,24,684,189,186,126,1209,cache_la_poudre,10,6
2398,294,12,108,26,1263,186,237,191,272,cache_la_poudre,10,6
2399,252,17,170,58,1531,181,249,205,577,cache_la_poudre,10,6
2399,319,18,67,8,860,172,221,188,1006,cache_la_poudre,10,6
2400,269,21,339,22,1080,162,243,217,150,cache_la_poudre,10,6
2401,64,16,95,43,721,233,205,99,1485,cache_la_poudre,6,6
2401,284,23,150,57,983,151,233,220,1556,cache_la_poudre,10,6
2401,317,22,150,30,693,156,215,196,598,cache_la_poudre,10,6
2402,333,23,361,76,1020,160,203,179,1084,cache_la_poudre,10,6
2402,347,8,150,87,323,206,228,160,573,cache_la_poudre,6,6
2403,4,10,234,66,1429,207,221,151,541,cache_la_poudre,10,6
2403,75,18,180,77,883,239,202,87,1318,cache_la_poudre,6,6
2403,301,21,212,76,1470,156,225,208,390,cache_la_poudre,10,6
2403,311,21,457,191,947,158,220,200,1045,cache_la_poudre,10,6
2403,327,22,170,60,1332,162,210,185,577,cache_la_poudre,10,6
2403,350,29,162,80,859,156,178,152,1015,cache_la_poudre,10,6
2404,329,19,192,95,759,171,214,181,612,cache_la_poudre,10,6
2404,350,14,255,96,892,193,215,160,661,cache_la_poudre,10,6
2405,88,17,162,47,824,243,211,92,1358,cache_la_poudre,6,6
2405,264,30,240,99,1240,132,237,236,1366,cache_la_poudre,10,6
2406,20,8,0,0,1041,215,224,145,721,cache_la_poudre,10,6
2406,265,14,60,14,474,183,245,201,366,cache_la_poudre,10,6
2406,282,19,351,136,1050,164,238,212,190,cache_la_poudre,10,6
2407,268,15,175,36,1501,179,245,204,551,cache_la_poudre,10,6
2407,300,22,182,63,1024,155,225,209,1518,cache_la_poudre,10,6
2408,17,35,300,138,799,170,146,93,706,cache_la_poudre,10,6
2408,69,19,153,50,794,236,200,88,1379,cache_la_poudre,6,6
2408,129,17,234,67,664,245,228,106,1406,cache_la_poudre,1,6
2409,343,9,277,72,1425,202,226,163,573,cache_la_poudre,10,6
2410,9,16,30,0,430,200,206,140,1290,cache_la_poudre,11,6
2410,235,26,212,140,1259,166,252,214,564,cache_la_poudre,1,6
2410,285,25,150,57,1500,144,231,223,582,cache_la_poudre,10,6
2410,311,26,450,182,895,142,212,206,1074,cache_la_poudre,10,6
2410,326,19,330,66,912,171,216,183,1504,cache_la_poudre,11,6
2411,101,19,120,30,626,247,212,86,1500,cache_la_poudre,6,6
2411,321,28,300,164,832,137,200,196,1100,cache_la_poudre,10,6
2412,125,6,633,106,731,230,236,139,1173,cache_la_poudre,6,6
2412,335,16,212,63,785,181,216,173,1513,cache_la_poudre,11,6
2413,1,21,108,25,648,185,196,143,1236,cache_la_poudre,10,6
2413,337,13,0,0,1315,192,222,169,750,cache_la_poudre,10,6
2414,316,24,190,65,1224,148,211,199,677,cache_la_poudre,10,6
2415,317,22,108,24,849,156,214,195,1020,cache_la_poudre,10,6
2415,320,11,319,78,1423,191,229,178,598,cache_la_poudre,10,6
2416,289,19,309,80,1487,162,234,210,553,cache_la_poudre,10,6
2416,325,17,42,-5,767,177,220,182,1100,cache_la_poudre,16,6
2417,333,22,192,63,698,163,205,178,1259,cache_la_poudre,10,6
2418,2,16,342,148,907,196,208,148,938,cache_la_poudre,6,6
2418,40,8,0,0,685,221,222,135,1183,cache_la_poudre,16,6
2419,3,13,360,113,1124,202,215,149,1239,cache_la_poudre,6,6
2419,57,21,391,83,641,229,191,86,1358,cache_la_poudre,10,6
2419,76,23,30,14,690,241,191,69,1170,cache_la_poudre,10,6
2419,328,14,175,41,731,186,224,177,553,cache_la_poudre,10,6
2420,18,17,30,1,371,205,202,130,1263,cache_la_poudre,11,6
2420,128,16,277,76,721,244,229,109,1368,cache_la_poudre,1,6
2421,259,13,300,115,1173,188,247,197,1312,cache_la_poudre,6,6
2421,287,30,67,36,1146,125,223,231,828,cache_la_poudre,10,6
2421,333,13,420,115,1082,189,223,173,1180,cache_la_poudre,6,6
2421,343,23,175,47,646,167,198,166,1277,cache_la_poudre,10,6
2421,349,15,404,151,960,191,213,160,1027,cache_la_poudre,6,6
2422,18,25,306,152,853,192,178,113,794,cache_la_poudre,10,6
2424,279,21,277,18,1052,157,237,218,60,cache_la_poudre,10,6
2424,297,11,272,80,1074,189,237,187,1433,cache_la_poudre,6,6
2424,344,8,277,46,607,203,227,163,1273,cache_la_poudre,10,6
2424,346,14,474,80,883,193,218,163,1374,cache_la_poudre,10,6
2425,49,15,120,48,418,225,207,112,531,cache_la_poudre,10,6
2425,300,19,300,119,1158,164,229,204,1318,cache_la_poudre,6,6
2426,8,17,268,-2,780,198,204,141,1077,cache_la_poudre,10,6
2426,275,20,95,20,466,164,241,214,309,cache_la_poudre,10,6
2426,344,22,360,100,960,171,201,164,1124,cache_la_poudre,10,6
2427,50,17,300,101,930,226,201,103,1189,cache_la_poudre,6,6
2429,45,10,604,99,726,223,218,129,1284,cache_la_poudre,10,6
2429,79,19,499,93,691,241,202,83,1338,cache_la_poudre,10,6
2429,117,20,297,73,750,250,216,84,1350,cache_la_poudre,1,6
2429,268,13,295,123,1103,186,245,198,1395,cache_la_poudre,6,6
2429,330,21,162,49,882,165,209,181,997,cache_la_poudre,10,6
2430,21,14,277,49,566,210,209,133,1237,cache_la_poudre,10,6
2430,264,5,330,124,1165,208,242,173,1277,cache_la_poudre,6,6
2430,321,25,234,102,722,150,208,194,1253,cache_la_poudre,10,6
2430,348,18,192,9,1090,183,208,161,127,cache_la_poudre,10,6
2431,284,20,366,89,1464,162,236,213,541,cache_la_poudre,6,6
2432,325,15,150,29,1413,181,222,180,492,cache_la_poudre,10,6
2432,353,17,335,162,900,188,207,155,883,cache_la_poudre,6,6
2433,255,18,277,12,1024,175,248,209,42,cache_la_poudre,10,6
2434,3,20,306,91,700,190,199,142,636,cache_la_poudre,10,6
2434,72,9,339,91,1316,231,222,123,685,cache_la_poudre,10,6
2435,320,19,335,91,853,169,219,189,1518,cache_la_poudre,10,6
2435,335,20,283,108,1505,172,210,175,421,cache_la_poudre,10,6
2435,340,13,376,163,1294,192,221,167,685,cache_la_poudre,6,6
2436,105,12,60,2,454,240,225,113,1371,cache_la_poudre,6,6
2437,5,15,216,0,1036,200,210,146,124,cache_la_poudre,10,6
2438,296,22,319,-11,990,152,227,213,60,cache_la_poudre,10,6
2438,315,23,437,80,878,154,215,198,1129,cache_la_poudre,10,6
2438,328,15,450,132,1068,182,221,179,1159,cache_la_poudre,6,6
2439,297,19,150,61,618,163,230,206,437,cache_la_poudre,10,6
2439,325,17,180,83,674,177,220,182,1198,cache_la_poudre,10,6
2439,332,22,150,8,858,165,207,179,1025,cache_la_poudre,10,6
2440,14,18,297,56,551,201,200,133,1208,cache_la_poudre,10,6
2440,251,22,95,49,1423,165,249,218,638,cache_la_poudre,10,6
2440,345,18,60,3,604,183,210,164,1262,cache_la_poudre,10,6
2441,6,15,541,97,815,200,209,144,1357,cache_la_poudre,10,6
2443,12,22,108,31,366,192,191,129,1200,cache_la_poudre,11,6
2443,252,19,366,72,671,175,249,210,1271,cache_la_poudre,10,6
2443,322,18,309,120,1535,170,218,187,420,cache_la_poudre,6,6
2444,95,17,391,88,785,245,213,91,1099,cache_la_poudre,2,6
2444,275,11,382,189,1527,191,243,191,474,cache_la_poudre,6,6
2444,281,1,283,91,1191,215,238,161,755,cache_la_poudre,6,6
2445,342,12,390,139,1082,194,221,165,1230,cache_la_poudre,6,6
2446,198,15,457,176,1006,214,252,169,541,cache_la_poudre,2,6
2447,273,15,361,116,1570,178,243,204,459,cache_la_poudre,6,6
2447,336,16,120,17,285,184,217,172,1173,cache_la_poudre,11,6
2448,39,10,124,51,309,221,217,130,443,cache_la_poudre,6,6
2448,170,24,376,178,1092,229,242,131,543,cache_la_poudre,2,6
2448,259,12,162,-1,947,191,247,194,134,cache_la_poudre,6,6
2448,356,17,216,50,450,191,207,153,1184,cache_la_poudre,10,6
2449,1,17,484,105,872,194,206,148,1423,cache_la_poudre,10,6
2449,330,22,376,15,759,164,208,181,1183,cache_la_poudre,10,6
2450,333,22,134,19,834,164,206,178,1053,cache_la_poudre,10,6
2451,120,17,361,107,759,247,223,98,1381,cache_la_poudre,6,6
2452,250,14,175,2,942,189,249,198,108,cache_la_poudre,6,6
2452,317,24,255,-19,679,149,210,198,1310,cache_la_poudre,10,6
2452,320,23,255,-24,674,154,210,193,1332,cache_la_poudre,10,6
2452,345,11,150,13,247,197,222,163,1146,cache_la_poudre,10,6
2454,343,16,256,3,934,186,214,166,990,cache_la_poudre,6,6
2455,85,17,270,97,721,242,208,89,1341,cache_la_poudre,6,6
2458,317,22,424,100,819,155,214,196,1176,cache_la_poudre,10,6
2458,325,18,150,27,1358,172,217,183,488,cache_la_poudre,10,6
2459,1,20,30,8,642,186,197,145,1237,cache_la_poudre,10,6
2459,168,11,182,25,577,229,244,146,1390,cache_la_poudre,6,6
2460,58,14,335,102,811,230,209,109,1233,cache_la_poudre,6,6
2460,269,14,480,207,878,182,244,201,379,cache_la_poudre,10,6
2461,316,16,390,105,824,175,224,189,1443,cache_la_poudre,10,6
2461,346,16,216,10,892,186,212,163,1026,cache_la_poudre,10,6
2462,8,19,283,107,824,195,199,137,541,cache_la_poudre,10,6
2462,357,13,242,11,912,199,216,154,1019,cache_la_poudre,6,6
2463,1,13,124,13,930,200,214,151,228,cache_la_poudre,6,6
2463,87,15,300,105,720,241,214,98,1321,cache_la_poudre,6,6
2464,10,12,268,54,417,207,216,145,1124,cache_la_poudre,10,6
2464,51,9,509,80,636,225,220,128,1115,cache_la_poudre,6,6
2464,348,12,324,60,457,198,221,161,1106,cache_la_poudre,10,6
2465,66,6,488,84,646,227,227,135,1142,cache_la_poudre,6,6
2465,269,13,450,212,845,185,244,199,362,cache_la_poudre,2,6
2466,0,18,153,42,300,190,203,147,1140,cache_la_poudre,10,6
2466,76,15,467,122,794,238,210,99,1425,cache_la_poudre,6,6
2466,312,22,240,88,646,156,218,200,421,cache_la_poudre,10,6
2466,322,23,270,88,685,156,210,191,450,cache_la_poudre,10,6
2468,30,11,446,84,589,216,215,133,1120,cache_la_poudre,10,6
2468,121,3,446,215,854,224,237,148,541,cache_la_poudre,2,6
2468,311,17,180,34,242,170,225,194,1112,cache_la_poudre,10,6
2469,345,16,180,31,1050,187,213,164,242,cache_la_poudre,6,6
2470,14,18,30,11,618,201,201,134,1265,cache_la_poudre,10,6
2470,34,13,95,23,256,218,212,128,1172,cache_la_poudre,11,6
2471,346,20,90,34,582,176,203,162,1289,cache_la_poudre,10,6
2473,20,9,0,0,616,214,221,143,1282,cache_la_poudre,10,6
2473,104,12,509,129,819,241,224,111,1437,cache_la_poudre,6,6
2473,331,13,391,115,785,189,223,174,1218,cache_la_poudre,6,6
2474,43,18,532,130,841,221,198,106,1452,cache_la_poudre,6,6
2474,125,4,256,40,648,226,237,145,1307,cache_la_poudre,6,6
2474,187,4,270,40,663,220,242,158,1332,cache_la_poudre,6,6
2475,160,9,510,222,914,230,242,144,618,cache_la_poudre,2,6
2475,191,12,510,110,797,219,249,162,1301,cache_la_poudre,6,6
2475,323,19,201,3,618,169,217,187,1338,cache_la_poudre,10,6
2476,142,6,277,42,671,229,239,143,1298,cache_la_poudre,6,6
2476,321,9,30,3,616,196,231,175,1300,cache_la_poudre,10,6
2477,68,5,360,119,752,225,230,139,1260,cache_la_poudre,6,6
2477,275,22,240,62,591,156,239,220,361,cache_la_poudre,10,6
2477,356,8,30,-5,342,208,226,156,1533,cache_la_poudre,16,6
2478,173,9,469,122,866,226,245,151,1343,cache_la_poudre,6,6
2478,338,17,182,40,1052,181,214,171,272,cache_la_poudre,6,6
2479,135,10,531,135,849,236,236,131,1422,cache_la_poudre,6,6
2480,337,10,90,29,679,197,225,167,1253,cache_la_poudre,6,6
2480,350,14,85,10,319,194,216,159,1187,cache_la_poudre,11,6
2481,358,8,120,30,700,208,226,155,1245,cache_la_poudre,6,6
2483,354,9,426,69,418,205,224,157,990,cache_la_poudre,6,6
2484,328,13,170,8,600,187,224,176,1422,cache_la_poudre,10,6
2485,306,22,270,107,631,155,222,205,390,cache_la_poudre,10,6
2485,335,16,30,7,313,183,218,173,1559,cache_la_poudre,10,6
2487,67,16,582,75,543,235,206,98,953,cache_la_poudre,6,6
2489,312,19,180,58,1277,165,222,196,484,cache_la_poudre,6,6
2491,40,4,108,14,534,220,231,148,1369,cache_la_poudre,6,6
2491,325,20,108,34,417,167,214,185,1449,cache_la_poudre,10,6
2492,320,20,300,77,644,164,217,191,391,cache_la_poudre,10,6
2495,258,16,551,286,979,181,248,204,700,cache_la_poudre,2,6
2495,359,15,492,76,430,197,212,151,940,cache_la_poudre,6,6
2496,5,15,170,9,532,200,210,146,1399,cache_la_poudre,6,6
2496,9,12,150,15,541,206,216,146,1384,cache_la_poudre,6,6
2498,268,7,30,6,488,202,243,179,1452,cache_la_poudre,6,6
2498,335,18,60,15,247,178,213,174,1626,cache_la_poudre,10,6
2507,330,18,85,27,268,174,215,180,1597,cache_la_poudre,10,6
2509,335,16,201,78,1159,182,217,173,437,cache_la_poudre,6,6
2510,14,12,134,27,180,209,216,143,1724,cache_la_poudre,5,6
2515,253,25,218,88,1259,156,247,223,626,cache_la_poudre,10,6
2515,349,18,216,84,1130,184,207,160,430,cache_la_poudre,6,6
2516,359,9,162,33,150,206,223,155,1749,cache_la_poudre,5,6
2521,335,10,182,38,120,198,227,168,1760,cache_la_poudre,6,6
2522,34,14,240,94,700,217,210,125,391,cache_la_poudre,6,6
2531,346,14,283,100,1113,191,217,163,484,cache_la_poudre,6,6
2547,317,16,335,116,1129,175,224,188,543,cache_la_poudre,6,6
