elevation,aspect,slope,horizontal_distance_to_hydrology,vertical_distance_to_hydrology,horizontal_distance_to_roadways,hillshade_9am,hillshade_noon,hillshade_3pm,horizontal_distance_to_fire_points,wilderness_area,soil_type,cover_type
2144,342,13,0,0,285,192,219,166,541,cache_la_poudre,10,2
2147,348,13,30,3,268,194,217,161,551,cache_la_poudre,10,2
2156,352,19,60,7,270,183,203,155,537,cache_la_poudre,10,2
2158,326,22,42,14,323,162,210,186,499,cache_la_poudre,10,2
2169,1,22,85,23,270,184,194,143,524,cache_la_poudre,10,2
2170,358,23,60,16,240,177,190,145,552,cache_la_poudre,10,2
2175,328,16,85,31,360,179,219,179,458,cache_la_poudre,10,2
2175,335,23,30,10,182,163,203,176,598,cache_la_poudre,10,2
2180,293,11,108,37,360,190,238,188,443,cache_la_poudre,10,2
2181,341,25,30,8,162,160,195,169,618,cache_la_poudre,10,2
2182,347,23,42,17,212,169,195,160,569,cache_la_poudre,10,2
2186,339,21,162,37,365,171,205,171,418,cache_la_poudre,10,2
2195,352,23,67,30,218,173,193,153,560,cache_la_poudre,10,2
2199,301,23,170,55,421,151,223,210,376,cache_la_poudre,10,2
2199,328,24,150,59,450,155,204,185,366,cache_la_poudre,10,2
2204,2,22,108,39,256,184,193,141,524,cache_la_poudre,10,2
2216,20,22,150,51,295,199,188,118,488,cache_la_poudre,10,2
2222,1,11,212,82,514,204,219,152,283,cache_la_poudre,10,2
2222,352,27,95,39,210,162,182,151,577,cache_la_poudre,10,2
2227,336,26,30,8,108,152,194,175,721,cache_la_poudre,10,2
2236,313,33,42,25,134,116,195,209,660,cache_la_poudre,10,2
2236,359,25,120,56,210,174,185,142,573,cache_la_poudre,10,2
2238,7,27,212,69,331,177,175,126,451,cache_la_poudre,10,2
2238,356,25,255,73,391,172,188,147,391,cache_la_poudre,10,2
2239,356,22,277,83,421,180,195,149,361,cache_la_poudre,10,2
2244,343,21,309,98,481,172,202,166,301,cache_la_poudre,10,2
2245,5,24,150,65,242,182,186,134,541,cache_la_poudre,10,2
2248,348,19,30,3,90,181,205,160,962,cache_la_poudre,10,2
2250,11,15,30,0,90,202,208,140,992,cache_la_poudre,17,2
2250,320,30,67,43,162,131,197,198,630,cache_la_poudre,10,2
2252,328,29,67,33,150,137,191,187,693,cache_la_poudre,10,2
2252,355,19,331,108,541,186,204,153,242,cache_la_poudre,10,2
2259,1,26,153,70,247,174,182,138,540,cache_la_poudre,10,2
2259,338,25,95,60,190,158,196,172,600,cache_la_poudre,10,2
2260,4,28,182,80,277,172,174,130,510,cache_la_poudre,10,2
2261,1,22,42,10,120,182,192,143,994,cache_la_poudre,10,2
2264,38,33,90,20,150,200,150,0,878,cache_la_poudre,10,2
2266,7,27,277,93,371,177,176,127,421,cache_la_poudre,10,2
2266,349,25,339,101,459,165,189,156,331,cache_la_poudre,10,2
2274,0,20,391,128,547,186,198,146,242,cache_la_poudre,10,2
2276,337,17,42,8,150,181,215,171,1082,cache_la_poudre,10,2
2280,320,26,67,13,170,146,206,196,1103,cache_la_poudre,10,2
2281,326,21,127,70,216,164,211,185,603,cache_la_poudre,10,2
2283,311,19,127,67,212,167,224,196,636,cache_la_poudre,10,2
2284,11,15,417,130,553,202,208,140,247,cache_la_poudre,10,2
2286,350,35,120,42,180,138,161,147,853,cache_la_poudre,10,2
2289,355,9,404,124,503,206,224,157,313,cache_la_poudre,2,2
2290,11,24,85,34,180,187,184,126,1031,cache_la_poudre,10,2
2291,43,10,390,118,485,222,217,129,351,cache_la_poudre,2,2
2291,315,29,85,23,190,130,202,205,1082,cache_la_poudre,10,2
2293,14,21,323,110,418,196,193,128,400,cache_la_poudre,10,2
2293,354,29,134,52,182,158,175,145,794,cache_la_poudre,10,2
2296,12,21,124,40,210,194,193,130,1006,cache_la_poudre,10,2
2296,17,22,295,116,390,195,187,121,430,cache_la_poudre,10,2
2299,38,15,362,116,457,218,205,118,379,cache_la_poudre,2,2
2302,16,23,108,43,210,193,184,121,1036,cache_la_poudre,10,2
2302,336,20,190,58,258,172,209,174,684,cache_la_poudre,10,2
2303,311,31,108,34,201,121,201,212,1062,cache_la_poudre,10,2
2304,298,21,192,89,277,155,227,210,582,cache_la_poudre,2,2
2304,333,23,192,97,283,162,204,178,547,cache_la_poudre,2,2
2305,347,17,201,68,277,185,210,161,655,cache_la_poudre,10,2
2307,327,18,90,19,175,172,216,182,912,cache_la_poudre,10,2
2309,5,23,162,64,212,183,188,135,800,cache_la_poudre,10,2
2309,317,32,108,42,212,122,194,204,1100,cache_la_poudre,10,2
2309,357,28,153,65,210,166,178,141,830,cache_la_poudre,2,2
2310,288,12,234,91,319,186,239,192,598,cache_la_poudre,2,2
2314,42,13,240,69,285,222,212,123,759,cache_la_poudre,2,2
2314,329,13,182,-10,90,189,225,175,722,cache_la_poudre,10,2
2314,336,3,258,85,339,213,235,160,607,cache_la_poudre,2,2
2315,37,17,201,70,247,217,201,114,779,cache_la_poudre,2,2
2315,315,20,212,104,300,163,219,195,553,cache_la_poudre,2,2
2319,324,22,108,35,212,158,210,188,957,cache_la_poudre,10,2
2321,282,15,234,106,319,176,240,202,560,cache_la_poudre,2,2
2322,314,20,201,66,270,161,219,196,960,cache_la_poudre,10,2
2324,61,14,256,79,306,231,209,107,797,cache_la_poudre,2,2
2324,342,17,180,72,240,184,213,167,924,cache_la_poudre,10,2
2325,303,34,134,50,234,107,201,223,1022,cache_la_poudre,10,2
2326,41,15,218,81,272,221,205,116,816,cache_la_poudre,2,2
2329,309,13,247,-4,108,183,231,188,708,cache_la_poudre,2,2
2329,321,22,134,44,234,157,212,192,937,cache_la_poudre,10,2
2331,55,16,247,80,301,228,205,106,825,cache_la_poudre,2,2
2331,348,26,150,64,255,162,189,158,1077,cache_la_poudre,10,2
2336,12,18,210,85,270,199,200,134,874,cache_la_poudre,2,2
2336,348,18,210,84,270,184,208,161,902,cache_la_poudre,2,2
2338,46,16,242,87,300,223,204,110,854,cache_la_poudre,2,2
2339,308,12,268,80,330,188,232,185,949,cache_la_poudre,2,2
2342,286,12,313,-3,120,186,240,194,700,cache_la_poudre,2,2
2344,24,13,240,92,300,212,212,134,882,cache_la_poudre,2,2
2344,329,12,240,86,300,190,225,174,911,cache_la_poudre,2,2
2346,301,23,228,44,210,149,223,211,816,cache_la_poudre,10,2
2347,228,6,0,0,404,212,245,171,1034,cache_la_poudre,16,2
2349,26,6,0,0,424,217,227,146,1063,cache_la_poudre,16,2
2351,15,8,300,95,360,213,223,147,902,cache_la_poudre,2,2
2355,349,24,190,86,283,167,191,157,1068,cache_la_poudre,10,2
2356,285,21,283,41,190,155,234,216,782,cache_la_poudre,10,2
2358,301,26,242,62,240,138,218,215,841,cache_la_poudre,10,2
2359,28,6,30,-1,552,218,228,146,1292,cache_la_poudre,16,2
2359,56,12,360,94,420,228,215,118,926,cache_la_poudre,10,2
2359,354,20,0,0,558,183,202,153,1259,cache_la_poudre,16,2
2359,358,17,0,0,633,193,207,150,1282,cache_la_poudre,16,2
2361,27,26,309,94,390,199,174,99,997,cache_la_poudre,10,2
2361,189,12,0,0,509,220,249,160,1276,cache_la_poudre,16,2
2366,17,25,30,9,509,191,179,115,1179,cache_la_poudre,10,2
2370,332,19,30,6,582,173,213,177,1400,cache_la_poudre,10,2
2370,353,6,0,0,564,210,230,158,1345,cache_la_poudre,16,2
2371,300,18,0,0,553,166,229,202,1371,cache_la_poudre,10,2
2374,346,12,30,-2,577,197,221,162,1350,cache_la_poudre,16,2
2375,27,26,60,18,509,200,176,101,1158,cache_la_poudre,10,2
2376,33,28,335,108,420,202,167,86,1008,cache_la_poudre,10,2
2377,26,28,268,108,366,194,168,96,1053,cache_la_poudre,10,2
2379,41,23,85,30,509,216,184,92,1138,cache_la_poudre,10,2
2379,338,23,30,13,592,164,201,172,1401,cache_la_poudre,10,2
2381,279,7,0,0,649,200,241,181,1399,cache_la_poudre,16,2
2384,330,25,30,14,604,153,201,182,1387,cache_la_poudre,10,2
2384,339,26,42,15,607,157,194,171,1421,cache_la_poudre,10,2
2385,350,25,60,23,594,166,189,155,1348,cache_la_poudre,10,2
2386,250,16,0,0,691,183,250,204,1441,cache_la_poudre,10,2
2389,22,30,60,30,552,186,161,96,1216,cache_la_poudre,10,2
2391,25,26,283,119,384,196,174,102,1064,cache_la_poudre,10,2
2391,297,36,256,99,295,100,202,230,890,cache_la_poudre,10,2
2394,16,31,60,38,573,177,159,103,1245,cache_la_poudre,10,2
2397,0,37,60,38,642,142,147,123,1332,cache_la_poudre,10,2
2397,56,22,120,48,552,228,187,81,1177,cache_la_poudre,10,2
2398,359,37,60,39,618,142,148,125,1302,cache_la_poudre,10,2
2400,269,22,42,14,674,159,242,219,1431,cache_la_poudre,10,2
2404,296,24,67,23,860,146,225,216,1489,cache_la_poudre,10,2
2404,339,28,85,35,649,148,187,170,1464,cache_la_poudre,10,2
2406,333,28,67,37,644,146,192,179,1445,cache_la_poudre,10,2
2408,261,30,60,22,741,134,239,235,1498,cache_la_poudre,10,2
2409,281,30,60,29,824,124,226,234,1523,cache_la_poudre,10,2
2410,301,24,85,27,854,147,222,212,1465,cache_la_poudre,10,2
2410,323,17,95,45,658,173,220,185,1395,cache_la_poudre,10,2
2411,23,29,90,51,594,189,164,97,1253,cache_la_poudre,10,2
2411,322,8,30,5,390,199,232,173,297,cache_la_poudre,10,2
2416,313,19,124,45,680,164,221,196,1423,cache_la_poudre,10,2
2416,343,21,90,51,679,173,204,166,1385,cache_la_poudre,10,2
2417,41,26,120,57,594,213,175,83,1233,cache_la_poudre,10,2
2417,313,23,85,30,808,151,215,200,1434,cache_la_poudre,10,2
2418,354,32,90,53,684,150,167,142,1368,cache_la_poudre,10,2
2419,43,15,0,0,351,221,205,115,300,cache_la_poudre,10,2
2420,61,22,404,142,488,232,188,77,1036,cache_la_poudre,11,2
2420,322,22,30,10,1026,158,212,191,703,cache_la_poudre,10,2
2421,339,29,108,55,674,146,185,170,1486,cache_la_poudre,10,2
2421,357,34,90,56,661,147,158,134,1339,cache_la_poudre,10,2
2422,6,10,0,0,313,208,222,150,216,cache_la_poudre,10,2
2422,266,15,30,7,351,182,245,202,212,cache_la_poudre,10,2
2423,333,17,300,138,379,180,216,175,967,cache_la_poudre,11,2
2424,13,10,0,0,960,210,219,145,638,cache_la_poudre,10,2
2424,321,23,150,60,703,155,210,192,1452,cache_la_poudre,10,2
2425,32,27,120,66,616,203,171,90,1262,cache_la_poudre,10,2
2425,50,18,30,6,323,225,198,100,283,cache_la_poudre,10,2
2425,342,22,0,0,984,169,201,167,661,cache_la_poudre,10,2
2426,55,25,150,67,616,226,177,70,1243,cache_la_poudre,10,2
2426,315,24,108,40,800,149,212,200,1410,cache_la_poudre,10,2
2428,277,32,90,46,836,120,227,238,1507,cache_la_poudre,10,2
2428,335,28,108,58,685,147,191,176,1471,cache_la_poudre,10,2
2429,287,17,335,137,335,170,237,205,912,cache_la_poudre,11,2
2430,25,19,0,0,1296,207,196,120,782,cache_la_poudre,10,2
2430,337,24,120,65,721,160,199,174,1405,cache_la_poudre,10,2
2432,268,16,42,6,335,176,244,206,170,cache_la_poudre,10,2
2432,272,12,30,6,309,187,243,195,150,cache_la_poudre,10,2
2433,9,9,0,0,900,210,222,149,576,cache_la_poudre,10,2
2433,24,28,120,74,636,193,169,99,1290,cache_la_poudre,10,2
2433,320,24,150,68,722,153,210,194,1442,cache_la_poudre,10,2
2434,53,7,30,2,216,224,224,134,150,cache_la_poudre,10,2
2434,335,27,124,61,698,149,192,176,1490,cache_la_poudre,10,2
2435,331,26,170,72,726,151,199,182,1480,cache_la_poudre,10,2
2436,49,16,30,9,228,225,204,109,182,cache_la_poudre,10,2
2436,286,26,127,53,911,139,229,225,1431,cache_la_poudre,10,2
2436,314,25,127,49,830,146,212,202,1392,cache_la_poudre,10,2
2436,316,25,134,44,794,147,210,199,1387,cache_la_poudre,10,2
2437,44,25,150,78,636,217,176,81,1271,cache_la_poudre,10,2
2437,303,12,30,3,1302,188,234,187,805,cache_la_poudre,10,2
2437,309,24,134,51,866,148,216,206,1398,cache_la_poudre,10,2
2438,12,28,120,73,658,180,172,117,1319,cache_la_poudre,10,2
2439,40,16,30,9,1276,220,202,112,808,cache_la_poudre,10,2
2439,246,13,60,13,324,193,249,194,127,cache_la_poudre,10,2
2440,355,28,120,75,680,162,178,145,1348,cache_la_poudre,10,2
2441,256,17,67,15,350,178,248,207,150,cache_la_poudre,10,2
2441,293,9,30,4,890,195,238,183,566,cache_la_poudre,10,2
2441,329,29,134,73,711,140,192,185,1510,cache_la_poudre,10,2
2441,333,12,366,153,395,193,225,171,966,cache_la_poudre,11,2
2442,40,13,30,6,170,221,212,124,162,cache_la_poudre,10,2
2442,333,26,134,71,711,152,197,179,1495,cache_la_poudre,10,2
2444,58,20,60,18,218,230,194,88,212,cache_la_poudre,10,2
2444,272,27,120,58,765,141,236,230,1531,cache_la_poudre,10,2
2446,291,18,60,13,258,166,234,207,67,cache_la_poudre,10,2
2446,314,25,150,62,845,146,212,202,1374,cache_la_poudre,10,2
2446,315,25,150,60,819,145,210,201,1368,cache_la_poudre,10,2
2446,317,23,153,62,725,155,213,196,1500,cache_la_poudre,10,2
2446,318,25,162,58,789,146,208,198,1364,cache_la_poudre,10,2
2447,39,19,85,30,256,217,196,107,285,cache_la_poudre,10,2
2447,276,29,124,65,875,131,232,233,1466,cache_la_poudre,10,2
2449,277,28,134,69,902,135,232,231,1441,cache_la_poudre,10,2
2449,340,28,192,85,750,151,188,168,1489,cache_la_poudre,10,2
2451,304,22,42,18,949,154,223,207,624,cache_la_poudre,10,2
2451,308,16,30,11,201,176,229,193,127,cache_la_poudre,10,2
2454,284,15,30,2,872,176,239,202,552,cache_la_poudre,10,2
2454,325,23,162,77,738,157,208,188,1518,cache_la_poudre,10,2
2455,63,21,85,23,162,233,191,80,212,cache_la_poudre,10,2
2455,113,25,67,27,892,253,204,62,573,cache_la_poudre,10,2
2455,288,21,90,28,1368,156,233,215,752,cache_la_poudre,10,2
2456,15,5,60,14,1176,215,229,150,853,cache_la_poudre,10,2
2456,24,8,0,0,1207,216,224,144,882,cache_la_poudre,10,2
2456,316,26,175,64,789,143,208,200,1345,cache_la_poudre,10,2
2458,38,8,0,0,819,220,222,136,503,cache_la_poudre,10,2
2458,284,19,60,16,1273,163,237,212,875,cache_la_poudre,10,2
2460,281,7,0,0,819,200,241,180,524,cache_la_poudre,10,2
2460,290,23,90,33,1350,149,229,218,780,cache_la_poudre,10,2
2461,283,17,60,17,1256,171,239,207,902,cache_la_poudre,10,2
2462,297,21,90,29,268,157,228,210,67,cache_la_poudre,10,2
2462,326,14,30,3,150,185,224,178,216,cache_la_poudre,10,2
2463,22,22,180,98,700,200,187,116,1338,cache_la_poudre,10,2
2463,96,6,30,0,752,231,231,133,484,cache_la_poudre,10,2
2463,274,26,153,77,886,142,236,228,1451,cache_la_poudre,10,2
2463,293,14,60,23,218,180,236,196,134,cache_la_poudre,10,2
2463,311,21,180,77,765,158,220,200,1542,cache_la_poudre,10,2
2464,275,26,162,82,914,142,235,228,1425,cache_la_poudre,10,2
2465,30,13,30,7,1148,216,211,129,824,cache_la_poudre,10,2
2465,83,8,30,2,778,232,226,127,488,cache_la_poudre,10,2
2465,269,25,120,38,1361,148,239,226,713,cache_la_poudre,10,2
2465,273,24,90,37,942,148,238,225,618,cache_la_poudre,10,2
2465,275,25,175,85,930,145,236,226,1399,cache_la_poudre,10,2
2465,286,26,120,38,1368,138,228,225,741,cache_la_poudre,10,2
2466,66,17,30,12,792,234,202,94,474,cache_la_poudre,10,2
2466,315,26,192,82,812,144,210,201,1332,cache_la_poudre,10,2
2466,316,26,192,80,785,143,208,200,1326,cache_la_poudre,10,2
2466,345,27,212,97,774,159,188,161,1499,cache_la_poudre,10,2
2467,66,30,60,34,816,233,167,44,492,cache_la_poudre,10,2
2467,300,13,30,3,1209,184,235,191,886,cache_la_poudre,10,2
2468,32,3,0,0,631,219,232,150,454,cache_la_poudre,10,2
2468,269,27,67,16,912,142,238,230,591,cache_la_poudre,10,2
2468,294,17,90,33,256,169,234,203,95,cache_la_poudre,10,2
2469,254,25,150,43,433,155,246,224,182,cache_la_poudre,10,2
2469,258,21,30,9,832,167,247,216,553,cache_la_poudre,10,2
2469,293,21,180,83,792,156,230,212,1543,cache_la_poudre,10,2
2469,317,13,30,6,120,186,229,182,283,cache_la_poudre,10,2
2469,321,23,85,44,999,154,210,192,674,cache_la_poudre,10,2
2470,280,7,150,48,162,202,241,178,300,cache_la_poudre,6,2
2470,317,16,30,11,150,175,224,188,242,cache_la_poudre,10,2
2471,310,15,30,8,752,177,228,191,541,cache_la_poudre,10,2
2472,32,15,30,10,1132,216,205,122,808,cache_la_poudre,10,2
2472,77,16,30,9,60,239,209,96,297,cache_la_poudre,10,2
2472,284,23,180,86,819,151,233,219,1516,cache_la_poudre,10,2
2473,81,6,30,9,685,228,230,136,450,cache_la_poudre,10,2
2473,289,20,120,40,295,160,233,212,60,cache_la_poudre,10,2
2474,35,8,134,48,150,219,223,139,272,cache_la_poudre,6,2
2474,75,12,0,0,576,234,217,113,1149,cache_la_poudre,10,2
2474,90,7,30,7,644,231,229,130,421,cache_la_poudre,10,2
2474,103,6,30,6,591,231,232,134,430,cache_la_poudre,10,2
2474,243,26,150,41,404,161,250,219,120,cache_la_poudre,10,2
2474,289,26,120,47,1374,137,226,224,769,cache_la_poudre,10,2
2475,278,23,180,89,845,151,236,222,1489,cache_la_poudre,10,2
2475,304,20,60,13,488,159,225,204,1068,cache_la_poudre,4,2
2476,275,26,153,43,384,142,235,228,67,cache_la_poudre,10,2
2476,286,18,120,43,285,167,237,208,90,cache_la_poudre,10,2
2476,315,22,95,18,1065,156,216,198,741,cache_la_poudre,10,2
2476,323,10,30,1,1173,194,230,175,886,cache_la_poudre,10,2
2477,300,32,60,36,426,115,208,224,1003,cache_la_poudre,10,2
2477,309,17,42,12,726,170,226,196,540,cache_la_poudre,10,2
2477,352,21,210,112,743,178,198,155,1376,cache_la_poudre,10,2
2478,80,18,60,24,752,241,205,87,437,cache_la_poudre,10,2
2478,276,24,190,92,926,147,236,225,1410,cache_la_poudre,10,2
2478,329,10,108,15,30,196,228,172,309,cache_la_poudre,6,2
2479,104,20,124,51,849,249,211,82,534,cache_la_poudre,10,2
2480,18,7,60,11,90,215,226,148,376,cache_la_poudre,10,2
2480,252,25,162,47,404,158,248,222,95,cache_la_poudre,10,2
2480,272,26,150,53,1332,142,237,229,702,cache_la_poudre,10,2
2480,291,14,42,10,659,180,237,197,514,cache_la_poudre,10,2
2480,297,13,60,12,607,182,235,193,524,cache_la_poudre,10,2
2481,34,15,30,10,1128,216,205,120,805,cache_la_poudre,6,2
2481,74,11,60,18,30,233,219,116,319,cache_la_poudre,6,2
2481,104,14,67,23,741,242,222,107,430,cache_la_poudre,10,2
2481,334,16,90,28,210,181,217,174,218,cache_la_poudre,10,2
2482,66,23,120,54,807,235,188,74,488,cache_la_poudre,10,2
2482,88,16,134,54,870,242,211,93,558,cache_la_poudre,10,2
2482,287,10,67,13,120,193,240,187,362,cache_la_poudre,10,2
2482,345,24,255,113,816,165,194,163,1482,cache_la_poudre,10,2
2484,59,4,30,7,497,223,231,143,430,cache_la_poudre,10,2
2484,285,25,120,57,1340,142,230,224,825,cache_la_poudre,10,2
2484,287,23,210,98,832,151,232,218,1503,cache_la_poudre,10,2
2484,338,15,120,34,240,186,217,170,212,cache_la_poudre,10,2
2485,274,24,120,51,1323,149,238,225,854,cache_la_poudre,10,2
2486,42,7,90,23,0,222,224,137,382,cache_la_poudre,6,2
2486,124,15,95,32,713,245,227,107,400,cache_la_poudre,10,2
2486,257,25,175,60,450,155,246,224,180,cache_la_poudre,10,2
2487,51,13,67,20,30,226,212,118,384,cache_la_poudre,6,2
2487,73,11,0,0,638,233,218,115,1087,cache_la_poudre,10,2
2487,255,11,42,2,1158,194,247,191,942,cache_la_poudre,6,2
2487,281,23,210,101,859,150,235,221,1476,cache_la_poudre,10,2
2487,316,27,234,103,781,140,206,201,1290,cache_la_poudre,10,2
2487,324,12,30,7,499,188,226,178,497,cache_la_poudre,10,2
2487,330,8,0,0,484,202,231,168,470,cache_la_poudre,10,2
2487,332,23,270,123,828,160,204,180,1454,cache_la_poudre,10,2
2488,26,6,0,0,376,217,227,146,469,cache_la_poudre,10,2
2488,272,23,210,102,886,153,239,222,1449,cache_la_poudre,10,2
2488,286,26,150,61,1348,138,228,225,759,cache_la_poudre,10,2
2488,302,15,67,21,150,178,232,194,323,cache_la_poudre,10,2
2489,79,12,42,6,443,236,217,110,391,cache_la_poudre,10,2
2490,39,10,95,27,0,221,219,132,404,cache_la_poudre,6,2
2490,294,26,95,28,488,140,224,220,1074,cache_la_poudre,4,2
2490,317,21,120,30,799,159,216,195,631,cache_la_poudre,10,2
2490,352,14,124,21,134,195,215,157,418,cache_la_poudre,10,2
2491,73,15,30,8,417,237,209,100,408,cache_la_poudre,10,2
2491,277,11,30,-3,1120,190,242,191,959,cache_la_poudre,6,2
2492,13,5,0,0,350,215,229,151,488,cache_la_poudre,10,2
2492,280,23,180,59,351,150,235,222,85,cache_la_poudre,10,2
2492,316,20,95,29,757,163,219,194,600,cache_la_poudre,10,2
2493,17,8,124,30,30,214,223,146,424,cache_la_poudre,6,2
2493,64,8,0,0,277,228,224,129,553,cache_la_poudre,10,2
2493,79,19,124,26,626,241,202,83,330,cache_la_poudre,10,2
2493,97,18,108,21,579,246,211,88,335,cache_la_poudre,10,2
2493,106,31,30,18,582,254,186,36,1146,cache_la_poudre,4,2
2493,129,19,124,33,685,247,226,99,371,cache_la_poudre,10,2
2493,242,21,190,60,446,174,252,210,153,cache_la_poudre,10,2
2493,274,24,180,66,1302,150,238,224,693,cache_la_poudre,10,2
2493,312,14,42,6,474,183,229,187,510,cache_la_poudre,10,2
2493,346,4,30,5,366,212,233,159,511,cache_la_poudre,10,2
2494,276,7,30,0,297,200,242,181,573,cache_la_poudre,10,2
2494,348,25,255,120,824,164,190,157,1521,cache_la_poudre,10,2
2494,351,18,30,9,1107,186,207,158,836,cache_la_poudre,6,2
2495,62,10,30,7,335,229,218,121,467,cache_la_poudre,10,2
2495,221,16,150,35,865,198,254,188,666,cache_la_poudre,10,2
2495,232,20,90,35,860,183,253,203,612,cache_la_poudre,10,2
2496,23,12,153,27,90,212,214,136,470,cache_la_poudre,6,2
2496,262,13,124,21,1243,187,246,198,931,cache_la_poudre,10,2
2496,278,13,127,27,182,185,242,197,371,cache_la_poudre,10,2
2496,283,23,150,69,1355,150,234,220,816,cache_la_poudre,10,2
2497,269,20,150,70,1328,164,243,216,845,cache_la_poudre,10,2
2497,292,22,134,45,979,153,230,214,658,cache_la_poudre,10,2
2497,306,15,150,28,162,177,230,193,400,cache_la_poudre,10,2
2498,0,6,134,35,0,212,229,155,446,cache_la_poudre,6,2
2498,267,16,134,34,1271,178,245,205,902,cache_la_poudre,10,2
2498,287,25,180,71,1310,144,229,222,721,cache_la_poudre,10,2
2498,304,16,108,28,576,174,230,196,569,cache_la_poudre,10,2
2498,317,28,255,111,751,136,203,201,1266,cache_la_poudre,10,2
2499,72,11,30,5,283,233,218,116,511,cache_la_poudre,10,2
2499,249,13,108,15,1205,191,249,195,953,cache_la_poudre,10,2
2499,291,14,67,16,450,181,237,196,525,cache_la_poudre,10,2
2499,344,12,134,40,240,196,222,164,272,cache_la_poudre,10,2
2500,27,8,150,31,30,217,223,142,474,cache_la_poudre,6,2
2500,278,24,242,114,926,149,236,223,1409,cache_la_poudre,10,2
2500,317,16,67,20,492,176,224,187,537,cache_la_poudre,10,2
2501,70,12,60,16,323,233,215,112,446,cache_la_poudre,10,2
2501,91,21,95,51,726,247,202,75,402,cache_la_poudre,10,2
2501,117,19,175,34,618,248,219,92,306,cache_la_poudre,10,2
2501,343,21,270,137,785,173,204,166,1398,cache_la_poudre,10,2
2502,40,12,162,33,60,221,213,124,484,cache_la_poudre,6,2
2502,272,23,240,116,899,154,240,222,1436,cache_la_poudre,10,2
2502,335,22,258,134,834,164,204,176,1510,cache_la_poudre,10,2
2503,111,17,127,20,474,247,219,95,309,cache_la_poudre,10,2
2503,279,12,60,9,319,186,242,195,594,cache_la_poudre,10,2
2504,10,13,182,35,67,205,213,143,497,cache_la_poudre,6,2
2504,293,17,124,39,708,170,234,203,603,cache_la_poudre,10,2
2504,321,7,150,45,240,203,234,170,301,cache_la_poudre,10,2
2505,298,15,85,18,469,177,234,196,551,cache_la_poudre,10,2
2505,299,16,134,37,595,172,232,199,598,cache_la_poudre,10,2
2505,306,14,212,65,330,179,231,192,247,cache_la_poudre,10,2
2505,315,14,60,2,234,183,228,185,684,cache_la_poudre,10,2
2505,320,17,95,28,511,174,221,186,564,cache_la_poudre,10,2
2505,352,14,180,36,85,195,215,157,485,cache_la_poudre,10,2
2506,245,19,228,73,469,179,251,207,150,cache_la_poudre,10,2
2506,254,17,228,73,488,179,249,207,190,cache_la_poudre,10,2
2507,58,9,30,0,959,227,221,128,977,cache_la_poudre,6,2
2507,355,6,0,0,1015,211,230,157,990,cache_la_poudre,6,2
2508,4,7,67,0,920,211,226,153,1001,cache_la_poudre,6,2
2508,15,12,30,7,1034,209,215,142,931,cache_la_poudre,6,2
2508,61,10,0,0,212,228,220,124,624,cache_la_poudre,10,2
2508,99,31,60,21,703,252,179,30,1052,cache_la_poudre,4,2
2508,105,18,134,58,685,248,215,89,362,cache_la_poudre,6,2
2508,304,18,134,45,750,169,228,199,631,cache_la_poudre,10,2
2508,316,20,180,48,834,164,219,194,691,cache_la_poudre,10,2
2509,223,16,180,49,907,198,253,189,700,cache_la_poudre,10,2
2509,265,15,134,49,927,181,245,202,655,cache_la_poudre,10,2
2509,274,23,210,76,379,151,238,223,108,cache_la_poudre,10,2
2510,11,12,42,9,1044,207,214,144,902,cache_la_poudre,6,2
2510,80,11,90,22,256,234,221,118,474,cache_la_poudre,6,2
2510,318,29,277,124,721,132,200,201,1242,cache_la_poudre,10,2
2511,13,14,108,34,1034,206,211,141,741,cache_la_poudre,6,2
2511,59,11,90,19,228,228,218,121,499,cache_la_poudre,6,2
2511,228,13,67,10,1060,200,252,187,1034,cache_la_poudre,6,2
2511,274,7,247,71,330,202,242,179,285,cache_la_poudre,6,2
2511,278,24,283,129,875,146,235,224,1302,cache_la_poudre,10,2
2511,288,24,210,84,1282,146,230,220,713,cache_la_poudre,10,2
2511,290,13,240,78,443,184,238,194,124,cache_la_poudre,10,2
2511,293,5,256,65,300,205,239,173,313,cache_la_poudre,6,2
2511,327,8,216,52,256,201,231,170,331,cache_la_poudre,6,2
2512,277,12,242,79,458,188,242,194,134,cache_la_poudre,10,2
2512,315,6,108,4,882,205,235,170,1027,cache_la_poudre,6,2
2513,42,7,150,30,285,222,224,137,391,cache_la_poudre,6,2
2513,62,12,0,0,170,230,215,115,674,cache_la_poudre,10,2
2513,72,28,67,38,592,238,173,46,1146,cache_la_poudre,10,2
2513,103,6,162,30,430,231,232,134,277,cache_la_poudre,6,2
2513,254,10,190,29,1234,198,247,187,883,cache_la_poudre,6,2
2513,317,8,30,0,170,199,233,174,716,cache_la_poudre,10,2
2513,351,15,210,44,60,192,213,158,513,cache_la_poudre,6,2
2514,24,13,108,29,1024,212,212,134,759,cache_la_poudre,6,2
2514,52,12,42,6,968,226,215,121,947,cache_la_poudre,6,2
2514,119,18,175,64,644,248,222,95,323,cache_la_poudre,6,2
2514,254,17,85,19,1127,179,249,207,1001,cache_la_poudre,6,2
2514,301,11,150,31,404,189,235,186,642,cache_la_poudre,10,2
2515,3,16,339,141,891,197,208,146,1452,cache_la_poudre,10,2
2515,220,14,228,32,421,203,253,184,212,cache_la_poudre,6,2
2515,255,20,256,82,509,170,248,214,201,cache_la_poudre,10,2
2515,282,10,170,30,967,191,241,189,693,cache_la_poudre,6,2
2515,300,16,162,50,703,173,232,199,636,cache_la_poudre,10,2
2516,13,11,85,15,1025,210,218,145,866,cache_la_poudre,6,2
2516,14,10,67,15,1015,211,220,145,895,cache_la_poudre,6,2
2516,248,19,210,52,1301,176,250,209,830,cache_la_poudre,10,2
2516,267,15,134,31,1181,181,245,202,942,cache_la_poudre,6,2
2516,322,8,255,47,134,200,232,171,450,cache_la_poudre,6,2
2517,96,5,150,34,342,228,233,139,342,cache_la_poudre,6,2
2517,128,18,212,67,604,247,226,100,285,cache_la_poudre,6,2
2517,254,11,162,57,942,195,247,191,684,cache_la_poudre,6,2
2517,278,14,240,84,418,181,242,200,124,cache_la_poudre,6,2
2517,282,19,272,131,939,163,238,213,1396,cache_la_poudre,10,2
2517,327,8,210,34,361,200,231,170,283,cache_la_poudre,6,2
2518,45,7,180,35,277,222,225,138,376,cache_la_poudre,6,2
2518,286,18,285,132,938,166,236,209,1342,cache_la_poudre,10,2
2518,301,14,175,55,745,181,233,192,663,cache_la_poudre,10,2
2518,350,7,0,0,108,208,229,159,752,cache_la_poudre,10,2
2518,357,10,234,49,124,205,222,155,451,cache_la_poudre,6,2
2519,24,10,85,11,987,215,218,139,888,cache_la_poudre,6,2
2519,96,7,30,7,108,232,230,131,711,cache_la_poudre,10,2
2519,262,10,108,12,899,195,245,189,1061,cache_la_poudre,6,2
2519,271,20,210,92,1310,163,242,216,800,cache_la_poudre,10,2
2519,296,28,67,27,618,131,219,222,1041,cache_la_poudre,10,2
2519,309,13,190,59,787,183,231,188,691,cache_la_poudre,10,2
2519,322,31,95,45,576,126,192,197,1077,cache_la_poudre,10,2
2520,106,3,30,2,42,226,235,145,752,cache_la_poudre,10,2
2520,107,17,182,37,518,247,217,92,256,cache_la_poudre,6,2
2520,249,11,201,19,942,197,248,189,760,cache_la_poudre,6,2
2520,268,14,95,13,1006,183,245,201,1082,cache_la_poudre,6,2
2520,277,16,120,26,319,174,241,206,679,cache_la_poudre,10,2
2521,44,13,120,29,190,222,211,121,510,cache_la_poudre,6,2
2521,86,4,180,38,335,225,233,144,324,cache_la_poudre,6,2
2521,221,13,108,20,1073,204,252,183,1024,cache_la_poudre,6,2
2521,241,14,108,26,1114,192,251,196,997,cache_la_poudre,6,2
2521,259,17,180,38,446,177,247,207,649,cache_la_poudre,10,2
2521,308,5,192,13,805,205,237,171,1082,cache_la_poudre,6,2
2522,80,18,150,89,691,241,205,87,366,cache_la_poudre,6,2
2522,241,6,175,37,957,209,245,174,713,cache_la_poudre,6,2
2522,258,18,170,35,467,175,248,210,633,cache_la_poudre,10,2
2522,264,9,216,37,1207,197,245,186,875,cache_la_poudre,6,2
2522,301,10,277,55,150,192,236,183,451,cache_la_poudre,6,2
2522,325,4,283,58,180,210,235,163,424,cache_la_poudre,6,2
2523,30,9,247,51,524,218,220,138,212,cache_la_poudre,6,2
2523,264,9,192,16,819,199,244,185,1114,cache_la_poudre,6,2
2523,280,14,150,28,1167,181,241,199,938,cache_la_poudre,6,2
2523,284,19,295,137,908,165,237,211,1315,cache_la_poudre,10,2
2523,311,10,330,152,912,194,233,179,1426,cache_la_poudre,10,2
2523,313,9,242,59,201,195,233,178,391,cache_la_poudre,6,2
2524,60,14,212,52,541,230,210,109,240,cache_la_poudre,6,2
2524,82,7,258,16,738,230,228,130,1110,cache_la_poudre,6,2
2524,251,24,242,97,1237,162,248,220,648,cache_la_poudre,10,2
2524,284,34,150,76,450,107,217,238,1040,cache_la_poudre,4,2
2525,4,12,258,56,95,204,218,150,481,cache_la_poudre,6,2
2525,12,11,201,17,787,209,217,145,1050,cache_la_poudre,6,2
2525,64,7,134,17,892,227,226,133,904,cache_la_poudre,6,2
2525,257,16,210,42,446,180,248,205,691,cache_la_poudre,10,2
2525,270,4,212,17,792,208,241,171,1112,cache_la_poudre,6,2
2525,309,6,270,42,180,203,236,172,430,cache_la_poudre,6,2
2525,312,19,182,55,573,164,222,196,646,cache_la_poudre,10,2
2525,316,19,162,53,531,166,220,193,631,cache_la_poudre,10,2
2525,350,7,134,32,1008,208,228,159,800,cache_la_poudre,6,2
2526,33,10,150,38,175,218,218,135,497,cache_la_poudre,6,2
2526,51,10,306,18,684,225,218,126,1112,cache_la_poudre,6,2
2526,218,12,295,93,525,207,251,179,201,cache_la_poudre,6,2
2526,265,9,190,25,959,198,244,185,789,cache_la_poudre,6,2
2526,277,6,162,25,984,205,241,175,794,cache_la_poudre,6,2
2526,295,15,210,43,424,176,235,198,708,cache_la_poudre,10,2
2526,304,11,330,149,939,191,235,184,1398,cache_la_poudre,10,2
2527,62,11,30,6,0,230,217,119,797,cache_la_poudre,10,2
2527,87,28,90,40,684,247,183,46,990,cache_la_poudre,4,2
2528,283,20,240,101,1271,162,237,213,765,cache_la_poudre,10,2
2528,318,15,255,20,875,180,226,185,781,cache_la_poudre,6,2
2529,29,6,210,46,153,218,226,144,474,cache_la_poudre,6,2
2529,32,9,162,21,864,218,221,139,902,cache_la_poudre,6,2
2529,329,6,150,28,977,207,233,165,824,cache_la_poudre,6,2
2530,30,9,150,38,150,218,220,137,524,cache_la_poudre,6,2
2530,312,18,216,67,743,170,224,194,696,cache_la_poudre,10,2
2530,332,8,360,159,953,201,230,168,1387,cache_la_poudre,10,2
2531,101,5,228,48,503,228,233,139,212,cache_la_poudre,6,2
2531,259,5,247,48,466,208,243,173,190,cache_la_poudre,6,2
2531,285,9,218,24,845,194,240,186,1180,cache_la_poudre,6,2
2531,349,12,272,62,0,197,219,160,560,cache_la_poudre,6,2
2531,356,3,201,23,845,214,234,157,871,cache_la_poudre,6,2
2532,250,14,277,25,738,188,249,198,1170,cache_la_poudre,6,2
2532,251,15,258,25,765,186,249,201,1172,cache_la_poudre,6,2
2532,327,11,300,49,120,192,227,174,484,cache_la_poudre,6,2
2533,28,9,272,25,721,217,220,139,992,cache_la_poudre,6,2
2533,57,16,210,105,661,229,205,104,339,cache_la_poudre,6,2
2533,165,11,256,100,566,230,244,143,242,cache_la_poudre,6,2
2533,237,11,150,26,926,200,250,186,1130,cache_la_poudre,6,2
2533,293,19,67,20,150,165,233,207,808,cache_la_poudre,10,2
2533,301,19,150,39,300,164,228,203,743,cache_la_poudre,10,2
2533,305,21,212,65,594,158,223,204,674,cache_la_poudre,10,2
2533,315,20,190,64,552,162,219,195,658,cache_la_poudre,10,2
2534,22,5,270,8,674,217,229,149,1054,cache_la_poudre,6,2
2534,65,9,60,13,30,229,222,126,816,cache_la_poudre,6,2
2534,283,19,270,107,1224,165,237,211,700,cache_la_poudre,10,2
2534,284,15,240,51,446,176,239,202,732,cache_la_poudre,10,2
2534,320,29,319,148,690,132,197,198,1200,cache_la_poudre,10,2
2534,330,16,342,65,67,181,220,177,658,cache_la_poudre,6,2
2534,345,10,270,51,120,200,224,163,488,cache_la_poudre,6,2
2535,18,8,242,27,825,215,224,146,840,cache_la_poudre,6,2
2535,27,4,190,27,836,218,230,149,900,cache_la_poudre,6,2
2535,82,13,108,14,0,237,217,108,721,cache_la_poudre,6,2
2535,197,10,283,50,1209,218,249,165,812,cache_la_poudre,6,2
2535,250,20,272,108,1208,173,250,212,641,cache_la_poudre,10,2
2535,316,31,335,146,633,125,198,205,1191,cache_la_poudre,10,2
2537,12,8,242,11,636,212,224,149,1087,cache_la_poudre,6,2
2537,53,12,150,43,95,227,213,118,579,cache_la_poudre,6,2
2537,216,11,180,30,912,209,250,176,1140,cache_la_poudre,6,2
2537,227,10,300,52,1182,206,249,179,811,cache_la_poudre,6,2
2537,318,16,242,77,764,175,223,187,726,cache_la_poudre,10,2
2538,124,24,134,50,644,252,215,77,930,cache_la_poudre,4,2
2538,246,17,301,105,553,184,251,203,234,cache_la_poudre,6,2
2538,295,19,85,20,134,162,231,207,834,cache_la_poudre,10,2
2538,300,19,90,25,190,162,228,205,799,cache_la_poudre,10,2
2538,301,11,228,31,819,189,235,186,1176,cache_la_poudre,6,2
2538,311,16,210,53,384,175,227,191,745,cache_la_poudre,10,2
2538,332,9,256,12,618,199,229,169,1146,cache_la_poudre,6,2
2539,90,11,120,18,67,237,222,114,771,cache_la_poudre,6,2
2539,276,30,90,47,579,128,230,234,1019,cache_la_poudre,10,2
2539,350,11,240,54,90,200,221,160,524,cache_la_poudre,6,2
2540,38,8,242,14,655,220,222,137,1027,cache_la_poudre,6,2
2540,108,11,153,19,0,239,227,117,655,cache_la_poudre,6,2
2540,314,26,361,160,789,144,210,202,1209,cache_la_poudre,10,2
2541,198,11,309,57,1198,217,249,166,782,cache_la_poudre,6,2
2541,255,11,212,34,1087,194,247,191,960,cache_la_poudre,6,2
2541,338,11,313,72,0,196,225,167,577,cache_la_poudre,6,2
2542,77,13,134,21,30,236,216,110,713,cache_la_poudre,6,2
2542,251,10,300,115,1215,198,247,187,755,cache_la_poudre,6,2
2542,273,13,277,47,1167,184,243,199,870,cache_la_poudre,6,2
2542,295,18,95,30,175,166,232,205,824,cache_la_poudre,10,2
2542,307,14,150,44,268,181,231,190,787,cache_la_poudre,10,2
2542,319,17,268,82,778,175,222,187,755,cache_la_poudre,6,2
2542,345,9,365,73,90,202,225,162,674,cache_la_poudre,6,2
2543,30,9,277,35,750,218,220,137,902,cache_la_poudre,6,2
2543,74,7,240,115,618,229,227,132,297,cache_la_poudre,6,2
2543,271,12,268,36,778,187,244,196,1203,cache_la_poudre,6,2
2543,299,21,242,76,616,157,227,208,702,cache_la_poudre,10,2
2544,13,10,285,36,759,210,219,145,872,cache_la_poudre,6,2
2544,279,17,300,117,1195,173,240,207,696,cache_la_poudre,6,2
2544,292,4,270,116,595,207,239,170,277,cache_la_poudre,6,2
2544,311,17,210,56,366,172,226,193,765,cache_la_poudre,10,2
2544,323,29,339,157,691,134,196,194,1182,cache_la_poudre,10,2
2545,72,9,175,24,30,231,223,125,677,cache_la_poudre,6,2
2545,326,11,418,159,902,194,228,174,1237,cache_la_poudre,10,2
2546,289,9,212,39,953,196,239,183,1082,cache_la_poudre,6,2
2546,296,13,285,39,792,182,235,193,1176,cache_la_poudre,6,2
2546,340,10,342,77,30,198,225,166,607,cache_la_poudre,6,2
2547,356,11,395,78,120,202,220,155,702,cache_la_poudre,10,2
2548,21,3,277,27,0,217,232,152,603,cache_la_poudre,6,2
2548,84,10,175,30,60,234,224,121,598,cache_la_poudre,6,2
2548,103,34,120,61,725,253,174,19,1020,cache_la_poudre,4,2
2548,135,7,190,27,30,231,237,139,618,cache_la_poudre,6,2
2548,313,16,150,45,256,175,226,191,811,cache_la_poudre,10,2
2549,174,2,218,28,0,220,240,156,612,cache_la_poudre,6,2
2549,341,18,390,135,162,179,210,168,752,cache_la_poudre,10,2
2550,243,5,242,43,1033,209,244,173,992,cache_la_poudre,6,2
2550,267,9,272,49,1127,197,244,186,900,cache_la_poudre,6,2
2550,271,10,270,81,1154,195,243,188,871,cache_la_poudre,6,2
2550,302,16,210,58,350,174,231,197,785,cache_la_poudre,10,2
2550,342,11,371,81,42,198,224,165,636,cache_la_poudre,6,2
2551,74,3,242,82,1020,224,233,144,994,cache_la_poudre,6,2
2551,85,10,180,30,108,235,222,118,760,cache_la_poudre,6,2
2551,182,6,313,82,1131,222,244,157,750,cache_la_poudre,6,2
2551,202,15,270,44,872,212,252,172,1146,cache_la_poudre,6,2
2551,308,10,242,44,939,191,234,182,1084,cache_la_poudre,6,2
2551,352,12,323,91,752,199,220,158,815,cache_la_poudre,6,2
2552,261,15,331,125,1150,183,247,202,633,cache_la_poudre,6,2
2552,267,12,330,125,1167,189,245,195,693,cache_la_poudre,6,2
2552,300,11,313,45,778,188,235,188,1146,cache_la_poudre,6,2
2554,88,8,180,33,127,232,227,128,789,cache_la_poudre,6,2
2554,89,9,210,33,170,234,225,122,815,cache_la_poudre,6,2
2554,306,16,150,46,234,174,229,195,834,cache_la_poudre,10,2
2555,48,7,218,34,67,223,225,138,696,cache_la_poudre,6,2
2555,306,38,182,89,525,94,190,222,1101,cache_la_poudre,4,2
2556,348,9,258,79,912,203,225,161,1090,cache_la_poudre,6,2
2558,70,9,212,37,95,230,223,125,726,cache_la_poudre,6,2
2558,85,10,210,37,124,235,222,118,755,cache_la_poudre,6,2
2558,292,9,335,81,765,194,238,185,1054,cache_la_poudre,6,2
2559,227,13,295,82,845,202,252,185,1110,cache_la_poudre,6,2
2559,261,13,335,52,725,188,247,197,1154,cache_la_poudre,6,2
2560,249,11,360,133,1129,195,248,191,661,cache_la_poudre,6,2
2560,288,15,240,68,360,178,238,200,828,cache_la_poudre,10,2
2560,310,15,300,77,450,179,229,190,816,cache_la_poudre,10,2
2561,39,10,277,40,90,221,218,131,691,cache_la_poudre,6,2
2561,308,16,180,58,255,176,229,193,853,cache_la_poudre,10,2
2561,346,15,421,92,120,189,214,163,706,cache_la_poudre,10,2
2562,7,11,335,41,90,207,218,148,691,cache_la_poudre,6,2
2562,277,15,268,93,552,178,242,203,738,cache_la_poudre,10,2
2562,296,16,240,68,330,173,234,200,849,cache_la_poudre,10,2
2562,312,13,285,94,594,184,230,186,752,cache_la_poudre,10,2
2562,316,32,376,173,601,118,194,206,1149,cache_la_poudre,10,2
2563,34,14,297,37,685,217,208,123,853,cache_la_poudre,6,2
2563,289,31,201,130,417,120,219,231,1008,cache_la_poudre,10,2
2564,117,4,277,87,819,227,236,143,1050,cache_la_poudre,6,2
2564,311,14,300,81,420,182,230,187,834,cache_la_poudre,10,2
2564,319,29,391,183,730,135,201,199,1158,cache_la_poudre,10,2
2565,4,6,256,88,859,212,228,154,1080,cache_la_poudre,6,2
2566,36,11,272,45,120,219,215,130,721,cache_la_poudre,6,2
2566,272,11,362,59,711,190,243,193,1124,cache_la_poudre,6,2
2566,298,37,201,112,484,94,198,231,1075,cache_la_poudre,10,2
2568,298,14,270,80,360,181,235,193,850,cache_la_poudre,10,2
2568,303,14,240,74,300,180,232,193,870,cache_la_poudre,10,2
2569,350,16,421,48,134,190,212,159,730,cache_la_poudre,10,2
2570,144,32,218,83,674,245,214,70,934,cache_la_poudre,4,2
2570,263,15,331,44,511,180,246,204,834,cache_la_poudre,6,2
2570,324,25,426,190,771,150,204,190,1154,cache_la_poudre,10,2
2572,10,7,301,46,566,213,226,151,819,cache_la_poudre,6,2
2572,322,9,323,104,582,198,232,173,792,cache_la_poudre,6,2
2572,341,20,458,186,816,174,206,169,1155,cache_la_poudre,10,2
2573,271,12,313,108,671,187,244,196,779,cache_la_poudre,6,2
2573,323,27,417,190,735,143,201,193,1142,cache_la_poudre,10,2
2576,347,6,300,50,541,208,230,160,832,cache_la_poudre,6,2
2577,76,9,300,56,180,232,223,124,780,cache_la_poudre,6,2
2577,303,15,351,51,421,178,231,194,882,cache_la_poudre,6,2
2577,332,22,450,195,779,164,207,179,1140,cache_la_poudre,10,2
2579,270,10,301,53,492,193,244,190,860,cache_la_poudre,6,2
2579,284,7,300,53,516,200,240,179,845,cache_la_poudre,6,2
2579,288,12,313,53,443,186,239,192,890,cache_la_poudre,6,2
2582,326,30,404,196,633,132,191,190,1116,cache_la_poudre,10,2
2584,115,27,180,97,750,254,202,57,1022,cache_la_poudre,4,2
2584,344,27,330,170,268,155,186,163,859,cache_la_poudre,10,2
2587,308,10,360,104,331,191,234,182,937,cache_la_poudre,6,2
2589,294,10,350,63,365,192,238,186,942,cache_la_poudre,6,2
2589,317,32,417,200,570,120,193,204,1106,cache_la_poudre,10,2
2592,324,30,426,206,671,131,193,194,1107,cache_la_poudre,10,2
2593,118,26,180,106,778,253,206,63,1052,cache_la_poudre,4,2
2594,330,23,458,211,713,161,206,182,1101,cache_la_poudre,10,2
2595,118,19,210,108,759,249,219,91,1024,cache_la_poudre,4,2
2595,148,17,306,108,702,241,236,118,947,cache_la_poudre,11,2
2596,358,17,480,75,242,192,207,151,830,cache_la_poudre,10,2
2597,326,30,426,205,603,132,191,190,1092,cache_la_poudre,10,2
2598,334,26,450,215,677,152,196,178,1091,cache_la_poudre,10,2
2599,104,21,180,112,782,250,209,77,1082,cache_la_poudre,11,2
2603,171,5,270,116,750,223,242,154,1001,cache_la_poudre,11,2
2604,356,17,454,190,285,191,207,153,874,cache_la_poudre,10,2
2605,10,17,395,191,306,200,204,138,892,cache_la_poudre,10,2
2606,300,21,268,158,484,158,227,208,1073,cache_la_poudre,10,2
2610,0,18,335,196,323,192,205,148,914,cache_la_poudre,10,2
2611,325,30,450,223,573,134,193,191,1068,cache_la_poudre,10,2
2613,358,14,459,199,313,197,212,152,902,cache_la_poudre,6,2
2618,29,10,474,82,335,217,219,137,924,cache_la_poudre,6,2
2619,6,14,437,205,351,202,213,146,940,cache_la_poudre,6,2
2620,8,11,458,89,342,207,218,147,931,cache_la_poudre,6,2
2623,310,7,335,209,418,200,235,175,1008,cache_la_poudre,6,2
2624,111,11,451,113,660,238,229,119,930,cache_la_poudre,11,2
2624,131,9,480,113,630,236,235,130,914,cache_la_poudre,11,2
2632,331,26,488,246,582,150,197,182,1032,cache_la_poudre,10,2
2649,23,10,553,257,532,214,219,140,966,cache_la_poudre,11,2
2654,340,13,531,90,524,192,221,167,984,cache_la_poudre,11,2
1866,23,14,85,16,108,212,210,133,819,cache_la_poudre,2,3
1879,23,18,108,28,134,207,200,124,875,cache_la_poudre,2,3
1880,35,21,150,32,150,213,190,105,825,cache_la_poudre,2,3
1894,32,22,150,43,175,209,186,104,892,cache_la_poudre,2,3
1901,189,10,0,0,30,221,247,160,451,cache_la_poudre,1,3
1904,36,23,170,52,182,212,184,98,920,cache_la_poudre,3,3
1905,62,22,60,29,90,232,189,78,902,cache_la_poudre,3,3
1905,77,21,90,38,120,241,196,75,1025,cache_la_poudre,3,3
1905,80,19,95,38,120,242,201,82,997,cache_la_poudre,3,3
1906,92,22,30,-5,60,248,200,0,450,cache_la_poudre,1,3
1909,16,28,0,0,60,184,169,110,514,cache_la_poudre,1,3
1910,37,24,0,0,30,211,180,94,285,cache_la_poudre,10,3
1910,97,28,67,41,95,251,188,46,1015,cache_la_poudre,3,3
1916,70,19,120,49,150,237,198,85,1015,cache_la_poudre,3,3
1918,321,28,42,17,85,139,201,196,402,cache_la_poudre,10,3
1920,29,33,30,16,67,190,152,78,511,cache_la_poudre,1,3
1920,61,29,90,53,120,229,167,51,1063,cache_la_poudre,3,3
1920,136,15,85,21,95,243,232,114,742,cache_la_poudre,3,3
1922,334,24,30,11,42,157,200,178,430,cache_la_poudre,10,3
1924,95,15,150,48,182,243,216,98,931,cache_la_poudre,3,3
1925,139,22,124,49,162,247,226,95,968,cache_la_poudre,3,3
1925,354,25,0,0,42,170,188,150,537,cache_la_poudre,10,3
1926,0,29,30,13,60,166,174,135,376,cache_la_poudre,10,3
1926,91,37,60,9,85,247,156,0,451,cache_la_poudre,1,3
1926,344,14,0,0,30,192,218,164,644,cache_la_poudre,10,3
1927,336,30,30,21,85,139,184,175,443,cache_la_poudre,10,3
1929,45,1,0,0,30,219,236,0,450,cache_la_poudre,1,3
1929,154,18,108,30,124,238,238,123,771,cache_la_poudre,3,3
1932,102,39,60,24,67,251,161,0,421,cache_la_poudre,1,3
1933,86,18,180,57,212,243,206,85,924,cache_la_poudre,3,3
1934,52,19,30,5,30,226,196,0,469,cache_la_poudre,1,3
1934,164,3,0,0,30,223,240,0,417,cache_la_poudre,1,3
1935,350,16,0,0,120,190,212,159,525,cache_la_poudre,10,3
1936,84,38,42,28,60,242,149,0,391,cache_la_poudre,1,3
1936,163,13,120,37,127,232,243,140,816,cache_la_poudre,3,3
1937,325,29,30,23,67,135,194,191,443,cache_la_poudre,10,3
1938,352,3,0,0,30,214,233,158,306,cache_la_poudre,10,3
1939,47,20,150,72,180,222,192,96,1048,cache_la_poudre,3,3
1940,47,38,30,20,67,204,133,33,335,cache_la_poudre,10,3
1940,56,21,180,64,210,229,190,84,895,cache_la_poudre,3,3
1940,349,1,0,0,30,216,236,157,342,cache_la_poudre,10,3
1942,123,27,95,37,108,253,208,64,636,cache_la_poudre,3,3
1943,148,12,153,44,170,235,239,133,837,cache_la_poudre,3,3
1943,341,36,0,0,60,122,162,164,595,cache_la_poudre,4,3
1944,145,19,150,45,162,243,233,110,794,cache_la_poudre,3,3
1944,313,36,85,43,127,103,188,212,391,cache_la_poudre,10,3
1944,327,31,30,24,108,130,188,188,458,cache_la_poudre,10,3
1944,352,32,30,20,67,147,167,146,551,cache_la_poudre,10,3
1945,31,43,30,24,60,170,110,40,309,cache_la_poudre,10,3
1945,68,21,30,5,30,236,193,79,351,cache_la_poudre,1,3
1946,50,40,67,45,108,205,125,0,511,cache_la_poudre,1,3
1947,40,45,42,37,67,179,101,0,323,cache_la_poudre,10,3
1948,129,12,0,0,60,240,233,121,446,cache_la_poudre,1,3
1950,55,34,42,21,60,218,148,0,446,cache_la_poudre,1,3
1950,67,20,210,74,234,236,197,85,888,cache_la_poudre,3,3
1950,87,20,0,0,30,245,203,0,127,cache_la_poudre,1,3
1950,341,41,85,60,120,105,146,159,192,cache_la_poudre,10,3
1952,94,40,90,44,108,246,148,0,454,cache_la_poudre,1,3
1952,132,13,30,0,60,241,233,119,408,cache_la_poudre,1,3
1953,92,35,30,18,60,248,162,0,376,cache_la_poudre,1,3
1953,331,39,30,26,42,104,163,181,649,cache_la_poudre,10,3
1953,332,33,60,47,127,128,180,181,433,cache_la_poudre,10,3
1953,338,42,30,28,60,100,148,165,618,cache_la_poudre,10,3
1953,343,32,30,24,67,139,174,163,618,cache_la_poudre,10,3
1954,30,26,0,0,67,201,173,95,295,cache_la_poudre,1,3
1954,35,33,30,4,42,196,149,66,247,cache_la_poudre,10,3
1954,103,13,190,55,212,241,223,109,859,cache_la_poudre,3,3
1956,48,24,30,14,180,221,182,83,582,cache_la_poudre,1,3
1956,89,23,127,51,134,247,197,67,696,cache_la_poudre,3,3
1956,117,12,30,4,60,240,229,118,350,cache_la_poudre,1,3
1956,329,33,42,27,67,122,180,186,685,cache_la_poudre,10,3
1956,356,31,0,0,90,156,170,140,579,cache_la_poudre,4,3
1957,312,26,67,42,124,141,211,206,474,cache_la_poudre,10,3
1958,91,21,134,46,134,247,201,73,571,cache_la_poudre,3,3
1958,301,40,85,62,108,83,189,230,212,cache_la_poudre,10,3
1959,113,28,242,83,277,254,199,52,942,cache_la_poudre,3,3
1959,118,16,30,7,67,246,224,102,335,cache_la_poudre,1,3
1959,120,15,201,60,218,245,226,105,853,cache_la_poudre,3,3
1960,116,23,120,48,108,252,211,73,511,cache_la_poudre,3,3
1960,117,20,0,0,60,250,216,84,240,cache_la_poudre,1,3
1962,50,24,42,19,95,223,182,81,335,cache_la_poudre,6,3
1962,121,15,42,9,85,244,227,108,376,cache_la_poudre,1,3
1963,43,33,30,25,95,207,150,55,569,cache_la_poudre,1,3
1963,105,21,192,60,192,250,208,76,752,cache_la_poudre,3,3
1964,8,28,67,40,108,175,172,124,541,cache_la_poudre,10,3
1964,121,21,42,12,85,250,217,84,323,cache_la_poudre,1,3
1964,124,24,95,6,108,252,214,75,480,cache_la_poudre,3,3
1965,17,34,0,0,67,172,150,96,256,cache_la_poudre,10,3
1965,155,15,30,14,108,236,240,130,421,cache_la_poudre,3,3
1966,46,33,30,13,95,209,148,50,350,cache_la_poudre,1,3
1966,302,39,108,71,150,89,192,228,366,cache_la_poudre,10,3
1966,322,42,108,81,95,83,160,197,190,cache_la_poudre,10,3
1966,335,36,124,73,120,118,167,174,124,cache_la_poudre,10,3
1967,81,14,120,35,120,238,214,104,256,cache_la_poudre,6,3
1967,304,29,42,23,162,126,210,218,492,cache_la_poudre,10,3
1967,312,42,108,86,85,79,172,214,228,cache_la_poudre,10,3
1967,346,27,90,56,120,156,185,160,408,cache_la_poudre,10,3
1968,1,33,85,60,108,154,159,128,384,cache_la_poudre,10,3
1968,91,22,150,63,162,247,199,70,693,cache_la_poudre,3,3
1968,113,24,30,8,85,253,208,69,272,cache_la_poudre,1,3
1969,39,26,90,37,90,212,175,85,218,cache_la_poudre,6,3
1969,109,21,67,16,108,250,212,80,402,cache_la_poudre,1,3
1970,115,25,60,12,90,253,207,66,313,cache_la_poudre,1,3
1970,128,25,212,67,212,251,216,78,782,cache_la_poudre,3,3
1970,278,40,95,77,124,85,211,247,180,cache_la_poudre,10,3
1971,269,41,90,81,120,86,217,250,182,cache_la_poudre,10,3
1973,322,42,124,83,108,86,163,197,153,cache_la_poudre,10,3
1974,51,38,67,54,108,209,131,24,371,cache_la_poudre,1,3
1975,91,42,30,23,60,243,141,0,108,cache_la_poudre,1,3
1975,343,32,67,46,108,140,174,162,607,cache_la_poudre,10,3
1976,80,27,240,109,270,244,180,47,1031,cache_la_poudre,3,3
1976,110,26,162,71,175,253,201,59,661,cache_la_poudre,3,3
1976,292,30,60,41,190,125,219,227,511,cache_la_poudre,10,3
1976,334,41,42,36,67,98,153,174,659,cache_la_poudre,10,3
1977,14,29,95,57,134,180,169,113,558,cache_la_poudre,10,3
1977,111,30,272,101,306,254,191,41,938,cache_la_poudre,3,3
1978,330,25,124,53,170,154,202,183,511,cache_la_poudre,10,3
1979,24,41,85,71,108,165,122,64,361,cache_la_poudre,10,3
1979,153,13,0,0,268,236,240,132,470,cache_la_poudre,14,3
1979,261,15,150,88,150,183,247,202,525,cache_la_poudre,1,3
1980,27,21,150,48,150,206,189,111,242,cache_la_poudre,6,3
1980,90,32,60,32,150,248,171,0,433,cache_la_poudre,1,3
1980,112,32,67,33,108,254,186,32,458,cache_la_poudre,1,3
1981,34,38,42,27,108,187,133,53,283,cache_la_poudre,10,3
1981,138,17,90,15,162,244,232,110,484,cache_la_poudre,3,3
1981,162,23,60,5,201,235,238,120,466,cache_la_poudre,3,3
1982,36,34,30,17,67,196,146,62,120,cache_la_poudre,10,3
1982,97,30,85,35,124,251,181,34,443,cache_la_poudre,1,3
1983,112,30,60,23,108,254,193,43,301,cache_la_poudre,1,3
1984,53,24,0,0,300,225,182,78,658,cache_la_poudre,10,3
1984,167,23,42,8,228,232,241,127,474,cache_la_poudre,3,3
1984,307,26,42,19,272,141,215,210,594,cache_la_poudre,10,3
1985,124,28,85,33,120,253,206,60,342,cache_la_poudre,1,3
1985,317,29,0,0,120,132,201,202,564,cache_la_poudre,4,3
1986,8,18,0,0,330,195,200,139,658,cache_la_poudre,10,3
1987,144,21,90,11,190,244,231,105,488,cache_la_poudre,3,3
1987,309,28,134,108,108,133,209,211,366,cache_la_poudre,10,3
1988,42,41,60,38,85,192,121,30,228,cache_la_poudre,10,3
1988,173,20,0,0,283,228,245,139,497,cache_la_poudre,3,3
1988,320,24,127,63,175,151,209,194,446,cache_la_poudre,10,3
1989,97,13,42,0,323,241,220,106,499,cache_la_poudre,6,3
1990,83,31,270,123,300,245,169,30,1006,cache_la_poudre,3,3
1990,344,26,150,66,192,158,190,164,531,cache_la_poudre,10,3
1991,40,39,67,47,95,192,126,38,268,cache_la_poudre,10,3
1991,84,30,270,124,300,246,174,35,1027,cache_la_poudre,3,3
1991,323,44,134,100,124,75,153,195,162,cache_la_poudre,10,3
1992,29,33,42,27,85,189,150,77,90,cache_la_poudre,1,3
1992,293,24,42,6,301,146,227,217,616,cache_la_poudre,10,3
1992,320,31,95,72,192,126,193,199,446,cache_la_poudre,10,3
1993,42,28,30,10,190,211,167,74,630,cache_la_poudre,1,3
1993,70,38,108,62,124,230,139,0,426,cache_la_poudre,1,3
1993,291,41,127,96,150,78,197,240,300,cache_la_poudre,10,3
1993,318,41,150,103,134,84,168,204,124,cache_la_poudre,10,3
1994,57,14,85,15,306,229,210,111,450,cache_la_poudre,6,3
1994,100,29,270,127,300,252,187,41,997,cache_la_poudre,3,3
1995,14,33,124,61,162,171,155,104,576,cache_la_poudre,10,3
1995,20,37,42,30,108,168,136,81,242,cache_la_poudre,10,3
1995,99,18,175,63,153,247,212,87,170,cache_la_poudre,6,3
1995,231,21,0,0,85,183,254,203,285,cache_la_poudre,5,3
1995,276,39,124,105,153,90,215,247,150,cache_la_poudre,10,3
1997,346,10,0,0,67,201,225,162,323,cache_la_poudre,17,3
1998,85,12,162,66,150,237,220,112,192,cache_la_poudre,6,3
1998,94,35,90,50,180,249,166,0,450,cache_la_poudre,1,3
1998,121,29,277,99,283,254,202,53,872,cache_la_poudre,3,3
1998,168,25,67,10,242,230,240,126,503,cache_la_poudre,3,3
1999,15,13,108,14,190,208,212,140,424,cache_la_poudre,1,3
1999,81,14,85,10,342,238,214,104,492,cache_la_poudre,6,3
1999,100,15,120,30,210,244,218,100,324,cache_la_poudre,6,3
1999,304,7,30,3,95,200,236,176,256,cache_la_poudre,17,3
1999,346,9,30,6,85,203,226,161,295,cache_la_poudre,17,3
2001,41,21,0,0,192,217,190,99,430,cache_la_poudre,10,3
2001,95,35,108,54,150,250,167,0,470,cache_la_poudre,1,3
2001,176,24,30,0,295,224,245,139,524,cache_la_poudre,3,3
2002,81,25,150,6,124,244,188,60,124,cache_la_poudre,6,3
2002,117,33,301,135,331,254,189,34,964,cache_la_poudre,3,3
2002,170,27,30,6,180,228,239,125,218,cache_la_poudre,6,3
2002,294,42,134,109,162,74,191,238,153,cache_la_poudre,10,3
2002,351,39,162,118,180,126,147,139,85,cache_la_poudre,10,3
2003,29,38,67,49,127,179,132,61,258,cache_la_poudre,10,3
2004,69,16,190,72,180,235,206,98,212,cache_la_poudre,6,3
2004,325,19,0,0,60,168,215,185,510,cache_la_poudre,17,3
2004,340,38,108,77,124,117,158,163,708,cache_la_poudre,10,3
2004,343,19,30,5,67,180,208,166,577,cache_la_poudre,17,3
2005,79,20,201,73,182,242,200,79,192,cache_la_poudre,6,3
2005,91,25,127,15,108,249,193,59,120,cache_la_poudre,6,3
2005,96,29,258,100,268,251,183,38,751,cache_la_poudre,3,3
2005,126,25,150,17,216,252,213,73,547,cache_la_poudre,3,3
2005,245,5,0,0,234,210,244,172,342,cache_la_poudre,17,3
2005,292,36,90,63,256,98,207,236,531,cache_la_poudre,10,3
2005,334,10,0,0,42,197,227,169,765,cache_la_poudre,17,3
2006,66,20,277,45,400,235,196,85,30,cache_la_poudre,5,3
2006,80,39,60,58,90,238,142,0,124,cache_la_poudre,1,3
2006,114,31,300,107,309,254,192,41,902,cache_la_poudre,3,3
2006,168,24,0,0,350,230,241,127,551,cache_la_poudre,3,3
2006,177,15,67,16,120,226,247,150,162,cache_la_poudre,6,3
2007,27,16,127,38,300,211,203,124,404,cache_la_poudre,6,3
2007,33,35,67,51,162,190,142,64,503,cache_la_poudre,10,3
2007,262,29,30,10,120,138,240,233,212,cache_la_poudre,5,3
2007,320,31,162,99,190,127,195,200,446,cache_la_poudre,10,3
2007,340,10,0,0,60,198,225,166,698,cache_la_poudre,17,3
2008,235,31,0,0,108,153,249,220,256,cache_la_poudre,5,3
2009,75,24,190,0,175,241,187,63,175,cache_la_poudre,6,3
2009,272,18,30,5,192,170,242,210,297,cache_la_poudre,17,3
2009,348,13,30,7,67,196,219,161,671,cache_la_poudre,17,3
2010,62,23,323,45,400,232,185,73,67,cache_la_poudre,5,3
2011,67,37,153,103,190,228,141,12,524,cache_la_poudre,1,3
2011,90,33,228,99,242,248,170,24,691,cache_la_poudre,3,3
2011,137,18,85,21,124,244,231,108,153,cache_la_poudre,6,3
2011,344,17,313,29,404,183,211,164,300,cache_la_poudre,5,3
2012,40,30,30,16,360,207,160,69,700,cache_la_poudre,10,3
2012,45,14,134,43,270,223,210,118,361,cache_la_poudre,6,3
2012,79,15,90,-2,400,239,211,98,531,cache_la_poudre,6,3
2012,305,28,0,0,210,134,213,214,499,cache_la_poudre,4,3
2012,320,19,0,0,67,169,219,189,845,cache_la_poudre,17,3
2012,337,38,124,86,134,112,160,170,726,cache_la_poudre,10,3
2012,353,21,0,0,391,179,198,154,684,cache_la_poudre,10,3
2013,64,21,218,81,210,234,191,79,234,cache_la_poudre,6,3
2013,323,28,30,15,67,139,199,194,484,cache_la_poudre,17,3
2013,339,24,30,10,90,162,199,171,618,cache_la_poudre,17,3
2014,68,24,120,83,170,236,185,68,518,cache_la_poudre,1,3
2014,121,10,30,-6,457,237,232,126,618,cache_la_poudre,14,3
2014,126,32,297,111,297,253,200,49,840,cache_la_poudre,3,3
2014,291,4,30,2,531,208,239,169,480,cache_la_poudre,17,3
2014,303,23,30,11,67,149,221,209,808,cache_la_poudre,17,3
2015,45,35,30,24,210,204,141,44,470,cache_la_poudre,10,3
2015,88,27,175,56,212,248,186,50,400,cache_la_poudre,1,3
2015,131,30,162,62,201,252,208,61,430,cache_la_poudre,1,3
2016,67,18,120,1,395,235,201,91,509,cache_la_poudre,6,3
2016,126,22,120,59,162,251,218,84,351,cache_la_poudre,1,3
2016,245,31,30,8,124,144,246,228,218,cache_la_poudre,5,3
2016,302,26,30,12,60,140,218,214,765,cache_la_poudre,17,3
2017,42,21,30,-2,301,218,188,96,726,cache_la_poudre,1,3
2017,43,40,85,63,150,194,124,32,277,cache_la_poudre,10,3
2017,76,24,323,56,408,241,188,65,42,cache_la_poudre,5,3
2017,95,28,182,58,218,251,187,45,371,cache_la_poudre,1,3
2017,339,23,335,32,408,164,200,170,272,cache_la_poudre,5,3
2018,39,41,85,65,162,187,120,34,361,cache_la_poudre,10,3
2018,304,27,150,126,180,134,214,215,124,cache_la_poudre,10,3
2018,320,20,0,0,67,163,216,191,680,cache_la_poudre,10,3
2019,47,43,85,66,150,195,114,14,319,cache_la_poudre,10,3
2019,55,24,190,50,270,227,182,76,319,cache_la_poudre,6,3
2019,138,28,150,67,182,249,218,77,395,cache_la_poudre,1,3
2019,236,7,30,2,598,208,246,176,430,cache_la_poudre,1,3
2019,301,28,30,14,67,133,216,218,726,cache_la_poudre,17,3
2020,7,35,134,97,175,157,151,114,618,cache_la_poudre,10,3
2020,55,32,42,25,150,220,154,43,277,cache_la_poudre,4,3
2020,67,16,300,59,418,234,207,100,124,cache_la_poudre,5,3
2020,93,17,300,59,424,245,212,90,95,cache_la_poudre,5,3
2020,304,39,153,124,234,88,189,226,404,cache_la_poudre,10,3
2021,8,31,127,100,150,168,162,118,408,cache_la_poudre,10,3
2021,167,32,60,17,182,227,232,111,212,cache_la_poudre,6,3
2021,333,17,60,18,108,179,216,175,726,cache_la_poudre,17,3
2022,66,34,134,39,192,230,152,25,577,cache_la_poudre,1,3
2022,85,20,134,62,180,244,203,80,365,cache_la_poudre,1,3
2022,93,40,120,74,210,246,150,0,469,cache_la_poudre,1,3
2022,183,23,30,8,488,219,248,149,451,cache_la_poudre,1,3
2022,226,36,30,27,127,147,245,213,268,cache_la_poudre,5,3
2022,264,13,404,42,510,188,246,197,430,cache_la_poudre,5,3
2022,302,29,30,17,85,129,213,218,780,cache_la_poudre,17,3
2023,278,33,42,16,192,113,223,239,255,cache_la_poudre,17,3
2023,288,34,85,24,313,108,214,235,576,cache_la_poudre,10,3
2023,294,30,42,19,150,125,218,226,566,cache_la_poudre,10,3
2023,345,28,360,36,402,153,184,161,218,cache_la_poudre,5,3
2024,26,38,85,75,108,175,132,67,134,cache_la_poudre,10,3
2024,65,31,90,69,120,231,161,39,120,cache_la_poudre,10,3
2024,74,20,42,3,485,239,199,82,638,cache_la_poudre,6,3
2024,333,20,67,19,124,169,209,178,700,cache_la_poudre,10,3
2024,341,19,42,14,95,177,208,168,793,cache_la_poudre,17,3
2025,62,25,272,64,371,232,181,67,180,cache_la_poudre,5,3
2025,95,36,127,77,175,249,163,10,497,cache_la_poudre,1,3
2025,130,24,150,68,190,251,218,81,379,cache_la_poudre,1,3
2025,165,34,60,16,212,227,227,102,242,cache_la_poudre,6,3
2025,344,19,120,30,180,178,206,165,182,cache_la_poudre,5,3
2025,348,18,67,22,108,185,209,161,767,cache_la_poudre,17,3
2025,349,29,175,3,170,154,179,154,297,cache_la_poudre,10,3
2026,23,13,417,46,531,212,211,134,424,cache_la_poudre,5,3
2026,43,22,192,47,360,219,187,93,426,cache_la_poudre,6,3
2026,46,19,180,11,390,222,195,101,469,cache_la_poudre,6,3
2026,220,7,0,0,524,212,247,171,510,cache_la_poudre,17,3
2026,247,29,67,28,242,148,247,227,430,cache_la_poudre,5,3
2026,301,30,30,19,67,124,211,221,738,cache_la_poudre,17,3
2026,325,25,247,31,301,151,205,190,150,cache_la_poudre,5,3
2027,64,32,228,68,268,229,156,34,306,cache_la_poudre,5,3
2027,119,25,124,70,175,253,209,68,362,cache_la_poudre,1,3
2027,189,24,0,0,443,213,249,156,624,cache_la_poudre,3,3
2027,193,14,0,0,510,217,251,164,684,cache_la_poudre,6,3
2027,196,20,42,10,592,211,252,167,402,cache_la_poudre,1,3
2028,36,23,192,59,330,211,182,96,384,cache_la_poudre,6,3
2028,42,41,108,84,134,191,120,28,258,cache_la_poudre,10,3
2028,46,39,85,78,108,200,127,28,175,cache_la_poudre,10,3
2028,57,30,108,71,150,225,162,50,42,cache_la_poudre,1,3
2028,99,45,120,87,150,244,138,0,339,cache_la_poudre,1,3
2028,110,39,124,80,210,252,167,0,492,cache_la_poudre,1,3
2028,116,35,300,123,309,254,183,24,782,cache_la_poudre,3,3
2028,325,21,42,16,108,163,212,187,834,cache_la_poudre,17,3
2029,8,31,95,64,127,168,162,118,108,cache_la_poudre,10,3
2029,42,21,300,68,408,219,190,98,153,cache_la_poudre,5,3
2029,117,39,124,81,182,252,174,11,525,cache_la_poudre,1,3
2029,269,13,424,44,510,185,244,199,402,cache_la_poudre,5,3
2030,50,34,67,35,150,213,145,40,300,cache_la_poudre,4,3
2030,65,35,124,82,212,228,147,0,424,cache_la_poudre,1,3
2030,121,36,319,127,319,253,185,26,841,cache_la_poudre,3,3
2030,137,30,30,11,511,249,213,68,395,cache_la_poudre,1,3
2030,242,26,90,32,283,159,250,220,470,cache_la_poudre,5,3
2030,300,11,210,35,270,188,235,188,218,cache_la_poudre,5,3
2030,326,26,85,23,134,146,201,189,674,cache_la_poudre,10,3
2031,59,34,42,11,256,223,149,33,691,cache_la_poudre,1,3
2031,69,19,42,4,524,237,199,87,680,cache_la_poudre,6,3
2031,348,16,0,0,454,187,211,161,684,cache_la_poudre,10,3
2032,27,23,60,32,420,204,184,107,696,cache_la_poudre,10,3
2032,34,38,108,84,190,185,131,53,382,cache_la_poudre,1,3
2032,40,20,0,0,335,217,191,101,768,cache_la_poudre,1,3
2032,78,33,182,124,216,241,161,24,532,cache_la_poudre,1,3
2033,15,31,95,68,162,176,159,104,192,cache_la_poudre,1,3
2033,35,20,330,72,437,213,193,108,162,cache_la_poudre,5,3
2033,52,27,67,37,390,222,170,66,722,cache_la_poudre,10,3
2033,75,22,162,73,210,241,194,74,395,cache_la_poudre,1,3
2033,249,35,60,25,153,125,239,236,190,cache_la_poudre,5,3
2033,298,43,170,136,192,68,183,234,297,cache_la_poudre,10,3
2034,151,26,127,32,283,242,229,99,589,cache_la_poudre,3,3
2034,243,36,67,41,150,127,240,233,324,cache_la_poudre,5,3
2035,301,33,42,23,85,113,206,224,711,cache_la_poudre,17,3
2035,323,23,95,32,150,154,209,191,716,cache_la_poudre,10,3
2035,354,18,85,25,134,188,206,154,782,cache_la_poudre,10,3
2036,7,15,212,41,270,202,210,144,247,cache_la_poudre,5,3
2036,82,25,153,76,210,245,187,56,391,cache_la_poudre,1,3
2036,95,17,360,75,474,245,212,89,150,cache_la_poudre,5,3
2036,310,31,67,32,153,122,202,212,582,cache_la_poudre,10,3
2037,7,22,150,42,210,188,191,134,210,cache_la_poudre,5,3
2037,48,25,301,76,400,220,177,78,182,cache_la_poudre,5,3
2037,101,14,384,68,450,242,221,106,300,cache_la_poudre,5,3
2037,306,13,30,1,420,184,232,188,642,cache_la_poudre,17,3
2037,315,26,242,42,300,143,209,202,175,cache_la_poudre,5,3
2038,84,18,379,77,466,243,206,87,95,cache_la_poudre,5,3
2038,318,19,469,61,564,167,220,191,379,cache_la_poudre,5,3
2038,335,21,458,58,573,167,206,175,430,cache_la_poudre,5,3
2039,12,26,134,17,212,184,178,121,300,cache_la_poudre,10,3
2039,18,20,390,57,488,200,195,126,365,cache_la_poudre,5,3
2039,71,33,30,19,285,235,157,26,721,cache_la_poudre,1,3
2039,112,33,162,106,182,254,186,32,391,cache_la_poudre,1,3
2039,197,12,0,0,564,217,250,166,750,cache_la_poudre,6,3
2039,229,37,42,31,150,140,243,218,242,cache_la_poudre,5,3
2039,293,26,30,16,459,137,223,222,693,cache_la_poudre,10,3
2040,13,33,162,120,201,170,155,104,638,cache_la_poudre,10,3
2040,37,27,216,71,330,208,170,83,366,cache_la_poudre,6,3
2040,246,18,85,17,552,179,251,207,433,cache_la_poudre,1,3
2040,330,28,242,106,283,143,193,183,576,cache_la_poudre,10,3
2041,27,26,402,73,467,199,175,100,216,cache_la_poudre,5,3
2041,73,23,190,26,450,239,190,70,516,cache_la_poudre,6,3
2041,285,17,242,46,300,171,238,206,256,cache_la_poudre,5,3
2041,327,33,60,43,108,122,182,189,474,cache_la_poudre,10,3
2042,81,32,30,22,313,243,167,29,751,cache_la_poudre,1,3
2042,301,32,60,38,95,116,207,223,725,cache_la_poudre,17,3
2043,41,35,134,95,218,200,142,51,404,cache_la_poudre,1,3
2043,88,18,210,114,234,244,209,88,497,cache_la_poudre,1,3
2043,164,37,60,24,525,224,222,94,351,cache_la_poudre,1,3
2043,238,37,60,35,162,130,241,228,201,cache_la_poudre,5,3
2043,264,22,240,48,300,158,244,221,228,cache_la_poudre,5,3
2043,311,20,30,7,633,161,221,198,630,cache_la_poudre,17,3
2043,338,37,85,41,134,119,164,169,582,cache_la_poudre,10,3
2044,28,29,182,113,234,194,163,89,481,cache_la_poudre,10,3
2044,40,26,417,78,469,212,172,81,175,cache_la_poudre,5,3
2044,80,31,153,24,234,243,168,32,612,cache_la_poudre,1,3
2044,125,37,339,141,339,251,186,26,871,cache_la_poudre,3,3
2044,128,34,67,35,330,252,197,43,365,cache_la_poudre,6,3
2044,292,34,60,40,182,108,211,233,558,cache_la_poudre,10,3
2044,314,22,30,11,592,156,216,198,601,cache_la_poudre,17,3
2044,346,30,391,57,443,147,176,157,256,cache_la_poudre,5,3
2044,357,30,42,20,108,158,170,139,636,cache_la_poudre,10,3
2045,44,35,150,135,175,204,144,49,430,cache_la_poudre,1,3
2045,161,34,90,36,218,231,224,94,240,cache_la_poudre,6,3
2045,230,21,30,1,537,183,254,202,732,cache_la_poudre,6,3
2045,276,27,30,16,390,138,234,230,638,cache_la_poudre,1,3
2045,283,22,60,12,457,155,235,217,532,cache_la_poudre,17,3
2045,304,22,30,14,488,154,223,207,664,cache_la_poudre,10,3
2045,330,31,30,16,300,133,186,184,408,cache_la_poudre,4,3
2046,29,25,331,85,430,202,176,99,190,cache_la_poudre,5,3
2046,219,27,30,8,497,179,253,198,691,cache_la_poudre,6,3
2047,25,23,433,80,499,201,184,111,268,cache_la_poudre,5,3
2047,51,41,134,103,162,204,122,16,277,cache_la_poudre,10,3
2047,298,33,42,24,108,111,207,227,642,cache_la_poudre,10,3
2047,335,21,492,68,591,168,207,176,371,cache_la_poudre,5,3
2048,27,30,201,128,242,191,159,87,636,cache_la_poudre,10,3
2048,46,31,67,28,268,211,156,58,693,cache_la_poudre,1,3
2048,91,33,120,100,153,249,169,22,67,cache_la_poudre,1,3
2048,138,19,30,-1,604,246,229,103,792,cache_la_poudre,2,3
2048,278,37,67,42,216,96,216,245,234,cache_la_poudre,5,3
2048,304,44,162,162,190,65,174,227,192,cache_la_poudre,10,3
2048,306,37,190,163,218,96,191,221,95,cache_la_poudre,10,3
2048,327,41,192,163,175,94,161,187,170,cache_la_poudre,10,3
2049,312,44,216,160,201,70,166,215,85,cache_la_poudre,10,3
2050,24,39,134,112,216,170,130,69,459,cache_la_poudre,10,3
2050,41,25,218,35,450,213,176,84,499,cache_la_poudre,6,3
2050,88,28,212,131,242,248,182,44,541,cache_la_poudre,1,3
2050,91,32,258,44,295,249,172,25,696,cache_la_poudre,3,3
2050,109,37,153,115,180,253,171,10,366,cache_la_poudre,1,3
2050,118,36,361,151,366,253,182,22,930,cache_la_poudre,3,3
2050,260,20,90,27,524,167,246,215,450,cache_la_poudre,1,3
2051,4,28,256,128,295,173,175,130,618,cache_la_poudre,10,3
2051,6,30,124,86,190,167,166,123,170,cache_la_poudre,10,3
2051,53,24,85,19,579,226,182,77,721,cache_la_poudre,6,3
2051,285,36,60,47,212,99,213,241,534,cache_la_poudre,10,3
2052,55,27,150,37,484,224,170,62,576,cache_la_poudre,6,3
2052,103,28,242,95,277,253,191,46,361,cache_la_poudre,1,3
2052,318,18,150,47,201,171,221,189,735,cache_la_poudre,10,3
2052,350,28,400,69,474,159,181,152,313,cache_la_poudre,5,3
2053,139,23,30,-8,480,247,225,93,541,cache_la_poudre,6,3
2053,158,32,90,26,390,235,225,94,631,cache_la_poudre,3,3
2053,235,21,120,30,537,179,253,206,426,cache_la_poudre,1,3
2053,303,32,67,46,108,118,206,220,698,cache_la_poudre,10,3
2053,331,18,0,0,518,176,215,178,636,cache_la_poudre,10,3
2054,63,30,180,45,256,230,164,46,256,cache_la_poudre,6,3
2054,96,35,360,187,390,250,168,16,1020,cache_la_poudre,3,3
2054,97,22,190,97,242,249,204,72,430,cache_la_poudre,1,3
2054,287,34,67,50,242,108,215,237,511,cache_la_poudre,10,3
2054,333,33,182,32,192,129,180,180,234,cache_la_poudre,10,3
2055,10,23,408,70,492,188,186,128,342,cache_la_poudre,5,3
2055,95,42,150,114,180,245,142,0,342,cache_la_poudre,1,3
2055,102,22,240,126,258,250,205,72,485,cache_la_poudre,1,3
2055,171,28,95,36,564,226,239,126,350,cache_la_poudre,1,3
2055,268,38,85,53,180,98,222,247,150,cache_la_poudre,5,3
2055,305,37,190,159,277,96,192,223,408,cache_la_poudre,10,3
2055,312,28,42,19,566,134,207,207,571,cache_la_poudre,17,3
2055,332,33,42,25,300,126,178,180,426,cache_la_poudre,10,3
2055,338,24,499,75,616,162,199,172,395,cache_la_poudre,5,3
2056,87,32,201,123,218,247,170,27,402,cache_la_poudre,1,3
2056,134,23,30,-1,618,249,223,89,816,cache_la_poudre,2,3
2056,228,34,67,61,170,149,247,215,258,cache_la_poudre,5,3
2057,25,28,95,37,283,193,167,96,696,cache_la_poudre,1,3
2057,297,21,134,62,182,155,228,211,272,cache_la_poudre,5,3
2057,360,31,175,136,201,159,167,133,458,cache_la_poudre,10,3
2058,14,19,30,4,937,200,199,131,342,cache_la_poudre,17,3
2058,38,36,134,108,162,194,137,51,212,cache_la_poudre,10,3
2058,71,25,162,16,297,238,183,62,677,cache_la_poudre,1,3
2058,127,25,212,101,256,252,215,75,446,cache_la_poudre,1,3
2058,164,16,0,0,604,233,243,136,824,cache_la_poudre,6,3
2058,294,24,270,63,330,146,226,217,216,cache_la_poudre,5,3
2058,356,25,42,12,395,171,186,145,721,cache_la_poudre,10,3
2059,83,22,420,98,524,244,195,69,212,cache_la_poudre,5,3
2059,157,34,85,42,467,234,221,86,390,cache_la_poudre,1,3
2059,185,28,67,26,443,212,245,147,659,cache_la_poudre,3,3
2059,221,29,67,27,446,174,252,201,534,cache_la_poudre,1,3
2059,254,31,90,57,210,135,242,234,134,cache_la_poudre,5,3
2059,256,21,182,61,408,166,247,217,592,cache_la_poudre,10,3
2059,359,29,153,37,212,163,173,136,258,cache_la_poudre,10,3
2060,12,19,175,64,277,196,197,133,283,cache_la_poudre,5,3
2060,114,38,162,112,240,253,174,12,534,cache_la_poudre,1,3
2060,279,39,60,37,466,91,213,246,685,cache_la_poudre,10,3
2061,29,36,108,32,228,182,138,67,437,cache_la_poudre,10,3
2061,46,31,108,66,180,212,157,58,342,cache_la_poudre,10,3
2061,82,27,175,46,481,245,181,48,558,cache_la_poudre,6,3
2061,122,36,342,156,350,253,186,27,815,cache_la_poudre,3,3
2061,162,34,90,42,537,229,226,97,335,cache_la_poudre,1,3
2061,242,36,67,32,408,129,241,232,576,cache_la_poudre,1,3
2061,333,41,42,35,120,97,153,176,661,cache_la_poudre,10,3
2062,86,33,0,0,379,246,165,0,755,cache_la_poudre,1,3
2062,91,22,134,70,162,248,198,68,376,cache_la_poudre,4,3
2062,100,25,420,101,532,251,198,59,192,cache_la_poudre,5,3
2062,128,34,85,49,360,252,196,41,395,cache_la_poudre,6,3
2062,233,36,85,54,339,139,244,222,313,cache_la_poudre,1,3
2063,25,28,228,134,268,194,169,98,658,cache_la_poudre,10,3
2063,53,26,108,24,607,224,176,70,743,cache_la_poudre,6,3
2063,70,22,247,144,283,237,192,76,579,cache_la_poudre,1,3
2063,77,27,170,42,547,242,180,51,642,cache_la_poudre,6,3
2063,100,34,30,19,277,252,172,0,541,cache_la_poudre,1,3
2063,296,27,90,30,443,136,221,220,495,cache_la_poudre,10,3
2063,359,20,0,0,547,186,199,147,607,cache_la_poudre,10,3
2064,29,29,247,49,450,196,163,88,484,cache_la_poudre,6,3
2064,89,34,295,37,350,247,166,19,760,cache_la_poudre,3,3
2064,117,29,216,58,309,254,198,49,671,cache_la_poudre,3,3
2064,290,37,212,169,268,97,208,237,366,cache_la_poudre,10,3
2064,309,28,258,143,283,132,208,210,541,cache_la_poudre,10,3
2064,351,17,162,69,212,188,209,157,270,cache_la_poudre,5,3
2065,131,32,85,46,390,252,204,54,430,cache_la_poudre,6,3
2065,150,39,67,46,474,237,206,60,335,cache_la_poudre,1,3
2065,158,43,95,56,306,225,205,66,330,cache_la_poudre,6,3
2065,357,18,474,98,541,188,203,150,285,cache_la_poudre,5,3
2066,246,32,85,53,404,139,244,231,365,cache_la_poudre,1,3
2066,253,35,90,36,418,120,237,239,513,cache_la_poudre,10,3
2066,297,35,67,52,134,102,203,230,624,cache_la_poudre,10,3
2066,303,23,30,13,553,149,221,210,618,cache_la_poudre,10,3
2066,310,27,150,61,201,137,210,209,684,cache_la_poudre,10,3
2066,311,24,95,62,134,148,215,204,685,cache_la_poudre,10,3
2066,320,41,256,179,247,87,167,202,30,cache_la_poudre,10,3
2066,333,23,30,17,870,160,203,179,631,cache_la_poudre,10,3
2067,11,37,67,50,134,156,140,99,616,cache_la_poudre,10,3
2067,45,18,192,102,258,222,197,103,228,cache_la_poudre,1,3
2067,48,33,85,23,212,211,150,49,480,cache_la_poudre,10,3
2067,80,33,153,119,190,242,161,21,67,cache_la_poudre,1,3
2067,111,33,306,3,362,254,184,29,789,cache_la_poudre,3,3
2067,128,24,120,58,228,251,218,80,242,cache_la_poudre,6,3
2068,297,23,85,4,743,149,225,213,655,cache_la_poudre,10,3
2068,300,38,212,171,234,91,194,229,300,cache_la_poudre,10,3
2068,333,35,108,65,162,122,174,179,600,cache_la_poudre,10,3
2068,341,26,525,88,636,155,190,168,391,cache_la_poudre,5,3
2069,1,24,430,83,499,178,187,141,323,cache_la_poudre,5,3
2069,110,29,268,138,283,254,193,44,474,cache_la_poudre,1,3
2069,144,20,30,5,618,244,232,108,849,cache_la_poudre,6,3
2069,161,30,42,7,480,233,231,105,532,cache_la_poudre,6,3
2069,258,29,30,12,420,139,242,232,297,cache_la_poudre,4,3
2069,312,31,124,67,182,124,202,210,642,cache_la_poudre,10,3
2070,38,32,192,105,234,202,154,67,120,cache_la_poudre,10,3
2070,218,27,67,32,484,181,253,196,700,cache_la_poudre,6,3
2070,267,25,258,74,361,149,241,226,309,cache_la_poudre,5,3
2070,289,12,162,74,218,186,238,193,300,cache_la_poudre,5,3
2070,333,32,153,66,192,130,180,179,638,cache_la_poudre,10,3
2070,337,27,516,62,618,150,191,173,430,cache_la_poudre,5,3
2071,28,36,134,42,242,181,139,70,430,cache_la_poudre,10,3
2071,30,19,470,103,531,211,196,115,218,cache_la_poudre,5,3
2071,43,28,390,204,390,213,167,73,992,cache_la_poudre,5,3
2071,166,31,124,52,552,229,232,110,324,cache_la_poudre,1,3
2072,166,29,162,62,342,230,235,115,655,cache_la_poudre,3,3
2072,254,25,42,9,537,156,247,223,767,cache_la_poudre,6,3
2073,35,36,175,125,256,191,140,59,408,cache_la_poudre,1,3
2073,72,34,192,116,234,235,154,0,95,cache_la_poudre,1,3
2073,279,28,30,21,390,133,231,231,319,cache_la_poudre,4,3
2074,14,18,484,106,551,200,199,132,247,cache_la_poudre,5,3
2074,51,26,134,30,636,222,175,71,765,cache_la_poudre,6,3
2074,131,34,108,65,361,251,198,44,391,cache_la_poudre,6,3
2074,271,20,127,56,192,163,242,216,553,cache_la_poudre,10,3
2074,288,30,90,70,218,124,221,230,553,cache_la_poudre,10,3
2074,331,29,108,75,162,141,191,182,511,cache_la_poudre,10,3
2075,92,25,201,33,300,249,193,58,655,cache_la_poudre,1,3
2075,97,21,247,118,295,249,204,73,481,cache_la_poudre,1,3
2075,99,31,153,47,270,252,182,33,531,cache_la_poudre,1,3
2075,107,24,240,115,285,252,204,65,480,cache_la_poudre,1,3
2075,346,31,60,28,912,145,175,158,603,cache_la_poudre,10,3
2075,352,26,170,67,277,165,184,151,242,cache_la_poudre,5,3
2075,357,24,192,67,300,175,189,145,228,cache_la_poudre,5,3
2076,1,9,134,80,234,207,223,153,277,cache_la_poudre,5,3
2076,27,21,60,11,108,206,189,111,457,cache_la_poudre,10,3
2076,114,33,256,123,295,254,187,31,514,cache_la_poudre,1,3
2076,261,30,120,74,240,134,239,235,108,cache_la_poudre,5,3
2076,327,25,190,73,234,151,203,187,677,cache_la_poudre,10,3
2076,349,29,201,150,216,152,177,154,721,cache_la_poudre,10,3
2077,3,30,190,128,212,164,167,128,162,cache_la_poudre,10,3
2077,64,23,60,13,120,234,187,73,495,cache_la_poudre,10,3
2077,83,30,242,144,256,245,172,34,418,cache_la_poudre,1,3
2077,123,37,382,174,382,252,184,23,902,cache_la_poudre,3,3
2077,230,34,95,71,319,150,247,217,285,cache_la_poudre,1,3
2077,311,20,242,167,268,163,222,198,525,cache_la_poudre,10,3
2077,326,26,309,148,350,148,202,189,607,cache_la_poudre,10,3
2077,344,25,558,97,624,163,193,164,331,cache_la_poudre,5,3
2078,13,33,247,146,297,168,153,104,451,cache_la_poudre,10,3
2078,31,32,42,24,541,194,155,78,589,cache_la_poudre,10,3
2078,59,32,210,69,323,225,156,40,323,cache_la_poudre,6,3
2078,123,33,313,14,376,253,194,39,819,cache_la_poudre,3,3
2078,308,19,0,0,636,166,225,198,120,cache_la_poudre,4,3
2078,322,24,212,66,268,151,208,193,696,cache_la_poudre,10,3
2078,336,32,124,79,182,133,179,174,553,cache_la_poudre,10,3
2079,22,33,108,62,175,181,153,90,573,cache_la_poudre,10,3
2079,61,32,67,35,242,226,155,37,510,cache_la_poudre,10,3
2079,203,22,108,66,424,202,253,176,361,cache_la_poudre,1,3
2079,239,34,108,71,361,139,245,227,306,cache_la_poudre,1,3
2079,258,41,120,71,212,96,226,247,134,cache_la_poudre,5,3
2079,284,38,212,170,234,91,209,243,258,cache_la_poudre,10,3
2079,294,26,108,75,277,137,222,221,509,cache_la_poudre,10,3
2079,294,36,234,185,258,98,205,234,324,cache_la_poudre,10,3
2079,314,32,42,28,360,120,197,208,361,cache_la_poudre,10,3
2080,84,23,295,123,342,245,194,66,424,cache_la_poudre,1,3
2080,145,24,90,22,671,245,228,97,853,cache_la_poudre,2,3
2080,250,27,90,52,330,150,247,226,594,cache_la_poudre,1,3
2081,22,23,450,73,558,200,186,114,379,cache_la_poudre,5,3
2081,100,30,192,127,255,253,186,39,268,cache_la_poudre,1,3
2081,157,43,90,62,484,225,205,65,313,cache_la_poudre,1,3
2081,245,24,108,49,430,163,250,218,531,cache_la_poudre,1,3
2081,245,33,162,83,313,136,244,231,450,cache_la_poudre,5,3
2081,295,28,108,17,721,132,220,223,626,cache_la_poudre,10,3
2081,305,23,30,13,603,150,221,208,153,cache_la_poudre,4,3
2081,319,29,134,78,190,134,200,199,618,cache_la_poudre,10,3
2081,327,33,60,37,85,124,183,189,942,cache_la_poudre,10,3
2082,95,27,301,151,324,251,189,49,488,cache_la_poudre,1,3
2082,123,35,362,18,384,253,189,32,875,cache_la_poudre,3,3
2082,227,12,150,24,725,202,251,184,892,cache_la_poudre,2,3
2082,318,21,30,7,1355,160,216,194,671,cache_la_poudre,17,3
2082,360,26,421,86,480,173,183,140,309,cache_la_poudre,5,3
2083,6,25,182,118,242,179,182,132,134,cache_la_poudre,10,3
2083,39,7,228,173,256,221,225,140,510,cache_la_poudre,10,3
2083,253,33,85,55,379,127,239,237,595,cache_la_poudre,1,3
2083,279,30,30,5,560,124,227,235,631,cache_la_poudre,10,3
2083,329,25,212,72,258,151,201,185,671,cache_la_poudre,10,3
2084,62,21,95,20,150,232,191,81,532,cache_la_poudre,10,3
2084,71,19,518,123,595,237,200,87,240,cache_la_poudre,5,3
2084,80,21,192,63,242,243,197,74,458,cache_la_poudre,4,3
2084,85,36,0,0,418,244,156,0,730,cache_la_poudre,1,3
2084,258,21,277,89,382,166,247,216,306,cache_la_poudre,5,3
2084,305,21,30,6,1369,157,223,204,696,cache_la_poudre,17,3
2084,310,27,30,19,571,136,210,209,190,cache_la_poudre,4,3
2085,47,38,67,38,1008,204,133,33,451,cache_la_poudre,10,3
2085,62,22,180,27,713,232,189,78,850,cache_la_poudre,2,3
2085,72,25,285,128,335,239,182,59,454,cache_la_poudre,1,3
2085,100,27,480,124,577,252,191,48,258,cache_la_poudre,5,3
2085,245,33,120,55,390,137,244,231,485,cache_la_poudre,1,3
2085,266,35,60,32,532,112,230,243,658,cache_la_poudre,10,3
2085,268,23,60,21,525,155,242,223,778,cache_la_poudre,6,3
2085,279,35,120,83,247,104,219,242,150,cache_la_poudre,5,3
2085,295,21,30,13,666,155,229,212,124,cache_la_poudre,4,3
2085,300,29,42,6,785,128,214,220,674,cache_la_poudre,10,3
2086,57,27,67,18,150,226,171,61,510,cache_la_poudre,10,3
2086,64,27,182,131,218,233,176,58,95,cache_la_poudre,10,3
2086,105,32,277,22,390,254,181,29,794,cache_la_poudre,3,3
2086,114,33,234,58,309,254,187,32,547,cache_la_poudre,1,3
2086,254,22,67,22,510,163,248,219,752,cache_la_poudre,6,3
2086,282,17,30,5,1249,172,239,206,524,cache_la_poudre,10,3
2087,24,31,67,46,540,187,158,90,582,cache_la_poudre,10,3
2087,109,29,228,60,350,254,194,47,706,cache_la_poudre,3,3
2087,160,30,67,13,480,235,230,102,524,cache_la_poudre,6,3
2087,247,23,150,61,457,166,250,217,488,cache_la_poudre,1,3
2087,280,14,30,9,1224,179,241,201,497,cache_la_poudre,17,3
2087,284,33,60,39,180,111,219,237,624,cache_la_poudre,10,3
2087,334,21,212,154,228,168,208,176,679,cache_la_poudre,10,3
2087,349,8,0,0,295,205,226,160,573,cache_la_poudre,14,3
2088,40,31,124,44,268,205,155,65,400,cache_la_poudre,10,3
2088,63,27,481,127,564,232,175,59,277,cache_la_poudre,5,3
2088,66,33,313,131,351,231,156,31,301,cache_la_poudre,5,3
2088,232,17,85,24,576,190,253,197,859,cache_la_poudre,6,3
2088,244,35,180,90,362,128,241,233,516,cache_la_poudre,5,3
2088,248,30,108,82,300,143,245,230,256,cache_la_poudre,5,3
2088,282,23,30,12,696,152,235,220,134,cache_la_poudre,10,3
2089,1,14,228,162,242,199,213,150,700,cache_la_poudre,10,3
2089,9,19,285,162,319,195,199,137,703,cache_la_poudre,10,3
2089,134,27,67,25,659,250,216,76,890,cache_la_poudre,2,3
2089,320,11,150,85,242,191,229,178,594,cache_la_poudre,10,3
2089,321,24,192,74,255,152,209,193,488,cache_la_poudre,10,3
2089,356,38,42,21,120,133,145,130,792,cache_la_poudre,10,3
2090,0,29,201,82,309,165,173,134,190,cache_la_poudre,5,3
2090,113,35,295,156,309,254,182,24,466,cache_la_poudre,1,3
2090,252,23,150,41,150,163,248,219,865,cache_la_poudre,1,3
2090,280,37,60,32,999,95,214,244,285,cache_la_poudre,10,3
2090,304,5,30,-9,391,205,237,171,511,cache_la_poudre,14,3
2090,320,22,360,94,420,158,213,192,277,cache_la_poudre,5,3
2090,325,27,124,78,170,141,199,191,631,cache_la_poudre,10,3
2090,358,29,90,38,999,164,174,138,518,cache_la_poudre,10,3
2091,5,30,30,16,607,167,167,124,552,cache_la_poudre,10,3
2091,122,30,150,63,272,254,201,52,576,cache_la_poudre,1,3
2091,254,31,90,63,335,134,241,234,638,cache_la_poudre,1,3
2091,299,30,108,55,618,122,213,223,573,cache_la_poudre,10,3
2092,34,27,85,30,350,204,169,86,760,cache_la_poudre,1,3
2092,34,33,247,83,390,196,151,69,390,cache_la_poudre,6,3
2092,79,21,323,135,371,242,198,76,430,cache_la_poudre,1,3
2092,150,28,67,28,649,243,225,91,900,cache_la_poudre,2,3
2092,186,13,120,64,300,222,249,158,573,cache_la_poudre,1,3
2092,285,29,30,16,1396,130,226,230,726,cache_la_poudre,17,3
2092,317,23,30,12,270,152,213,197,604,cache_la_poudre,10,3
2092,336,37,60,-6,443,115,163,171,451,cache_la_poudre,10,3
2093,9,28,60,-17,466,177,173,123,666,cache_la_poudre,10,3
2093,80,35,67,32,134,241,156,15,313,cache_la_poudre,1,3
2093,274,18,210,48,216,168,241,212,834,cache_la_poudre,1,3
2093,357,23,566,125,633,176,191,147,300,cache_la_poudre,5,3
2094,45,17,404,86,510,222,200,106,365,cache_la_poudre,5,3
2094,52,31,212,85,350,218,156,49,351,cache_la_poudre,6,3
2094,59,30,85,27,170,227,163,48,525,cache_la_poudre,10,3
2094,61,26,124,30,175,231,177,63,541,cache_la_poudre,10,3
2094,99,28,480,133,589,252,188,44,242,cache_la_poudre,5,3
2094,284,20,60,21,1242,161,236,214,510,cache_la_poudre,10,3
2094,299,37,0,0,153,96,198,229,636,cache_la_poudre,10,3
2094,313,28,42,18,1370,134,206,206,677,cache_la_poudre,10,3
2094,343,35,67,47,108,131,166,160,966,cache_la_poudre,10,3
2094,349,14,270,90,309,194,217,160,684,cache_la_poudre,10,3
2095,120,39,212,155,240,251,175,11,335,cache_la_poudre,1,3
2095,296,34,95,18,150,109,208,229,725,cache_la_poudre,10,3
2095,314,32,108,62,576,119,196,208,541,cache_la_poudre,10,3
2095,324,34,242,205,268,119,184,194,108,cache_la_poudre,10,3
2096,35,29,295,81,510,203,164,81,524,cache_la_poudre,6,3
2096,323,17,150,92,313,173,220,185,511,cache_la_poudre,10,3
2096,336,14,175,92,323,187,220,171,534,cache_la_poudre,10,3
2096,345,20,384,100,450,177,205,163,300,cache_la_poudre,5,3
2097,16,20,323,170,361,198,193,127,708,cache_la_poudre,10,3
2097,26,31,42,22,603,189,158,87,541,cache_la_poudre,10,3
2097,29,25,212,132,247,203,178,100,124,cache_la_poudre,10,3
2097,76,36,258,82,540,237,149,11,577,cache_la_poudre,6,3
2097,118,31,60,31,395,254,195,43,666,cache_la_poudre,1,3
2097,148,40,124,88,313,237,201,52,331,cache_la_poudre,6,3
2097,223,30,30,9,1064,168,252,205,324,cache_la_poudre,1,3
2097,244,35,134,95,240,131,242,233,90,cache_la_poudre,5,3
2097,253,23,150,65,417,162,248,219,531,cache_la_poudre,1,3
2097,300,31,42,22,1358,119,210,223,655,cache_la_poudre,10,3
2097,305,29,42,20,540,128,210,215,256,cache_la_poudre,10,3
2097,312,35,30,20,180,108,192,212,693,cache_la_poudre,10,3
2097,324,23,255,85,309,156,209,189,663,cache_la_poudre,10,3
2097,346,24,175,93,216,166,194,161,607,cache_la_poudre,10,3
2097,347,16,300,170,324,187,212,162,708,cache_la_poudre,10,3
2098,1,18,313,172,342,192,204,147,726,cache_la_poudre,10,3
2098,23,34,134,87,201,179,146,82,553,cache_la_poudre,10,3
2098,24,36,430,137,485,177,141,77,283,cache_la_poudre,5,3
2098,31,33,379,137,418,192,151,75,285,cache_la_poudre,5,3
2098,78,39,212,141,255,236,140,0,108,cache_la_poudre,1,3
2098,84,16,30,-22,485,241,211,95,677,cache_la_poudre,1,3
2098,109,29,212,144,277,254,192,43,295,cache_la_poudre,1,3
2098,260,22,30,23,1022,163,246,218,283,cache_la_poudre,10,3
2098,295,35,60,43,240,105,207,232,592,cache_la_poudre,10,3
2098,336,31,153,96,212,136,181,174,573,cache_la_poudre,10,3
2099,39,30,484,138,552,206,159,69,297,cache_la_poudre,5,3
2099,47,30,190,155,216,215,160,60,258,cache_la_poudre,10,3
2099,236,31,153,97,270,151,248,221,67,cache_la_poudre,5,3
2099,260,19,127,71,362,171,247,212,594,cache_la_poudre,1,3
2099,287,33,150,97,272,110,216,236,108,cache_la_poudre,5,3
2099,340,21,342,-11,402,172,205,170,659,cache_la_poudre,10,3
2099,354,25,30,14,870,170,188,150,696,cache_la_poudre,10,3
2100,290,23,212,82,277,151,230,217,469,cache_la_poudre,10,3
2100,330,14,242,96,319,186,222,175,642,cache_la_poudre,10,3
2100,355,36,67,28,912,138,151,133,636,cache_la_poudre,10,3
2101,52,31,85,33,162,218,156,49,484,cache_la_poudre,10,3
2101,325,28,134,96,192,139,196,191,604,cache_la_poudre,10,3
2101,326,28,60,6,272,141,197,190,589,cache_la_poudre,10,3
2102,58,28,120,38,180,226,168,57,513,cache_la_poudre,10,3
2102,70,24,162,74,295,238,187,68,598,cache_la_poudre,1,3
2102,91,25,297,73,342,249,191,55,540,cache_la_poudre,1,3
2102,287,26,60,30,693,139,228,224,162,cache_la_poudre,10,3
2102,333,32,127,59,170,130,180,179,778,cache_la_poudre,10,3
2103,38,22,134,51,1064,213,185,97,466,cache_la_poudre,1,3
2103,66,32,134,35,190,232,159,35,579,cache_la_poudre,10,3
2103,202,18,124,39,458,209,253,173,725,cache_la_poudre,6,3
2103,278,37,234,202,258,99,218,244,242,cache_la_poudre,10,3
2103,279,27,0,0,598,136,231,230,618,cache_la_poudre,10,3
2103,298,17,313,95,418,169,232,202,190,cache_la_poudre,5,3
2103,314,26,175,100,228,141,208,203,616,cache_la_poudre,10,3
2103,315,10,361,108,450,193,232,178,319,cache_la_poudre,5,3
2103,342,30,67,48,949,145,180,164,301,cache_la_poudre,10,3
2103,347,11,391,95,499,200,223,161,313,cache_la_poudre,5,3
2104,22,39,242,155,277,165,129,72,180,cache_la_poudre,10,3
2104,27,39,108,46,150,175,130,63,793,cache_la_poudre,10,3
2104,96,26,306,144,351,251,192,53,488,cache_la_poudre,1,3
2104,136,34,150,91,421,248,204,52,451,cache_la_poudre,6,3
2104,247,29,150,58,170,147,246,227,882,cache_la_poudre,1,3
2104,319,33,134,67,511,119,190,201,480,cache_la_poudre,10,3
2105,84,29,192,73,612,246,176,38,708,cache_la_poudre,6,3
2105,101,30,247,41,417,253,186,38,800,cache_la_poudre,2,3
2105,125,34,295,41,417,253,195,40,853,cache_la_poudre,3,3
2105,127,26,362,148,408,252,213,72,408,cache_la_poudre,1,3
2105,259,37,150,97,242,110,231,244,108,cache_la_poudre,5,3
2105,263,26,120,66,371,147,242,228,510,cache_la_poudre,10,3
2105,276,30,60,41,480,126,230,235,309,cache_la_poudre,10,3
2106,12,37,192,89,258,159,142,99,488,cache_la_poudre,10,3
2106,74,4,150,78,335,225,231,142,616,cache_la_poudre,1,3
2106,98,22,153,78,285,249,204,72,607,cache_la_poudre,1,3
2106,184,32,201,87,589,209,242,142,319,cache_la_poudre,1,3
2106,229,28,150,98,366,166,252,210,272,cache_la_poudre,1,3
2106,241,25,192,80,443,165,251,216,492,cache_la_poudre,1,3
2106,264,29,90,22,1214,134,238,235,474,cache_la_poudre,1,3
2106,290,35,255,197,277,105,212,235,268,cache_la_poudre,10,3
2106,334,38,85,17,430,111,164,176,450,cache_la_poudre,10,3
2107,35,32,67,44,601,199,153,70,532,cache_la_poudre,10,3
2107,155,41,120,88,470,229,205,63,285,cache_la_poudre,1,3
2107,175,32,190,88,560,218,237,126,297,cache_la_poudre,1,3
2107,211,30,218,90,524,181,251,188,408,cache_la_poudre,1,3
2107,251,29,306,109,457,144,245,229,684,cache_la_poudre,5,3
2107,276,34,150,105,285,113,224,240,162,cache_la_poudre,5,3
2107,302,21,247,104,306,158,225,206,700,cache_la_poudre,1,3
2107,354,29,603,99,674,159,175,144,331,cache_la_poudre,5,3
2108,78,21,446,209,450,242,198,77,992,cache_la_poudre,5,3
2108,274,33,60,31,1448,116,227,240,819,cache_la_poudre,10,3
2108,303,25,30,6,1318,142,218,212,932,cache_la_poudre,17,3
2108,309,45,295,221,285,66,167,219,67,cache_la_poudre,10,3
2108,311,15,376,100,484,178,228,190,285,cache_la_poudre,5,3
2108,343,25,162,96,212,162,194,165,591,cache_la_poudre,10,3
2109,13,24,95,-1,488,190,184,124,633,cache_la_poudre,10,3
2109,61,31,108,45,150,228,161,44,446,cache_la_poudre,1,3
2109,78,33,30,-1,402,241,161,24,765,cache_la_poudre,1,3
2110,19,24,0,0,330,195,183,116,600,cache_la_poudre,10,3
2110,30,34,408,149,446,187,145,71,295,cache_la_poudre,5,3
2110,49,27,541,149,661,219,169,68,277,cache_la_poudre,5,3
2110,61,28,170,0,404,229,171,56,759,cache_la_poudre,1,3
2110,68,33,153,46,201,232,156,29,552,cache_la_poudre,10,3
2110,86,27,319,84,390,247,184,48,524,cache_la_poudre,1,3
2110,234,8,124,82,313,206,248,179,636,cache_la_poudre,1,3
2110,258,29,212,61,234,139,242,233,853,cache_la_poudre,1,3
2110,263,20,120,46,492,167,245,215,780,cache_la_poudre,6,3
2110,312,30,67,46,570,126,202,209,247,cache_la_poudre,10,3
2110,350,37,120,58,997,131,154,145,553,cache_la_poudre,10,3
2111,0,33,60,36,636,154,160,129,524,cache_la_poudre,10,3
2111,26,12,180,74,323,214,214,134,443,cache_la_poudre,1,3
2111,37,32,323,60,384,200,152,66,437,cache_la_poudre,10,3
2111,43,28,192,72,648,212,166,72,750,cache_la_poudre,6,3
2111,59,33,95,41,182,224,154,38,499,cache_la_poudre,10,3
2111,103,31,342,84,391,253,184,33,513,cache_la_poudre,1,3
2111,118,32,331,151,371,254,194,41,524,cache_la_poudre,1,3
2111,280,28,42,8,812,134,230,230,234,cache_la_poudre,10,3
2111,348,12,0,0,576,198,221,161,430,cache_la_poudre,14,3
2112,61,33,255,97,570,226,154,35,618,cache_la_poudre,6,3
2112,86,32,295,171,313,246,170,28,400,cache_la_poudre,1,3
2112,230,32,60,28,1126,154,249,216,384,cache_la_poudre,1,3
2113,38,29,67,2,391,206,164,76,794,cache_la_poudre,1,3
2113,273,34,90,55,1003,114,227,241,306,cache_la_poudre,10,3
2113,276,32,60,37,1436,118,227,239,760,cache_la_poudre,10,3
2113,296,14,0,0,872,180,235,195,283,cache_la_poudre,4,3
2113,301,22,95,54,966,154,225,209,300,cache_la_poudre,10,3
2113,303,32,42,17,1354,116,205,221,904,cache_la_poudre,17,3
2113,312,19,297,101,350,166,223,196,631,cache_la_poudre,10,3
2113,320,4,150,76,342,209,236,165,484,cache_la_poudre,10,3
2113,327,23,60,18,351,158,207,185,514,cache_la_poudre,10,3
2113,357,18,339,-7,426,189,205,151,741,cache_la_poudre,10,3
2114,154,25,108,50,631,240,232,105,942,cache_la_poudre,2,3
2114,162,28,120,50,607,234,233,109,939,cache_la_poudre,2,3
2114,170,38,124,95,443,216,224,103,277,cache_la_poudre,1,3
2114,257,33,212,116,379,127,238,238,511,cache_la_poudre,5,3
2114,278,19,342,106,446,163,239,214,201,cache_la_poudre,5,3
2114,285,34,30,19,807,108,217,238,671,cache_la_poudre,10,3
2114,306,20,67,22,390,162,225,202,481,cache_la_poudre,10,3
2114,332,28,470,106,577,145,193,181,350,cache_la_poudre,5,3
2115,8,21,42,12,1353,191,193,135,878,cache_la_poudre,17,3
2115,14,40,85,47,150,153,128,86,778,cache_la_poudre,10,3
2115,20,27,335,100,537,190,172,106,541,cache_la_poudre,6,3
2115,198,18,150,51,450,211,253,170,741,cache_la_poudre,6,3
2115,239,30,301,117,470,152,248,222,661,cache_la_poudre,5,3
2115,266,28,180,82,350,138,238,232,418,cache_la_poudre,1,3
2115,283,30,150,79,616,125,226,233,547,cache_la_poudre,10,3
2115,315,21,255,97,319,161,218,196,426,cache_la_poudre,10,3
2115,316,22,277,110,335,155,215,197,691,cache_la_poudre,1,3
2115,335,26,216,111,258,152,195,177,569,cache_la_poudre,10,3
2116,3,26,300,58,309,175,180,134,785,cache_la_poudre,10,3
2116,5,24,108,61,990,182,186,134,330,cache_la_poudre,10,3
2116,9,16,361,-4,408,201,207,141,726,cache_la_poudre,10,3
2116,105,23,255,87,362,251,204,67,566,cache_la_poudre,1,3
2116,111,32,285,176,306,254,188,35,371,cache_la_poudre,1,3
2116,158,24,60,3,630,237,236,114,666,cache_la_poudre,6,3
2116,244,31,90,32,1168,142,246,228,426,cache_la_poudre,1,3
2116,252,32,218,118,371,132,241,235,488,cache_la_poudre,5,3
2116,292,28,182,86,384,131,222,225,400,cache_la_poudre,10,3
2117,23,18,42,0,1200,207,200,124,1072,cache_la_poudre,17,3
2117,331,30,30,15,1260,135,187,183,983,cache_la_poudre,17,3
2117,350,14,335,113,391,194,216,159,700,cache_la_poudre,10,3
2118,14,33,283,67,382,171,153,102,400,cache_la_poudre,10,3
2118,19,20,124,11,518,201,194,124,603,cache_la_poudre,10,3
2118,136,29,376,161,418,250,214,70,379,cache_la_poudre,1,3
2118,316,21,335,110,437,161,218,195,175,cache_la_poudre,5,3
2118,317,37,323,234,335,103,182,205,95,cache_la_poudre,10,3
2118,328,16,0,0,1053,181,220,178,390,cache_la_poudre,4,3
2118,328,17,319,113,366,175,217,180,601,cache_la_poudre,10,3
2118,342,32,30,19,902,138,174,164,242,cache_la_poudre,4,3
2119,19,31,42,19,883,181,159,98,247,cache_la_poudre,10,3
2119,39,30,216,75,677,206,159,69,774,cache_la_poudre,6,3
2119,264,18,162,55,497,173,246,210,825,cache_la_poudre,2,3
2119,302,34,85,24,743,106,202,225,618,cache_la_poudre,10,3
2119,336,28,42,13,1253,146,189,175,990,cache_la_poudre,10,3
2119,344,32,30,10,655,140,172,160,566,cache_la_poudre,10,3
2120,4,25,85,12,532,179,184,135,612,cache_la_poudre,10,3
2120,33,20,277,9,402,212,191,107,698,cache_la_poudre,1,3
2120,71,36,277,105,570,233,149,16,604,cache_la_poudre,6,3
2120,98,23,108,25,331,250,201,66,920,cache_la_poudre,1,3
2120,255,25,175,114,242,156,246,223,525,cache_la_poudre,10,3
2120,335,20,228,116,390,171,209,175,525,cache_la_poudre,10,3
2121,28,26,571,160,680,200,173,97,306,cache_la_poudre,5,3
2121,43,30,150,10,424,210,161,67,787,cache_la_poudre,1,3
2121,155,25,108,40,300,240,233,108,882,cache_la_poudre,1,3
2121,155,27,124,57,603,239,231,103,953,cache_la_poudre,2,3
2121,178,28,90,40,540,219,242,136,573,cache_la_poudre,6,3
2121,313,30,85,43,1422,126,201,208,735,cache_la_poudre,10,3
2121,315,18,85,33,379,169,222,192,484,cache_la_poudre,10,3
2121,337,34,277,231,306,125,170,171,124,cache_la_poudre,10,3
2121,345,29,564,113,671,150,181,161,365,cache_la_poudre,5,3
2122,68,25,390,71,417,236,181,61,485,cache_la_poudre,1,3
2122,68,34,108,75,1050,232,153,25,424,cache_la_poudre,1,3
2122,71,26,212,11,408,238,178,55,741,cache_la_poudre,1,3
2122,89,30,541,161,618,248,178,36,324,cache_la_poudre,5,3
2122,107,28,0,0,510,254,194,48,693,cache_la_poudre,1,3
2122,128,33,268,58,443,252,200,47,859,cache_la_poudre,2,3
2122,145,22,30,3,484,244,230,103,430,cache_la_poudre,1,3
2122,192,21,175,58,591,214,251,162,930,cache_la_poudre,2,3
2122,204,31,247,105,532,187,249,178,391,cache_la_poudre,1,3
2122,293,37,60,34,1390,94,203,236,878,cache_la_poudre,10,3
2122,312,12,0,0,900,187,231,184,324,cache_la_poudre,4,3
2122,352,19,162,92,395,182,203,156,433,cache_la_poudre,10,3
2123,120,32,95,57,371,254,196,43,641,cache_la_poudre,1,3
2123,294,30,85,48,1399,124,217,226,693,cache_la_poudre,10,3
2123,308,17,390,115,497,171,227,195,268,cache_la_poudre,5,3
2123,309,24,108,34,331,149,217,205,532,cache_la_poudre,10,3
2124,0,14,339,2,433,199,213,151,711,cache_la_poudre,10,3
2124,43,10,384,60,467,222,218,130,967,cache_la_poudre,5,3
2124,87,31,234,92,636,247,172,30,716,cache_la_poudre,6,3
2124,121,27,391,189,402,253,207,64,481,cache_la_poudre,1,3
2124,186,31,228,105,582,207,243,146,300,cache_la_poudre,1,3
2124,295,40,67,40,240,82,195,236,636,cache_la_poudre,10,3
2124,340,17,182,116,285,181,213,169,134,cache_la_poudre,5,3
2125,48,6,0,0,932,222,227,140,601,cache_la_poudre,14,3
2125,291,23,277,114,339,149,229,217,408,cache_la_poudre,10,3
2125,303,37,60,24,1324,95,194,225,934,cache_la_poudre,10,3
2125,329,12,323,121,426,191,225,174,644,cache_la_poudre,10,3
2125,349,33,255,101,319,141,166,150,424,cache_la_poudre,10,3
2126,2,36,30,15,618,146,147,120,417,cache_la_poudre,14,3
2126,36,38,127,58,180,189,132,51,767,cache_la_poudre,10,3
2126,120,33,277,186,301,254,193,38,342,cache_la_poudre,1,3
2126,235,29,90,42,1146,157,250,218,404,cache_la_poudre,1,3
2126,237,34,240,128,418,142,246,224,553,cache_la_poudre,5,3
2126,260,34,120,42,1233,121,235,240,492,cache_la_poudre,1,3
2126,282,31,95,50,751,122,225,234,216,cache_la_poudre,10,3
2126,283,33,277,225,300,112,220,238,256,cache_la_poudre,10,3
2126,291,18,268,119,323,167,234,206,661,cache_la_poudre,1,3
2126,295,23,108,61,630,148,226,215,240,cache_la_poudre,10,3
2126,319,20,120,68,1008,165,218,191,331,cache_la_poudre,10,3
2126,359,33,300,161,366,152,160,131,270,cache_la_poudre,10,3
2127,13,26,30,4,1060,186,178,120,1466,cache_la_poudre,10,3
2127,41,31,212,59,247,206,155,64,750,cache_la_poudre,10,3
2127,118,25,108,72,306,253,209,69,577,cache_la_poudre,1,3
2127,251,31,218,81,255,138,243,233,872,cache_la_poudre,1,3
2127,331,39,67,50,180,103,162,181,713,cache_la_poudre,10,3
2127,336,23,108,35,408,163,202,174,454,cache_la_poudre,10,3
2128,13,32,60,25,914,172,158,108,706,cache_la_poudre,10,3
2128,56,2,182,64,457,220,235,151,787,cache_la_poudre,2,3
2128,77,26,0,0,720,242,183,55,765,cache_la_poudre,5,3
2128,251,30,212,126,330,142,244,230,30,cache_la_poudre,5,3
2128,267,32,192,49,636,124,234,239,532,cache_la_poudre,10,3
2128,272,29,67,25,811,132,234,234,255,cache_la_poudre,10,3
2128,304,36,297,231,319,102,197,223,323,cache_la_poudre,10,3
2128,308,34,95,33,300,109,196,216,569,cache_la_poudre,10,3
2128,313,17,124,64,421,173,225,192,391,cache_la_poudre,10,3
2128,328,29,42,20,940,139,194,187,277,cache_la_poudre,10,3
2128,333,25,228,121,277,154,198,179,541,cache_la_poudre,10,3
2128,351,37,30,19,600,131,153,143,402,cache_la_poudre,10,3
2129,20,24,150,8,547,195,180,112,573,cache_la_poudre,10,3
2129,47,20,255,18,417,222,192,96,725,cache_la_poudre,1,3
2129,111,30,324,106,421,254,193,43,485,cache_la_poudre,1,3
2129,197,33,242,110,598,191,245,164,324,cache_la_poudre,1,3
2129,284,32,210,127,330,116,221,235,60,cache_la_poudre,5,3
2129,289,33,170,34,658,110,214,235,541,cache_la_poudre,10,3
2129,294,34,67,34,765,107,209,232,631,cache_la_poudre,10,3
2129,337,32,170,86,212,133,178,173,767,cache_la_poudre,10,3
2129,340,25,0,0,1082,159,194,169,418,cache_la_poudre,4,3
2129,348,28,277,114,339,157,183,156,404,cache_la_poudre,10,3
2129,353,21,309,126,351,179,198,154,573,cache_la_poudre,10,3
2130,38,32,242,121,430,203,154,66,437,cache_la_poudre,6,3
2130,275,28,0,0,646,134,233,232,624,cache_la_poudre,10,3
2130,316,15,0,0,1063,180,226,186,400,cache_la_poudre,4,3
2130,321,16,30,9,1209,177,222,185,551,cache_la_poudre,4,3
2130,352,33,90,55,666,143,163,145,497,cache_la_poudre,10,3
2131,5,18,342,86,366,195,203,142,807,cache_la_poudre,10,3
2131,26,10,218,101,382,215,218,138,365,cache_la_poudre,10,3
2131,83,28,323,191,342,245,179,43,395,cache_la_poudre,1,3
2131,206,29,256,114,503,188,251,182,417,cache_la_poudre,1,3
2131,275,36,90,56,1455,103,221,244,824,cache_la_poudre,10,3
2131,288,30,170,93,594,122,220,231,518,cache_la_poudre,10,3
2131,309,17,295,126,351,170,226,196,684,cache_la_poudre,1,3
2132,11,27,127,24,553,181,175,121,577,cache_la_poudre,10,3
2132,59,35,127,37,201,222,144,26,534,cache_la_poudre,1,3
2132,97,28,30,21,443,251,187,44,742,cache_la_poudre,1,3
2132,169,20,30,11,446,230,244,136,446,cache_la_poudre,1,3
2132,170,21,30,7,426,230,244,136,457,cache_la_poudre,1,3
2132,231,26,192,68,524,171,253,209,882,cache_la_poudre,2,3
2132,296,40,85,53,270,84,195,234,607,cache_la_poudre,10,3
2132,305,26,124,59,660,141,216,211,242,cache_la_poudre,10,3
2133,41,29,547,172,598,210,163,71,361,cache_la_poudre,5,3
2133,160,30,108,59,270,235,230,102,845,cache_la_poudre,1,3
2133,254,31,190,88,228,135,242,234,895,cache_la_poudre,1,3
2133,298,32,297,224,319,115,210,226,285,cache_la_poudre,10,3
2133,307,46,270,111,295,61,167,222,95,cache_la_poudre,10,3
2133,335,20,30,3,1036,170,208,175,1437,cache_la_poudre,10,3
2133,349,25,60,12,700,165,189,156,488,cache_la_poudre,10,3
2134,79,26,170,82,1110,243,183,53,408,cache_la_poudre,1,3
2134,95,11,150,39,360,238,224,116,890,cache_la_poudre,2,3
2134,140,39,192,125,430,244,196,42,451,cache_la_poudre,6,3
2134,297,20,30,12,930,158,229,209,366,cache_la_poudre,1,3
2134,315,39,30,27,212,93,178,209,579,cache_la_poudre,10,3
2135,34,30,127,14,446,200,161,79,816,cache_la_poudre,1,3
2135,36,34,108,72,630,195,145,62,495,cache_la_poudre,10,3
2135,163,25,153,71,573,234,237,118,979,cache_la_poudre,2,3
2135,288,13,256,129,335,184,238,194,642,cache_la_poudre,1,3
2135,292,37,90,58,192,93,203,236,671,cache_la_poudre,10,3
2135,317,19,446,127,552,165,219,192,300,cache_la_poudre,5,3
2135,330,17,216,130,277,177,217,178,524,cache_la_poudre,10,3
2136,1,22,30,11,924,184,194,143,630,cache_la_poudre,10,3
2136,29,31,60,14,1172,193,158,83,1110,cache_la_poudre,10,3
2136,234,28,201,128,362,162,251,215,210,cache_la_poudre,1,3
2136,254,16,216,72,560,181,249,205,949,cache_la_poudre,5,3
2136,296,28,120,58,720,130,218,223,228,cache_la_poudre,10,3
2136,303,25,108,65,570,141,218,213,306,cache_la_poudre,10,3
2136,308,34,190,100,467,109,196,216,420,cache_la_poudre,10,3
2136,339,26,42,15,765,154,192,171,511,cache_la_poudre,10,3
2136,341,24,134,41,395,162,196,168,466,cache_la_poudre,10,3
2136,360,36,242,85,382,145,151,125,365,cache_la_poudre,10,3
2137,24,17,379,92,408,208,200,124,811,cache_la_poudre,10,3
2137,76,32,330,-24,591,239,161,0,598,cache_la_poudre,6,3
2137,97,27,335,196,351,251,190,49,424,cache_la_poudre,1,3
2137,136,29,376,196,390,250,214,71,451,cache_la_poudre,1,3
2137,283,26,120,73,511,140,230,226,351,cache_la_poudre,10,3
2137,295,34,120,52,1381,106,208,231,658,cache_la_poudre,10,3
2137,303,21,361,133,408,156,224,207,601,cache_la_poudre,10,3
2137,333,32,60,37,931,131,181,179,272,cache_la_poudre,10,3
2137,339,24,295,134,335,161,198,171,547,cache_la_poudre,10,3
2138,6,19,30,4,973,194,201,141,633,cache_la_poudre,14,3
2138,83,27,437,178,485,245,182,49,421,cache_la_poudre,1,3
2138,188,18,162,74,571,218,250,158,994,cache_la_poudre,2,3
2138,220,29,300,140,485,173,252,201,616,cache_la_poudre,5,3
2138,314,44,240,116,283,70,164,211,120,cache_la_poudre,10,3
2138,316,18,30,9,1276,170,222,191,618,cache_la_poudre,4,3
2138,329,20,277,17,484,168,212,181,752,cache_la_poudre,10,3
2139,98,19,127,73,313,247,210,84,582,cache_la_poudre,1,3
2139,197,31,277,123,541,194,247,166,376,cache_la_poudre,1,3
2139,225,11,170,44,360,206,250,181,865,cache_la_poudre,2,3
2139,356,33,134,39,437,149,162,137,424,cache_la_poudre,10,3
2140,21,32,201,88,1126,181,154,92,457,cache_la_poudre,10,3
2140,23,35,30,18,932,177,144,82,335,cache_la_poudre,10,3
2140,32,31,108,65,661,195,156,78,474,cache_la_poudre,10,3
2140,64,35,297,125,600,227,146,21,631,cache_la_poudre,6,3
2140,66,32,150,76,190,231,157,33,402,cache_la_poudre,1,3
2140,185,21,30,12,376,219,249,153,499,cache_la_poudre,1,3
2140,242,27,201,138,300,158,250,221,42,cache_la_poudre,5,3
2140,299,35,124,67,1326,104,203,228,592,cache_la_poudre,10,3
2140,320,32,60,33,1200,124,192,199,1048,cache_la_poudre,10,3
2141,33,30,258,132,457,200,161,80,466,cache_la_poudre,6,3
2141,33,32,234,74,277,195,152,73,726,cache_la_poudre,10,3
2141,48,30,42,16,1236,215,161,60,994,cache_la_poudre,10,3
2141,78,31,255,109,666,242,168,33,741,cache_la_poudre,6,3
2141,81,34,277,109,663,243,160,18,726,cache_la_poudre,6,3
2141,234,25,212,77,537,170,252,212,911,cache_la_poudre,2,3
2141,256,32,150,57,1276,128,239,237,534,cache_la_poudre,1,3
2141,294,26,127,66,1441,140,224,220,731,cache_la_poudre,10,3
2141,304,36,150,46,680,98,195,224,552,cache_la_poudre,10,3
2141,327,34,67,36,510,120,181,189,395,cache_la_poudre,10,3
2141,351,23,323,134,362,174,195,155,543,cache_la_poudre,10,3
2142,1,22,0,0,1092,184,194,143,430,cache_la_poudre,10,3
2142,12,17,418,97,450,200,203,136,816,cache_la_poudre,10,3
2142,23,28,67,2,579,192,170,101,598,cache_la_poudre,10,3
2142,26,25,30,12,1142,199,177,103,1471,cache_la_poudre,10,3
2142,67,24,570,181,671,235,184,67,323,cache_la_poudre,5,3
2142,101,22,417,185,457,250,204,71,362,cache_la_poudre,1,3
2142,108,21,30,8,1307,250,211,79,395,cache_la_poudre,3,3
2142,275,23,242,127,309,151,238,223,470,cache_la_poudre,10,3
2142,313,24,60,22,1159,150,214,201,497,cache_la_poudre,10,3
2143,25,30,170,35,577,189,159,90,543,cache_la_poudre,10,3
2143,247,34,256,145,395,132,242,233,488,cache_la_poudre,5,3
2143,319,16,0,0,1084,177,224,186,424,cache_la_poudre,10,3
2143,327,17,283,130,390,177,219,180,671,cache_la_poudre,1,3
2143,342,20,324,-17,484,175,206,167,579,cache_la_poudre,10,3
2144,7,28,60,12,1033,175,173,125,1492,cache_la_poudre,10,3
2144,35,31,0,0,960,199,156,0,376,cache_la_poudre,10,3
2144,64,26,283,200,309,233,177,60,277,cache_la_poudre,10,3
2144,134,23,30,10,1348,249,222,88,361,cache_la_poudre,3,3
2144,150,27,67,5,690,243,226,93,722,cache_la_poudre,6,3
2144,171,21,60,15,404,229,244,136,485,cache_la_poudre,1,3
2144,276,32,283,258,309,120,228,238,218,cache_la_poudre,10,3
2144,282,22,210,142,301,156,236,218,67,cache_la_poudre,5,3
2144,285,35,210,142,335,103,215,240,120,cache_la_poudre,5,3
2144,295,32,268,248,295,117,213,227,190,cache_la_poudre,10,3
2144,341,38,182,92,1082,115,156,162,513,cache_la_poudre,10,3
2145,307,23,391,143,488,149,218,206,192,cache_la_poudre,5,3
2145,328,21,376,134,418,165,211,183,540,cache_la_poudre,10,3
2145,333,34,108,25,1140,124,175,178,1121,cache_la_poudre,10,3
2145,344,27,330,143,424,157,187,163,127,cache_la_poudre,5,3
2145,349,47,60,36,684,93,118,133,541,cache_la_poudre,10,3
2146,37,28,457,189,495,207,167,80,350,cache_la_poudre,5,3
2146,51,29,300,65,579,220,165,60,589,cache_la_poudre,6,3
2146,93,22,42,25,458,248,200,70,750,cache_la_poudre,1,3
2146,164,21,60,18,384,234,241,127,497,cache_la_poudre,1,3
2146,201,29,285,129,511,195,250,173,402,cache_la_poudre,1,3
2146,256,34,150,62,1253,122,237,239,511,cache_la_poudre,1,3
2146,291,39,90,65,1397,85,200,239,883,cache_la_poudre,10,3
2146,301,24,150,82,630,145,221,213,300,cache_la_poudre,10,3
2147,55,31,569,145,626,221,159,49,362,cache_la_poudre,5,3
2147,63,36,297,120,661,225,143,0,711,cache_la_poudre,6,3
2147,82,14,95,13,1302,239,214,103,379,cache_la_poudre,3,3
2147,239,25,124,63,1146,166,251,215,404,cache_la_poudre,1,3
2147,279,33,313,247,366,115,224,238,379,cache_la_poudre,10,3
2147,332,16,240,83,474,182,218,175,485,cache_la_poudre,10,3
2148,2,31,297,124,361,161,166,129,382,cache_la_poudre,10,3
2148,13,36,67,24,932,161,143,98,713,cache_la_poudre,10,3
2148,46,31,150,27,467,213,158,59,808,cache_la_poudre,1,3
2148,51,35,268,90,735,212,142,35,824,cache_la_poudre,6,3
2148,66,35,150,84,201,229,150,24,376,cache_la_poudre,1,3
2148,264,35,218,95,450,112,231,243,541,cache_la_poudre,10,3
2148,337,38,42,25,390,114,161,170,560,cache_la_poudre,10,3
2149,0,32,42,14,907,156,162,130,742,cache_la_poudre,10,3
2149,19,28,277,140,485,188,170,107,495,cache_la_poudre,6,3
2149,28,27,30,14,1358,199,172,97,1366,cache_la_poudre,10,3
2149,39,35,268,201,309,197,141,53,162,cache_la_poudre,10,3
2149,62,38,182,85,240,222,136,13,510,cache_la_poudre,1,3
2149,130,22,150,76,390,250,221,87,655,cache_la_poudre,1,3
2149,219,30,190,130,390,172,251,200,212,cache_la_poudre,1,3
2149,269,33,210,147,342,116,230,241,150,cache_la_poudre,5,3
2149,289,31,319,248,342,119,219,232,277,cache_la_poudre,10,3
2149,308,25,124,91,1084,145,216,207,362,cache_la_poudre,10,3
2149,340,21,541,147,646,171,205,170,379,cache_la_poudre,5,3
2150,36,30,42,20,1158,202,160,75,1465,cache_la_poudre,10,3
2150,36,30,216,81,272,203,160,75,708,cache_la_poudre,10,3
2150,37,28,190,92,1149,206,167,81,430,cache_la_poudre,1,3
2150,97,26,301,206,330,251,193,54,306,cache_la_poudre,1,3
2150,300,39,85,67,240,88,193,230,646,cache_la_poudre,10,3
2150,333,22,300,-10,499,163,206,179,607,cache_la_poudre,10,3
2151,39,30,127,76,660,206,160,70,466,cache_la_poudre,10,3
2151,114,29,42,29,499,254,197,49,731,cache_la_poudre,1,3
2151,177,23,295,134,481,224,245,140,430,cache_la_poudre,1,3
2151,261,35,150,67,1231,115,233,242,488,cache_la_poudre,1,3
2151,322,29,150,78,1466,135,197,196,759,cache_la_poudre,10,3
2151,351,20,30,5,1436,181,203,157,782,cache_la_poudre,4,3
2152,11,35,90,27,1184,163,149,104,1050,cache_la_poudre,10,3
2152,16,17,234,31,474,203,202,132,769,cache_la_poudre,10,3
2152,21,40,210,126,309,162,126,71,450,cache_la_poudre,10,3
2152,44,32,285,94,771,209,152,56,865,cache_la_poudre,10,3
2152,200,17,170,71,331,211,253,171,858,cache_la_poudre,2,3
2153,11,30,162,99,630,173,164,114,484,cache_la_poudre,10,3
2153,16,31,295,118,450,177,160,104,335,cache_la_poudre,10,3
2153,24,32,339,85,362,185,154,88,743,cache_la_poudre,10,3
2153,88,23,553,151,655,247,195,64,366,cache_la_poudre,5,3
2153,154,38,180,134,446,234,212,71,228,cache_la_poudre,1,3
2153,167,25,67,17,240,231,240,125,518,cache_la_poudre,1,3
2153,288,24,175,110,216,145,230,221,937,cache_la_poudre,10,3
2153,344,19,300,89,497,178,206,165,541,cache_la_poudre,10,3
2153,345,48,42,16,693,83,116,140,558,cache_la_poudre,10,3
2154,32,33,90,37,1142,193,150,71,1138,cache_la_poudre,10,3
2154,141,35,201,73,459,246,206,57,481,cache_la_poudre,6,3
2154,287,21,424,152,524,155,233,215,234,cache_la_poudre,5,3
2154,317,17,42,1,1292,172,222,189,631,cache_la_poudre,10,3
2154,345,18,42,9,949,181,208,164,797,cache_la_poudre,10,3
2155,36,33,175,104,366,197,149,66,330,cache_la_poudre,10,3
2155,62,17,108,21,1329,232,202,95,351,cache_la_poudre,3,3
2155,303,8,0,0,953,197,236,179,819,cache_la_poudre,14,3
2155,309,29,170,82,660,130,207,211,301,cache_la_poudre,10,3
2155,333,21,42,12,977,168,208,177,706,cache_la_poudre,10,3
2155,353,38,60,43,680,131,148,137,426,cache_la_poudre,10,3
2156,27,27,60,26,1116,197,169,95,1500,cache_la_poudre,10,3
2156,146,35,240,137,488,242,210,65,212,cache_la_poudre,1,3
2156,175,26,150,75,573,224,243,135,600,cache_la_poudre,6,3
2156,182,27,150,75,543,216,245,145,570,cache_la_poudre,6,3
2156,297,25,153,92,543,143,223,216,371,cache_la_poudre,10,3
2156,326,36,90,50,1170,110,175,191,1077,cache_la_poudre,10,3
2156,336,32,30,21,1284,131,178,175,1413,cache_la_poudre,17,3
2157,2,41,60,45,661,132,131,112,408,cache_la_poudre,10,3
2157,67,36,153,93,216,229,144,15,350,cache_la_poudre,1,3
2157,78,16,560,155,664,239,208,94,362,cache_la_poudre,5,3
2157,82,34,443,106,470,243,159,0,510,cache_la_poudre,1,3
2157,103,35,443,217,457,253,173,0,481,cache_la_poudre,1,3
2157,166,28,153,76,514,230,235,116,540,cache_la_poudre,6,3
2157,218,27,283,113,323,181,253,196,912,cache_la_poudre,1,3
2157,295,41,108,73,270,80,193,236,618,cache_la_poudre,10,3
2157,344,34,95,32,1194,134,168,160,1050,cache_la_poudre,10,3
2158,28,39,95,55,957,175,128,61,684,cache_la_poudre,10,3
2158,333,19,234,36,516,172,211,177,731,cache_la_poudre,10,3
2158,344,24,60,10,997,165,195,164,700,cache_la_poudre,10,3
2159,70,10,0,0,376,231,221,123,474,cache_la_poudre,2,3
2159,76,16,150,25,1342,239,207,94,335,cache_la_poudre,3,3
2159,258,12,42,1,1224,192,247,193,560,cache_la_poudre,10,3
2159,272,25,127,46,780,146,238,227,283,cache_la_poudre,10,3
2159,289,36,134,64,330,99,209,237,552,cache_la_poudre,10,3
2159,299,35,175,81,499,102,203,229,598,cache_la_poudre,10,3
2160,28,35,309,211,339,184,144,74,242,cache_la_poudre,10,3
2160,40,33,541,141,618,203,148,58,351,cache_la_poudre,5,3
2160,111,29,390,220,408,254,195,46,420,cache_la_poudre,1,3
2160,263,27,272,158,390,145,241,229,67,cache_la_poudre,5,3
2160,304,26,170,83,631,141,217,212,330,cache_la_poudre,10,3
2161,18,18,162,103,1126,204,201,129,402,cache_la_poudre,1,3
2161,113,32,458,142,524,254,188,34,390,cache_la_poudre,1,3
2161,192,30,313,145,514,203,247,158,390,cache_la_poudre,1,3
2161,246,30,285,163,424,145,246,228,511,cache_la_poudre,2,3
2161,313,30,283,149,339,128,203,208,474,cache_la_poudre,10,3
2161,332,33,30,17,1333,126,179,181,1248,cache_la_poudre,17,3
2161,337,12,30,8,1282,193,223,169,618,cache_la_poudre,10,3
2161,338,27,108,69,485,150,189,171,390,cache_la_poudre,10,3
2161,342,34,30,17,420,132,168,162,582,cache_la_poudre,10,3
2161,352,24,228,125,467,171,192,153,391,cache_la_poudre,10,3
2162,12,34,42,19,1231,166,151,104,1421,cache_la_poudre,10,3
2162,24,21,466,94,484,204,191,116,757,cache_la_poudre,10,3
2162,36,22,255,153,474,212,187,102,488,cache_la_poudre,6,3
2162,86,18,30,8,150,244,207,86,646,cache_la_poudre,1,3
2162,287,29,309,266,335,127,223,230,212,cache_la_poudre,10,3
2162,289,36,120,94,335,99,209,237,497,cache_la_poudre,10,3
2162,294,30,270,160,390,121,216,227,85,cache_la_poudre,5,3
2162,323,32,175,119,216,124,189,195,890,cache_la_poudre,10,3
2162,353,24,90,28,960,171,190,151,618,cache_la_poudre,10,3
2163,3,26,67,24,742,175,179,133,1575,cache_la_poudre,17,3
2163,10,22,0,0,1020,190,189,130,443,cache_la_poudre,10,3
2163,30,31,390,112,474,194,157,80,443,cache_la_poudre,10,3
2163,31,40,323,112,446,179,125,52,390,cache_la_poudre,10,3
2163,67,31,430,112,484,233,162,0,484,cache_la_poudre,1,3
2163,286,27,350,110,408,136,228,226,400,cache_la_poudre,10,3
2164,38,32,67,34,1132,202,153,66,1495,cache_la_poudre,10,3
2164,133,16,120,28,182,244,230,110,481,cache_la_poudre,1,3
2164,138,28,42,22,1399,249,217,76,301,cache_la_poudre,3,3
2164,303,23,190,117,228,149,221,210,932,cache_la_poudre,10,3
2164,358,32,162,75,466,154,164,135,395,cache_la_poudre,10,3
2165,34,37,30,35,962,187,134,55,362,cache_la_poudre,10,3
2165,59,26,124,31,1355,229,177,66,323,cache_la_poudre,3,3
2165,90,26,324,221,350,248,190,54,301,cache_la_poudre,1,3
2165,241,14,67,13,1195,192,251,196,532,cache_la_poudre,10,3
2165,331,36,134,43,1110,115,172,183,1150,cache_la_poudre,10,3
2166,66,12,30,0,350,232,215,114,492,cache_la_poudre,2,3
2166,253,35,180,82,1273,122,238,239,531,cache_la_poudre,1,3
2166,255,22,277,164,390,165,248,217,60,cache_la_poudre,5,3
2166,281,33,324,280,350,112,221,238,242,cache_la_poudre,10,3
2166,300,34,212,130,552,108,204,226,459,cache_la_poudre,10,3
2166,320,34,30,18,1343,114,185,200,1224,cache_la_poudre,17,3
2166,341,29,323,157,366,148,184,167,488,cache_la_poudre,10,3
2167,54,12,201,94,350,227,213,117,607,cache_la_poudre,10,3
2167,89,28,67,45,516,248,184,45,741,cache_la_poudre,1,3
2167,105,23,60,18,182,251,205,69,541,cache_la_poudre,1,3
2167,271,38,234,72,595,97,221,247,474,cache_la_poudre,10,3
2167,310,30,190,102,690,125,204,212,306,cache_la_poudre,10,3
2167,314,35,108,90,240,106,188,210,658,cache_la_poudre,10,3
2167,325,19,60,8,983,169,216,185,849,cache_la_poudre,10,3
2167,336,25,258,6,541,157,198,175,626,cache_la_poudre,10,3
2167,350,25,90,37,937,165,188,155,591,cache_la_poudre,10,3
2167,351,33,212,124,255,145,166,147,799,cache_la_poudre,10,3
2168,6,36,335,203,390,152,145,110,247,cache_la_poudre,10,3
2168,26,32,524,149,579,187,155,86,371,cache_la_poudre,5,3
2168,70,37,319,136,691,231,143,0,738,cache_la_poudre,6,3
2168,161,35,272,149,514,229,223,93,216,cache_la_poudre,1,3
2168,267,24,295,170,421,151,241,225,492,cache_la_poudre,2,3
2168,337,22,270,104,541,167,204,174,495,cache_la_poudre,10,3
2169,294,28,212,92,297,132,221,223,708,cache_la_poudre,10,3
2169,298,43,127,90,300,72,186,234,591,cache_la_poudre,10,3
2169,328,41,42,37,268,91,157,185,524,cache_la_poudre,10,3
2169,349,33,234,128,277,143,168,150,774,cache_la_poudre,10,3
2170,266,33,182,93,277,118,232,241,691,cache_la_poudre,1,3
2170,336,36,95,47,806,118,167,173,474,cache_la_poudre,10,3
2170,358,19,42,15,1150,188,203,149,488,cache_la_poudre,10,3
2171,43,27,30,19,1020,214,171,76,430,cache_la_poudre,10,3
2171,98,15,216,98,391,243,218,100,646,cache_la_poudre,10,3
2171,310,30,335,118,433,125,204,211,430,cache_la_poudre,10,3
2171,330,28,85,26,990,142,193,184,816,cache_la_poudre,10,3
2171,339,38,95,53,577,115,158,165,342,cache_la_poudre,10,3
2171,354,24,30,16,1142,172,191,151,484,cache_la_poudre,10,3
2171,354,28,350,166,391,161,178,147,484,cache_la_poudre,10,3
2171,356,20,0,0,1130,184,201,151,480,cache_la_poudre,10,3
2172,146,28,42,21,1466,245,222,85,240,cache_la_poudre,3,3
2172,164,22,182,91,518,234,240,125,541,cache_la_poudre,6,3
2172,279,37,153,95,255,99,217,244,674,cache_la_poudre,10,3
2172,319,42,60,65,247,83,166,203,564,cache_la_poudre,10,3
2172,325,20,313,170,420,167,214,185,95,cache_la_poudre,5,3
2172,334,17,212,108,553,178,215,175,430,cache_la_poudre,10,3
2172,346,10,67,30,1158,200,223,162,495,cache_la_poudre,10,3
2172,356,24,30,17,1136,174,189,147,481,cache_la_poudre,10,3
2173,5,32,85,52,1146,161,160,121,1159,cache_la_poudre,10,3
2173,10,31,60,29,1294,170,161,114,1406,cache_la_poudre,10,3
2173,14,27,228,132,661,183,173,115,450,cache_la_poudre,10,3
2173,84,13,0,0,124,238,218,108,655,cache_la_poudre,10,3
2173,233,30,443,129,484,157,250,217,932,cache_la_poudre,1,3
2173,259,35,180,89,1252,116,234,242,509,cache_la_poudre,1,3
2173,285,30,256,120,446,123,223,233,503,cache_la_poudre,10,3
2173,320,33,295,120,443,120,190,199,466,cache_la_poudre,10,3
2173,325,30,192,129,234,133,193,192,865,cache_la_poudre,10,3
2173,333,23,300,109,552,161,204,178,524,cache_la_poudre,10,3
2173,341,16,541,128,591,186,215,167,872,cache_la_poudre,10,3
2174,11,32,120,49,1154,168,157,110,1080,cache_la_poudre,10,3
2174,51,15,240,93,589,226,207,110,607,cache_la_poudre,6,3
2174,92,28,190,79,510,250,185,44,769,cache_la_poudre,1,3
2174,118,28,42,20,150,254,202,55,601,cache_la_poudre,1,3
2174,140,8,85,-2,234,233,238,136,426,cache_la_poudre,1,3
2174,167,24,30,7,351,232,240,125,426,cache_la_poudre,1,3
2174,199,32,309,155,577,192,247,169,323,cache_la_poudre,1,3
2174,322,30,309,167,361,132,195,196,466,cache_la_poudre,10,3
2174,329,36,42,28,1260,113,173,185,1443,cache_la_poudre,10,3
2174,334,27,85,34,1438,149,194,178,778,cache_la_poudre,10,3
2174,334,31,85,31,1022,135,183,178,742,cache_la_poudre,10,3
2175,115,27,67,21,810,254,202,56,859,cache_la_poudre,5,3
2175,293,25,30,16,674,140,224,220,1487,cache_la_poudre,16,3
2175,335,25,268,14,551,155,197,177,589,cache_la_poudre,10,3
2175,341,31,42,24,731,140,178,167,1622,cache_la_poudre,10,3
2175,345,37,150,66,726,122,156,155,443,cache_la_poudre,10,3
2176,72,25,95,34,1370,239,184,61,313,cache_la_poudre,3,3
2176,300,28,192,100,1498,130,215,220,780,cache_la_poudre,10,3
2176,307,26,424,165,485,141,215,210,514,cache_la_poudre,10,3
2176,329,26,408,174,511,149,199,185,190,cache_la_poudre,5,3
2176,343,29,127,84,513,149,182,164,360,cache_la_poudre,10,3
2176,345,33,124,51,1165,136,169,158,1080,cache_la_poudre,10,3
2176,358,30,247,124,1146,160,170,137,510,cache_la_poudre,10,3
2177,1,23,95,38,1026,182,191,142,664,cache_la_poudre,10,3
2177,140,7,210,96,582,231,238,140,603,cache_la_poudre,6,3
2177,278,32,324,162,391,118,225,238,390,cache_la_poudre,10,3
2177,321,36,42,26,1256,106,179,199,1471,cache_la_poudre,10,3
2177,330,38,120,67,1140,105,165,184,1106,cache_la_poudre,10,3
2177,336,20,42,15,1364,171,208,174,942,cache_la_poudre,4,3
2177,346,21,192,37,553,175,202,162,713,cache_la_poudre,10,3
2178,97,20,228,83,433,248,208,80,685,cache_la_poudre,10,3
2178,102,34,42,17,582,252,173,18,698,cache_la_poudre,1,3
2178,235,10,67,1,255,204,249,182,446,cache_la_poudre,2,3
2178,238,24,525,134,566,168,252,214,953,cache_la_poudre,1,3
2178,284,33,210,94,1350,113,220,237,618,cache_la_poudre,10,3
2178,340,35,60,21,1365,126,166,165,1179,cache_la_poudre,10,3
2178,351,34,108,58,785,139,160,144,450,cache_la_poudre,10,3
2179,99,39,424,-110,485,250,158,0,484,cache_la_poudre,1,3
2179,153,27,162,30,666,240,230,101,691,cache_la_poudre,6,3
2179,285,24,30,12,1048,147,232,221,566,cache_la_poudre,14,3
2180,67,14,242,85,408,233,211,106,658,cache_la_poudre,10,3
2180,92,32,295,8,636,250,174,28,648,cache_la_poudre,6,3
2180,115,27,67,31,153,254,202,56,540,cache_la_poudre,1,3
2180,148,25,30,-4,841,244,229,99,871,cache_la_poudre,6,3
2180,252,40,67,50,644,106,231,243,684,cache_la_poudre,10,3
2180,275,30,124,40,870,126,230,236,384,cache_la_poudre,1,3
2180,336,25,242,19,566,155,196,175,618,cache_la_poudre,10,3
2180,353,40,511,23,618,124,141,133,859,cache_la_poudre,10,3
2181,23,40,108,57,973,166,125,67,693,cache_la_poudre,10,3
2181,72,10,30,6,300,231,221,122,488,cache_la_poudre,2,3
2181,84,37,408,-108,510,242,152,0,499,cache_la_poudre,1,3
2181,300,36,124,85,1310,98,198,228,972,cache_la_poudre,10,3
2181,335,25,85,30,1442,156,198,176,819,cache_la_poudre,10,3
2182,245,27,350,135,391,154,248,223,912,cache_la_poudre,1,3
2182,311,27,180,107,1509,137,209,207,816,cache_la_poudre,10,3
2182,321,29,212,105,663,134,198,197,361,cache_la_poudre,10,3
2182,328,33,242,143,319,123,182,188,726,cache_la_poudre,10,3
2182,336,37,134,73,730,115,163,171,458,cache_la_poudre,10,3
2182,342,33,134,57,1172,133,170,163,1082,cache_la_poudre,10,3
2183,12,28,218,132,426,181,172,117,306,cache_la_poudre,10,3
2183,38,27,127,43,531,208,170,82,765,cache_la_poudre,10,3
2183,66,29,85,43,534,233,168,47,752,cache_la_poudre,1,3
2183,116,23,0,0,95,252,211,74,684,cache_la_poudre,1,3
2184,1,39,300,173,408,139,140,117,342,cache_la_poudre,10,3
2184,26,27,42,21,1050,197,173,100,457,cache_la_poudre,10,3
2184,40,36,342,219,382,198,138,48,256,cache_la_poudre,10,3
2184,287,34,182,105,1440,109,216,236,711,cache_la_poudre,10,3
2184,298,24,30,16,1060,145,223,215,541,cache_la_poudre,10,3
2184,304,19,30,12,1150,164,227,201,514,cache_la_poudre,10,3
2184,313,33,234,150,531,113,194,210,430,cache_la_poudre,10,3
2184,318,39,42,31,1370,95,175,204,1230,cache_la_poudre,10,3
2184,322,20,85,29,1034,166,216,188,799,cache_la_poudre,10,3
2184,322,26,437,182,541,143,203,194,218,cache_la_poudre,5,3
2184,341,41,60,35,295,106,147,158,497,cache_la_poudre,10,3
2184,352,23,85,28,1396,172,193,154,890,cache_la_poudre,10,3
2184,359,26,417,181,458,172,183,141,450,cache_la_poudre,10,3
2185,53,24,170,21,459,225,181,76,926,cache_la_poudre,10,3
2185,148,21,240,166,430,243,233,110,175,cache_la_poudre,1,3
2185,236,24,30,16,1205,171,252,211,836,cache_la_poudre,10,3
2185,285,23,270,183,395,149,232,220,134,cache_la_poudre,5,3
2185,324,33,162,68,1080,121,185,193,1179,cache_la_poudre,10,3
2185,326,16,85,13,1218,179,221,181,1092,cache_la_poudre,4,3
2185,358,38,330,168,426,137,145,125,319,cache_la_poudre,10,3
2186,166,30,95,14,752,230,234,113,780,cache_la_poudre,6,3
2186,238,19,242,167,400,182,253,204,162,cache_la_poudre,5,3
2186,301,31,212,102,1368,121,210,221,642,cache_la_poudre,10,3
2186,331,30,42,26,713,135,187,183,1614,cache_la_poudre,10,3
2187,24,34,95,42,1374,180,146,81,1312,cache_la_poudre,10,3
2187,72,20,216,45,1410,238,196,80,277,cache_la_poudre,3,3
2187,72,37,319,148,722,232,142,8,778,cache_la_poudre,6,3
2187,103,36,400,243,424,252,171,0,361,cache_la_poudre,1,3
2187,150,30,150,25,696,242,222,86,721,cache_la_poudre,6,3
2187,261,37,67,45,774,108,230,245,624,cache_la_poudre,10,3
2187,303,27,42,19,624,135,215,215,1443,cache_la_poudre,10,3
2187,305,32,283,134,467,118,205,218,495,cache_la_poudre,10,3
2187,311,28,323,175,382,134,207,208,437,cache_la_poudre,10,3
2187,324,20,361,176,503,166,214,186,553,cache_la_poudre,10,3
2187,332,24,256,26,577,156,202,180,582,cache_la_poudre,10,3
2187,342,38,108,77,421,116,155,160,495,cache_la_poudre,10,3
2187,344,21,170,26,573,173,202,164,706,cache_la_poudre,10,3
2188,30,29,150,49,671,198,166,88,1616,cache_la_poudre,10,3
2188,48,24,150,74,1084,221,182,83,1205,cache_la_poudre,1,3
2188,53,33,42,27,633,218,150,41,644,cache_la_poudre,1,3
2188,90,23,218,93,525,248,196,64,780,cache_la_poudre,1,3
2188,230,22,283,136,324,181,254,203,895,cache_la_poudre,1,3
2188,312,20,85,14,1302,161,220,198,1008,cache_la_poudre,10,3
2188,317,28,42,20,1072,136,203,201,674,cache_la_poudre,10,3
2188,356,32,180,116,67,152,166,139,457,cache_la_poudre,10,3
2189,95,38,350,4,658,248,156,0,664,cache_la_poudre,6,3
2189,121,26,85,35,840,253,208,64,888,cache_la_poudre,5,3
2189,163,32,301,170,511,231,229,102,201,cache_la_poudre,1,3
2189,181,22,60,14,313,221,248,148,424,cache_la_poudre,1,3
2190,19,31,67,34,1170,180,158,98,874,cache_la_poudre,10,3
2190,56,32,234,50,666,221,154,41,454,cache_la_poudre,10,3
2190,353,32,150,65,1130,150,168,144,1110,cache_la_poudre,10,3
2191,7,29,150,66,1124,171,169,123,1110,cache_la_poudre,10,3
2191,11,33,90,38,1343,166,155,109,1101,cache_la_poudre,10,3
2191,36,25,192,52,636,209,177,91,1637,cache_la_poudre,10,3
2191,78,24,162,42,134,243,188,61,451,cache_la_poudre,1,3
2191,118,23,150,12,228,252,211,74,417,cache_la_poudre,1,3
2191,276,27,170,69,780,137,234,230,335,cache_la_poudre,10,3
2191,279,32,190,106,1465,116,224,238,738,cache_la_poudre,10,3
2191,290,26,402,138,446,139,226,223,391,cache_la_poudre,10,3
2191,299,23,90,20,1230,151,225,212,573,cache_la_poudre,10,3
2191,339,27,180,119,67,151,189,170,484,cache_la_poudre,10,3
2191,346,26,350,155,470,161,190,161,323,cache_la_poudre,10,3
2192,22,38,134,89,999,169,134,76,664,cache_la_poudre,10,3
2192,23,12,30,-5,834,212,214,136,390,cache_la_poudre,14,3
2192,168,30,67,7,812,227,235,117,840,cache_la_poudre,6,3
2192,339,30,67,43,702,142,181,169,1635,cache_la_poudre,10,3
2192,347,29,150,87,541,152,180,157,330,cache_la_poudre,10,3
2193,22,35,60,37,1275,177,145,84,1006,cache_la_poudre,10,3
2193,240,34,67,41,685,136,244,228,680,cache_la_poudre,10,3
2193,308,16,402,138,524,174,228,194,488,cache_la_poudre,10,3
2193,311,19,234,149,277,165,223,197,858,cache_la_poudre,10,3
2193,328,24,108,43,1061,157,205,184,774,cache_la_poudre,10,3
2193,334,24,228,32,592,157,200,178,612,cache_la_poudre,10,3
2194,23,31,212,119,720,185,157,91,395,cache_la_poudre,10,3
2194,48,35,361,167,690,209,143,42,713,cache_la_poudre,6,3
2194,56,32,324,240,366,222,155,43,216,cache_la_poudre,1,3
2194,254,16,258,151,300,181,249,204,876,cache_la_poudre,10,3
2194,270,20,228,117,339,163,242,216,661,cache_la_poudre,1,3
2194,280,27,60,29,1075,137,231,228,582,cache_la_poudre,10,3
2194,307,23,212,110,1209,151,219,206,474,cache_la_poudre,1,3
2194,336,28,390,179,467,147,189,174,277,cache_la_poudre,10,3
2195,61,32,408,112,446,227,157,39,684,cache_la_poudre,10,3
2195,97,30,384,245,408,251,181,34,331,cache_la_poudre,10,3
2195,119,25,85,41,108,253,209,68,573,cache_la_poudre,1,3
2195,216,21,30,12,1020,193,254,190,511,cache_la_poudre,1,3
2195,281,28,350,188,417,134,229,230,379,cache_la_poudre,10,3
2195,306,30,90,37,1295,124,207,216,636,cache_la_poudre,10,3
2195,333,13,85,13,1050,191,223,172,1260,cache_la_poudre,10,3
2196,7,24,150,64,967,183,184,130,1585,cache_la_poudre,10,3
2196,45,26,108,56,553,217,174,77,760,cache_la_poudre,10,3
2196,68,17,228,54,1438,235,204,95,255,cache_la_poudre,3,3
2196,117,13,60,8,134,242,228,113,319,cache_la_poudre,2,3
2196,230,7,0,0,153,209,247,175,313,cache_la_poudre,2,3
2196,277,28,210,112,1230,132,232,232,492,cache_la_poudre,1,3
2196,277,35,95,56,930,106,221,242,424,cache_la_poudre,1,3
2196,293,23,60,24,1146,148,227,216,518,cache_la_poudre,10,3
2196,317,33,124,122,170,115,191,205,566,cache_la_poudre,10,3
2196,337,28,153,84,768,149,190,174,384,cache_la_poudre,10,3
2196,338,26,272,144,1146,156,194,172,551,cache_la_poudre,10,3
2197,9,29,42,20,1080,174,169,120,497,cache_la_poudre,10,3
2197,14,40,240,174,376,154,130,87,391,cache_la_poudre,10,3
2197,31,24,67,45,1209,206,180,99,911,cache_la_poudre,10,3
2197,61,34,212,133,216,225,151,31,384,cache_la_poudre,1,3
2197,69,37,361,165,720,230,141,0,752,cache_la_poudre,6,3
2197,124,9,134,9,134,235,234,130,324,cache_la_poudre,2,3
2197,272,31,85,31,960,123,231,238,446,cache_la_poudre,1,3
2197,307,24,30,18,594,147,218,208,1294,cache_la_poudre,10,3
2197,321,27,90,44,1073,141,202,196,732,cache_la_poudre,10,3
2197,328,24,301,36,607,156,205,185,514,cache_la_poudre,10,3
2197,351,33,0,0,752,145,167,148,594,cache_la_poudre,10,3
2198,20,20,0,0,1405,202,193,122,742,cache_la_poudre,10,3
2198,56,31,150,56,1409,222,158,47,268,cache_la_poudre,3,3
2198,96,29,256,26,655,251,184,40,671,cache_la_poudre,6,3
2198,275,38,255,77,576,93,216,247,446,cache_la_poudre,10,3
2198,285,27,60,22,752,134,227,227,658,cache_la_poudre,10,3
2198,301,34,150,105,1319,109,204,224,977,cache_la_poudre,10,3
2198,305,27,95,18,1259,134,213,214,603,cache_la_poudre,10,3
2199,291,27,60,32,1087,134,223,224,558,cache_la_poudre,10,3
2199,321,29,67,35,1087,133,197,197,691,cache_la_poudre,10,3
2199,324,31,190,89,1050,130,192,194,1208,cache_la_poudre,10,3
2199,331,38,134,73,870,108,166,181,470,cache_la_poudre,10,3
2199,342,36,108,52,1045,124,163,162,735,cache_la_poudre,10,3
2200,29,34,95,57,1182,187,147,75,1481,cache_la_poudre,10,3
2200,79,16,247,105,541,240,209,95,792,cache_la_poudre,1,3
2200,86,14,60,4,120,240,216,103,283,cache_la_poudre,2,3
2200,297,25,212,78,751,144,223,216,351,cache_la_poudre,10,3
2200,317,21,285,136,626,160,217,194,481,cache_la_poudre,10,3
2200,321,20,60,20,1224,164,216,190,571,cache_la_poudre,10,3
2200,346,37,67,28,480,125,155,151,573,cache_la_poudre,10,3
2201,29,27,242,150,469,199,170,93,285,cache_la_poudre,10,3
2201,147,28,60,3,872,244,224,88,900,cache_la_poudre,6,3
2201,191,27,351,182,600,209,249,158,277,cache_la_poudre,1,3
2201,272,24,268,63,630,150,239,224,1618,cache_la_poudre,10,3
2201,287,16,300,63,570,174,237,203,1677,cache_la_poudre,10,3
2201,298,34,268,169,418,109,206,228,192,cache_la_poudre,10,3
2201,308,14,95,29,1084,182,231,189,466,cache_la_poudre,10,3
2201,318,23,42,19,1087,155,213,195,492,cache_la_poudre,10,3
2201,339,19,42,11,942,174,208,171,1364,cache_la_poudre,10,3
2201,348,31,216,102,518,147,173,155,342,cache_la_poudre,10,3
2201,357,14,210,129,30,197,213,153,443,cache_la_poudre,10,3
2202,18,33,400,151,534,175,153,96,408,cache_la_poudre,10,3
2202,26,36,95,58,1291,179,138,71,1383,cache_la_poudre,10,3
2203,27,24,474,184,626,201,179,104,306,cache_la_poudre,5,3
2203,41,37,366,254,404,196,133,44,285,cache_la_poudre,10,3
2203,162,31,124,31,755,232,230,104,781,cache_la_poudre,6,3
2203,278,38,67,29,787,93,215,246,638,cache_la_poudre,10,3
2203,294,34,67,41,607,109,210,231,1464,cache_la_poudre,10,3
2203,302,25,42,2,1176,142,219,213,547,cache_la_poudre,10,3
2203,311,24,30,4,1390,147,214,204,730,cache_la_poudre,10,3
2203,339,32,162,66,760,136,176,169,433,cache_la_poudre,10,3
2204,260,17,42,22,1276,176,247,208,959,cache_la_poudre,10,3
2204,276,20,283,66,600,161,240,216,1648,cache_la_poudre,10,3
2204,331,31,228,119,1082,131,184,183,591,cache_la_poudre,10,3
2205,20,31,90,49,1315,181,157,96,1044,cache_la_poudre,10,3
2205,21,39,124,70,990,164,129,74,702,cache_la_poudre,10,3
2205,27,26,0,0,480,198,173,98,532,cache_la_poudre,10,3
2205,27,30,300,168,516,191,159,87,379,cache_la_poudre,10,3
2205,233,28,201,128,319,163,251,214,642,cache_la_poudre,1,3
2205,272,20,242,128,361,162,241,216,638,cache_la_poudre,10,3
2205,309,25,255,132,722,143,215,207,371,cache_la_poudre,10,3
2205,333,23,218,44,618,160,203,179,607,cache_la_poudre,10,3
2205,358,20,30,16,1218,185,199,148,570,cache_la_poudre,10,3
2206,59,21,42,3,870,230,192,85,908,cache_la_poudre,5,3
2206,82,42,390,-83,524,236,132,0,518,cache_la_poudre,10,3
2206,139,33,67,26,1638,248,208,59,67,cache_la_poudre,3,3
2206,231,23,60,26,990,178,253,206,488,cache_la_poudre,1,3
2206,283,37,175,103,558,97,213,242,612,cache_la_poudre,10,3
2206,319,32,162,117,430,121,191,201,437,cache_la_poudre,10,3
2206,331,35,255,119,450,118,173,182,458,cache_la_poudre,10,3
2206,332,14,300,134,0,188,222,173,350,cache_la_poudre,2,3
2206,352,29,175,67,1019,155,176,149,589,cache_la_poudre,10,3
2207,38,27,60,17,918,209,172,84,335,cache_la_poudre,10,3
2207,70,28,192,118,216,237,174,50,492,cache_la_poudre,1,3
2207,106,37,309,22,674,252,170,10,684,cache_la_poudre,6,3
2207,108,15,242,58,85,245,221,101,400,cache_la_poudre,2,3
2207,310,27,150,57,1057,136,210,209,785,cache_la_poudre,10,3
2207,314,30,0,0,400,129,202,206,376,cache_la_poudre,10,3
2207,331,23,42,20,1075,161,205,180,450,cache_la_poudre,10,3
2207,335,22,42,14,900,164,204,176,1406,cache_la_poudre,10,3
2207,338,22,124,45,1332,168,204,172,957,cache_la_poudre,10,3
2207,342,28,90,33,1433,153,187,166,769,cache_la_poudre,10,3
2207,349,12,335,65,499,198,220,161,350,cache_la_poudre,6,3
2208,0,31,180,83,1095,159,167,132,1140,cache_la_poudre,10,3
2208,15,33,283,154,722,171,152,100,391,cache_la_poudre,10,3
2208,16,18,162,87,1057,202,200,131,1243,cache_la_poudre,1,3
2208,62,33,362,10,690,227,154,34,702,cache_la_poudre,6,3
2208,122,32,67,28,1678,254,195,41,67,cache_la_poudre,3,3
2208,278,28,362,141,488,134,232,231,268,cache_la_poudre,2,3
2208,301,10,30,-14,1452,193,236,183,984,cache_la_poudre,10,3
2208,312,22,295,144,655,156,218,199,480,cache_la_poudre,10,3
2208,312,28,255,133,1538,135,207,206,847,cache_la_poudre,10,3
2208,335,30,85,48,674,140,185,176,1613,cache_la_poudre,10,3
2208,351,10,30,-15,1482,203,224,159,957,cache_la_poudre,10,3
2208,351,26,376,253,417,164,185,152,268,cache_la_poudre,10,3
2209,199,21,175,73,170,207,253,171,395,cache_la_poudre,2,3
2209,283,29,162,113,1290,127,226,232,1006,cache_la_poudre,10,3
2209,300,25,85,8,1144,144,221,214,524,cache_la_poudre,10,3
2209,308,26,60,31,573,139,213,209,1315,cache_la_poudre,10,3
2209,338,24,170,126,300,160,199,173,618,cache_la_poudre,10,3
2209,346,19,300,124,1167,179,205,162,566,cache_la_poudre,6,3
2210,51,12,201,17,150,226,214,120,323,cache_la_poudre,2,3
2210,84,25,150,61,95,246,189,57,484,cache_la_poudre,1,3
2210,95,24,30,10,1413,250,198,64,745,cache_la_poudre,4,3
2210,100,25,0,0,1473,251,197,58,792,cache_la_poudre,4,3
2210,106,22,127,61,90,251,208,73,514,cache_la_poudre,1,3
2210,171,33,95,12,815,223,233,116,841,cache_la_poudre,6,3
2210,275,27,402,150,433,137,234,231,301,cache_la_poudre,10,3
2210,319,25,67,21,1253,146,208,197,601,cache_la_poudre,10,3
2210,353,31,60,33,1110,151,169,144,551,cache_la_poudre,10,3
2210,355,24,162,49,636,174,191,149,666,cache_la_poudre,10,3
2211,133,11,150,14,67,238,235,126,258,cache_la_poudre,2,3
2211,293,39,60,37,807,86,199,237,658,cache_la_poudre,10,3
2211,301,27,67,36,1114,137,218,216,511,cache_la_poudre,10,3
2211,325,26,277,140,700,145,201,190,424,cache_la_poudre,10,3
2211,355,21,0,0,1239,182,199,151,603,cache_la_poudre,10,3
2212,28,36,108,68,1307,181,138,69,1354,cache_la_poudre,10,3
2212,29,38,95,51,685,179,133,63,592,cache_la_poudre,10,3
2212,65,27,216,132,201,233,175,57,469,cache_la_poudre,2,3
2212,87,10,218,15,108,236,223,118,285,cache_la_poudre,2,3
2212,189,17,95,28,295,219,250,159,384,cache_la_poudre,2,3
2212,296,12,240,140,42,185,236,191,450,cache_la_poudre,2,3
2212,313,33,85,44,576,116,195,209,1400,cache_la_poudre,10,3
2212,324,22,30,2,807,160,211,188,309,cache_la_poudre,14,3
2212,329,26,297,169,339,150,200,185,787,cache_la_poudre,10,3
2212,330,35,277,173,361,117,174,184,722,cache_la_poudre,10,3
2212,340,22,42,0,1458,168,202,169,979,cache_la_poudre,10,3
2212,346,30,192,107,560,148,178,159,301,cache_la_poudre,10,3
2212,358,23,90,22,984,179,192,145,323,cache_la_poudre,10,3
2213,6,28,0,0,780,173,173,127,573,cache_la_poudre,10,3
2213,90,17,60,-15,900,243,211,92,942,cache_la_poudre,5,3
2213,126,30,60,15,902,253,205,56,930,cache_la_poudre,6,3
2213,224,35,492,161,534,153,247,210,900,cache_la_poudre,1,3
2213,313,22,60,-29,1425,155,217,200,1015,cache_la_poudre,10,3
2213,319,26,30,14,1419,142,205,197,760,cache_la_poudre,10,3
2213,327,28,240,137,1499,141,196,188,864,cache_la_poudre,10,3
2213,335,35,256,113,511,122,171,175,362,cache_la_poudre,10,3
2214,5,30,67,37,1110,166,166,125,524,cache_la_poudre,10,3
2214,49,9,212,26,170,224,221,131,351,cache_la_poudre,2,3
2214,54,20,309,72,525,227,194,92,376,cache_la_poudre,6,3
2214,88,23,0,0,1443,247,195,64,768,cache_la_poudre,4,3
2214,224,27,212,137,342,173,253,205,618,cache_la_poudre,1,3
2214,345,37,120,61,1383,123,156,154,1167,cache_la_poudre,10,3
2214,346,15,323,40,516,189,214,163,366,cache_la_poudre,6,3
2215,275,33,85,5,767,114,225,240,680,cache_la_poudre,10,3
2215,285,19,30,8,404,162,236,212,1284,cache_la_poudre,10,3
2215,291,31,182,147,408,118,217,230,418,cache_la_poudre,10,3
2215,302,21,362,41,474,158,225,206,324,cache_la_poudre,6,3
2215,326,42,42,8,379,87,157,189,417,cache_la_poudre,10,3
2215,330,30,150,65,1101,135,189,185,768,cache_la_poudre,10,3
2215,334,25,153,59,1347,156,199,178,912,cache_la_poudre,10,3
2215,342,13,437,196,600,192,219,166,272,cache_la_poudre,5,3
2215,343,30,108,66,664,147,181,164,1634,cache_la_poudre,10,3
2215,354,26,85,38,1110,167,185,148,513,cache_la_poudre,10,3
2216,1,21,379,140,511,184,194,143,234,cache_la_poudre,10,3
2216,29,33,277,55,726,189,151,78,395,cache_la_poudre,10,3
2216,39,12,324,161,534,220,213,126,361,cache_la_poudre,2,3
2216,41,31,192,74,612,207,156,64,1674,cache_la_poudre,10,3
2216,42,13,30,0,805,222,212,123,362,cache_la_poudre,10,3
2216,44,37,382,251,424,200,134,39,283,cache_la_poudre,10,3
2216,109,32,242,44,684,254,185,32,700,cache_la_poudre,6,3
2216,245,25,42,9,424,161,250,219,1302,cache_la_poudre,10,3
2216,283,18,0,0,726,168,238,209,1602,cache_la_poudre,4,3
2216,297,22,42,0,1433,152,227,212,1008,cache_la_poudre,10,3
2216,303,25,182,144,127,143,219,212,531,cache_la_poudre,10,3
2216,306,22,30,15,782,154,221,205,1537,cache_la_poudre,4,3
2216,332,32,134,63,1068,130,182,181,730,cache_la_poudre,10,3
2216,335,10,330,144,0,198,227,168,342,cache_la_poudre,2,3
2217,43,30,234,75,577,210,160,66,1679,cache_la_poudre,10,3
2217,290,24,216,95,782,147,228,219,390,cache_la_poudre,10,3
2217,313,21,30,16,1236,159,219,198,607,cache_la_poudre,10,3
2217,319,10,330,145,30,195,231,176,361,cache_la_poudre,2,3
2218,10,12,342,159,511,206,215,145,360,cache_la_poudre,2,3
2218,12,36,365,167,531,160,143,98,366,cache_la_poudre,10,3
2218,23,30,255,135,360,186,160,94,600,cache_la_poudre,10,3
2218,30,34,124,75,1158,188,145,70,1511,cache_la_poudre,10,3
2218,70,38,361,179,751,230,140,6,792,cache_la_poudre,6,3
2218,265,27,277,80,690,143,240,230,1554,cache_la_poudre,1,3
2218,268,25,339,170,382,149,240,226,828,cache_la_poudre,10,3
2218,296,27,240,145,1425,133,220,221,716,cache_la_poudre,10,3
2218,320,18,162,44,1269,172,220,187,1024,cache_la_poudre,10,3
2218,349,31,30,21,1112,148,172,151,600,cache_la_poudre,10,3
2219,7,36,240,171,402,154,147,111,376,cache_la_poudre,10,3
2219,34,20,300,98,537,213,193,108,390,cache_la_poudre,6,3
2219,41,23,228,68,1505,216,183,91,192,cache_la_poudre,3,3
2219,89,10,247,22,85,235,224,120,277,cache_la_poudre,2,3
2219,305,24,242,174,430,146,219,209,212,cache_la_poudre,10,3
2219,334,14,270,135,1209,187,221,172,558,cache_la_poudre,6,3
2219,341,27,150,-46,789,154,189,167,408,cache_la_poudre,10,3
2219,346,34,234,127,547,136,165,155,313,cache_la_poudre,10,3
2219,354,16,300,135,1189,192,211,155,582,cache_la_poudre,6,3
2220,133,35,85,40,1661,250,199,44,42,cache_la_poudre,3,3
2220,270,7,277,23,42,203,242,179,319,cache_la_poudre,2,3
2220,292,30,90,53,1127,123,218,228,553,cache_la_poudre,10,3
2220,322,29,180,108,774,136,197,195,342,cache_la_poudre,10,3
2220,325,26,300,156,706,146,201,189,454,cache_la_poudre,10,3
2220,330,19,351,144,531,172,214,180,212,cache_la_poudre,2,3
2220,342,39,120,65,1364,114,152,159,1195,cache_la_poudre,10,3
2220,344,26,60,11,850,157,189,163,331,cache_la_poudre,10,3
2221,1,40,495,64,592,134,135,116,765,cache_la_poudre,10,3
2221,3,23,175,114,1112,182,189,138,1120,cache_la_poudre,10,3
2221,69,31,417,137,466,235,162,36,642,cache_la_poudre,10,3
2221,79,33,242,159,180,241,160,22,268,cache_la_poudre,1,3
2221,141,33,201,49,706,247,209,62,726,cache_la_poudre,6,3
2221,211,27,60,21,1027,186,253,188,573,cache_la_poudre,1,3
2221,272,25,201,81,812,147,238,226,402,cache_la_poudre,10,3
2221,303,37,150,79,691,97,195,225,541,cache_la_poudre,10,3
2221,315,22,30,14,384,155,215,198,1266,cache_la_poudre,10,3
2221,334,34,212,115,1167,126,175,177,1120,cache_la_poudre,10,3
2221,357,33,162,95,830,152,163,135,417,cache_la_poudre,10,3
2222,54,32,350,24,720,220,155,46,731,cache_la_poudre,6,3
2222,76,39,382,190,750,234,139,0,780,cache_la_poudre,6,3
2222,285,26,190,129,1300,141,230,225,1012,cache_la_poudre,10,3
2222,293,22,366,155,474,155,230,213,313,cache_la_poudre,2,3
2222,305,24,258,100,755,148,220,209,408,cache_la_poudre,10,3
2222,326,37,108,102,313,108,173,190,525,cache_la_poudre,10,3
2222,332,33,60,15,1498,125,178,181,955,cache_la_poudre,10,3
2222,345,20,175,59,1312,177,205,164,953,cache_la_poudre,10,3
2222,358,46,481,65,642,110,114,111,847,cache_la_poudre,10,3
2223,4,32,0,0,510,161,160,123,541,cache_la_poudre,10,3
2223,5,26,67,25,872,177,179,131,330,cache_la_poudre,10,3
2223,19,21,120,33,1026,200,191,122,309,cache_la_poudre,10,3
2223,38,24,175,72,1463,211,179,91,216,cache_la_poudre,10,3
2223,70,19,42,-2,930,237,198,85,972,cache_la_poudre,5,3
2223,96,10,268,87,85,236,226,121,301,cache_la_poudre,2,3
2223,287,6,301,26,30,202,240,177,361,cache_la_poudre,2,3
2223,293,38,42,14,828,90,201,236,679,cache_la_poudre,10,3
2223,296,27,95,57,1120,133,220,221,642,cache_la_poudre,10,3
2223,301,21,256,120,1123,158,226,206,618,cache_la_poudre,6,3
2223,302,21,192,39,1080,155,225,207,1256,cache_la_poudre,10,3
2223,331,25,240,62,658,154,201,181,571,cache_la_poudre,10,3
2223,331,31,153,-12,1397,134,186,183,847,cache_la_poudre,10,3
2223,334,24,85,-32,779,159,201,177,488,cache_la_poudre,10,3
2223,347,32,201,75,1040,143,171,155,582,cache_la_poudre,10,3
2224,3,42,488,67,607,129,126,107,792,cache_la_poudre,10,3
2224,4,34,170,81,1106,155,154,121,671,cache_la_poudre,10,3
2224,10,11,339,165,509,209,219,147,331,cache_la_poudre,2,3
2224,81,17,30,-14,743,241,208,92,430,cache_la_poudre,10,3
2224,277,19,524,82,726,165,240,213,966,cache_la_poudre,10,3
2224,292,34,95,65,592,108,211,233,1485,cache_la_poudre,10,3
2224,323,17,175,41,1273,176,221,184,1008,cache_la_poudre,10,3
2224,326,14,361,165,484,184,224,179,335,cache_la_poudre,2,3
2224,331,14,30,4,618,185,221,175,1734,cache_la_poudre,10,3
2224,351,22,153,63,658,175,196,155,663,cache_la_poudre,10,3
2225,1,23,120,35,1003,182,191,142,295,cache_la_poudre,10,3
2225,120,33,85,37,1679,254,192,37,60,cache_la_poudre,3,3
2225,216,26,30,11,1065,185,254,193,618,cache_la_poudre,1,3
2225,287,19,242,153,95,165,236,209,488,cache_la_poudre,2,3
2225,294,27,242,83,592,136,222,221,443,cache_la_poudre,6,3
2225,303,34,124,135,295,107,200,222,566,cache_la_poudre,10,3
2225,305,30,108,73,631,125,208,217,1549,cache_la_poudre,10,3
2225,309,32,95,48,553,119,201,214,1379,cache_la_poudre,10,3
2225,310,34,108,60,558,112,196,214,1421,cache_la_poudre,10,3
2226,18,20,234,142,360,200,193,124,582,cache_la_poudre,10,3
2226,29,18,124,65,638,211,197,117,693,cache_la_poudre,10,3
2226,30,20,361,84,480,210,194,113,1692,cache_la_poudre,10,3
2226,46,33,258,65,730,209,151,53,400,cache_la_poudre,10,3
2226,165,35,134,28,789,226,226,100,812,cache_la_poudre,6,3
2226,244,36,108,50,716,127,241,233,721,cache_la_poudre,10,3
2226,304,23,342,123,534,152,222,208,480,cache_la_poudre,10,3
2226,320,29,42,20,830,132,197,198,283,cache_la_poudre,10,3
2226,328,22,182,69,1318,160,208,184,939,cache_la_poudre,10,3
2226,333,14,390,52,450,188,222,172,300,cache_la_poudre,6,3
2226,335,25,30,18,390,155,197,177,1224,cache_la_poudre,10,3
2226,347,26,30,8,402,162,189,159,1134,cache_la_poudre,16,3
2226,352,42,480,69,671,115,135,133,902,cache_la_poudre,10,3
2227,11,35,277,164,751,160,146,104,360,cache_la_poudre,10,3
2227,170,5,150,43,277,224,242,153,324,cache_la_poudre,2,3
2227,282,35,277,143,1341,105,218,240,703,cache_la_poudre,10,3
2227,300,25,60,28,808,142,221,215,1518,cache_la_poudre,10,3
2227,320,27,42,16,841,142,204,197,277,cache_la_poudre,10,3
2228,57,27,268,158,170,227,174,64,424,cache_la_poudre,2,3
2228,93,30,30,14,1471,250,178,33,774,cache_la_poudre,4,3
2228,95,39,365,-61,541,248,154,0,495,cache_la_poudre,1,3
2228,238,29,182,151,324,156,250,220,600,cache_la_poudre,1,3
2228,276,36,192,110,576,101,219,244,607,cache_la_poudre,10,3
2228,276,36,95,54,765,102,220,244,616,cache_la_poudre,10,3
2228,290,29,60,27,1233,129,222,227,612,cache_la_poudre,10,3
2228,345,11,0,0,497,198,222,163,1832,cache_la_poudre,4,3
2228,346,32,212,120,589,143,172,156,272,cache_la_poudre,10,3
2228,359,39,480,71,685,134,139,120,930,cache_la_poudre,10,3
2229,50,36,175,97,1032,210,139,34,1571,cache_la_poudre,10,3
2229,96,17,150,78,1476,245,214,92,201,cache_la_poudre,3,3
2229,105,35,295,31,702,253,173,15,713,cache_la_poudre,6,3
2229,282,16,301,157,67,175,240,204,446,cache_la_poudre,2,3
2229,286,21,212,150,360,158,234,214,566,cache_la_poudre,10,3
2229,331,15,190,159,150,184,221,176,509,cache_la_poudre,2,3
2230,40,29,255,79,547,207,162,72,1660,cache_la_poudre,10,3
2230,59,35,192,69,677,222,145,28,466,cache_la_poudre,10,3
2230,68,29,240,168,162,235,170,47,361,cache_la_poudre,1,3
2230,282,33,134,88,708,112,220,238,558,cache_la_poudre,10,3
2230,287,32,247,149,1465,114,218,235,767,cache_la_poudre,10,3
2230,314,29,210,108,1050,131,203,206,1194,cache_la_poudre,10,3
2230,316,23,30,17,860,154,214,197,295,cache_la_poudre,10,3
2230,346,30,30,15,390,148,178,159,1158,cache_la_poudre,10,3
2231,6,46,124,70,674,123,109,90,524,cache_la_poudre,10,3
2231,103,29,30,2,960,253,190,44,957,cache_la_poudre,6,3
2231,224,36,469,188,511,151,246,210,876,cache_la_poudre,1,3
2231,290,26,242,-43,408,138,225,223,594,cache_la_poudre,10,3
2231,308,30,95,30,1172,126,206,213,560,cache_la_poudre,10,3
2231,323,24,192,51,1142,152,207,191,1173,cache_la_poudre,10,3
2231,331,34,234,122,1177,123,177,182,1124,cache_la_poudre,10,3
2231,333,36,182,101,934,115,169,179,474,cache_la_poudre,10,3
2231,343,21,30,-2,408,173,204,166,1068,cache_la_poudre,10,3
2232,13,32,301,209,458,171,157,107,309,cache_la_poudre,10,3
2232,78,30,323,34,713,242,170,36,721,cache_la_poudre,6,3
2232,246,8,309,165,534,205,246,179,247,cache_la_poudre,2,3
2232,286,27,270,148,1249,136,227,226,595,cache_la_poudre,1,3
2232,291,31,212,156,1405,121,218,230,940,cache_la_poudre,10,3
2232,294,27,384,129,531,133,221,222,451,cache_la_poudre,10,3
2232,313,32,108,52,1142,121,198,208,467,cache_la_poudre,10,3
2232,323,22,124,35,1123,159,212,190,382,cache_la_poudre,10,3
2232,325,26,42,17,366,146,201,189,1249,cache_la_poudre,10,3
2232,333,19,30,12,870,173,212,176,313,cache_la_poudre,10,3
2232,346,35,90,35,1544,132,162,154,942,cache_la_poudre,10,3
2232,349,23,134,-33,819,171,195,158,384,cache_la_poudre,10,3
2232,357,31,60,35,1140,156,168,138,607,cache_la_poudre,10,3
2233,23,22,150,43,1045,202,188,115,283,cache_la_poudre,10,3
2233,40,36,404,268,446,198,139,50,309,cache_la_poudre,10,3
2233,212,29,90,46,997,182,252,190,553,cache_la_poudre,1,3
2233,229,35,541,-96,595,146,246,216,890,cache_la_poudre,1,3
2233,267,32,323,95,630,124,234,239,1608,cache_la_poudre,10,3
2234,123,31,228,49,713,254,199,47,730,cache_la_poudre,6,3
2234,299,29,120,76,604,129,215,221,1527,cache_la_poudre,10,3
2234,326,23,212,62,1176,156,207,187,1116,cache_la_poudre,10,3
2235,31,32,297,84,514,193,154,77,1663,cache_la_poudre,10,3
2235,38,32,42,0,1433,201,152,65,808,cache_la_poudre,10,3
2235,240,29,564,-94,680,153,249,222,912,cache_la_poudre,1,3
2235,272,32,335,97,600,119,230,240,1638,cache_la_poudre,10,3
2235,288,28,190,69,875,132,224,227,458,cache_la_poudre,1,3
2235,303,34,108,60,1154,108,201,222,509,cache_la_poudre,10,3
2235,310,22,335,61,511,153,218,202,361,cache_la_poudre,6,3
2235,317,32,192,79,1132,120,194,205,780,cache_la_poudre,10,3
2235,324,30,134,77,1140,132,193,193,703,cache_la_poudre,10,3
2236,31,26,0,0,1415,203,173,93,830,cache_la_poudre,10,3
2236,77,13,30,-5,721,236,216,108,457,cache_la_poudre,10,3
2236,90,13,335,100,1276,239,219,109,711,cache_la_poudre,10,3
2236,105,17,30,9,806,247,216,91,400,cache_la_poudre,14,3
2236,295,27,218,168,446,134,221,222,379,cache_la_poudre,2,3
2236,345,30,30,20,376,146,177,159,1182,cache_la_poudre,10,3
2237,21,25,0,0,1299,195,178,109,663,cache_la_poudre,10,3
2237,27,33,153,107,1134,186,148,78,1541,cache_la_poudre,10,3
2237,123,32,95,39,934,254,198,46,912,cache_la_poudre,6,3
2237,237,35,127,61,691,136,243,227,722,cache_la_poudre,10,3
2237,319,25,127,74,618,147,208,197,1570,cache_la_poudre,10,3
2238,2,36,30,21,1170,146,147,120,408,cache_la_poudre,10,3
2238,10,33,272,190,443,166,155,110,335,cache_la_poudre,10,3
2238,298,21,234,54,1050,157,228,209,1266,cache_la_poudre,10,3
2239,16,7,0,0,870,214,226,148,421,cache_la_poudre,10,3
2239,47,39,192,82,924,202,129,0,1523,cache_la_poudre,10,3
2239,81,28,268,177,150,244,179,46,295,cache_la_poudre,2,3
2239,228,20,30,9,1113,186,254,199,524,cache_la_poudre,1,3
2239,288,24,362,148,499,148,230,219,342,cache_la_poudre,10,3
2239,308,32,175,97,666,118,202,215,516,cache_la_poudre,10,3
2239,315,27,67,25,865,140,207,202,258,cache_la_poudre,10,3
2239,321,23,67,19,636,156,211,192,1740,cache_la_poudre,10,3
2239,333,39,67,32,390,106,161,178,433,cache_la_poudre,10,3
2239,343,15,424,88,420,189,217,165,1681,cache_la_poudre,10,3
2239,355,30,60,42,1144,156,172,143,642,cache_la_poudre,10,3
2240,0,20,95,-25,853,186,198,146,382,cache_la_poudre,10,3
2240,3,34,466,83,618,155,156,123,752,cache_la_poudre,10,3
2240,15,20,60,15,541,198,195,129,1818,cache_la_poudre,10,3
2240,34,24,210,85,1544,209,180,96,150,cache_la_poudre,10,3
2240,83,18,42,13,785,242,206,86,408,cache_la_poudre,14,3
2240,112,19,234,43,153,249,216,87,277,cache_la_poudre,2,3
2240,298,29,124,83,577,127,216,222,1506,cache_la_poudre,10,3
2240,316,32,134,133,323,121,195,205,541,cache_la_poudre,10,3
2240,326,32,182,90,1142,126,187,191,765,cache_la_poudre,10,3
2240,330,31,150,4,1368,131,185,185,875,cache_la_poudre,10,3
2240,333,34,255,140,1187,125,176,179,1130,cache_la_poudre,10,3
2240,348,19,297,110,582,180,205,161,540,cache_la_poudre,10,3
2241,57,20,371,218,541,230,195,90,228,cache_la_poudre,2,3
2241,331,36,190,116,914,114,170,181,446,cache_la_poudre,10,3
2241,332,29,127,90,1172,139,189,182,1535,cache_la_poudre,10,3
2241,333,27,180,129,741,149,195,179,297,cache_la_poudre,10,3
2241,333,39,95,44,1518,106,161,177,960,cache_la_poudre,10,3
2241,337,19,300,157,1224,174,210,173,618,cache_la_poudre,6,3
2242,12,40,124,81,711,149,127,89,566,cache_la_poudre,10,3
2242,32,33,283,81,760,194,151,72,371,cache_la_poudre,10,3
2242,256,21,201,-32,417,166,247,217,552,cache_la_poudre,10,3
2242,291,43,67,37,1421,69,192,242,1034,cache_la_poudre,10,3
2242,295,30,124,75,1167,121,215,226,552,cache_la_poudre,10,3
2242,299,32,90,41,1201,114,209,225,589,cache_la_poudre,10,3
2242,317,23,210,130,782,154,214,197,300,cache_la_poudre,10,3
2242,341,39,210,104,977,113,154,162,495,cache_la_poudre,10,3
2242,357,35,450,85,684,146,157,133,864,cache_la_poudre,10,3
2243,0,35,454,86,649,147,152,126,808,cache_la_poudre,10,3
2243,18,22,180,53,1064,196,187,120,258,cache_la_poudre,10,3
2243,20,37,150,95,1298,169,138,82,1332,cache_la_poudre,10,3
2243,30,29,277,94,518,198,164,86,1640,cache_la_poudre,10,3
2243,34,25,335,220,499,206,175,92,268,cache_la_poudre,10,3
2243,287,28,134,77,1159,130,224,228,638,cache_la_poudre,10,3
2243,290,27,162,77,904,133,224,225,474,cache_la_poudre,1,3
2243,308,15,324,159,480,177,229,192,488,cache_la_poudre,10,3
2243,308,24,228,163,474,147,217,206,371,cache_la_poudre,2,3
2243,325,29,124,42,1170,136,195,192,569,cache_la_poudre,10,3
2243,328,35,134,99,1168,118,178,188,1521,cache_la_poudre,10,3
2243,356,34,459,86,633,147,160,136,780,cache_la_poudre,10,3
2244,2,25,30,13,1165,177,185,138,543,cache_la_poudre,10,3
2244,6,27,150,104,1153,175,175,127,1537,cache_la_poudre,10,3
2244,22,24,295,108,1279,198,182,111,700,cache_la_poudre,10,3
2244,301,30,295,172,1380,123,211,221,750,cache_la_poudre,10,3
2244,305,17,268,91,1153,171,229,197,691,cache_la_poudre,6,3
2244,308,27,335,203,404,135,211,210,764,cache_la_poudre,10,3
2244,332,37,295,144,540,113,168,180,350,cache_la_poudre,10,3
2244,357,33,201,133,636,150,161,134,242,cache_la_poudre,10,3
2245,4,21,0,0,1325,187,195,140,696,cache_la_poudre,10,3
2245,10,32,509,162,560,169,159,112,618,cache_la_poudre,10,3
2245,256,29,408,107,510,141,243,231,1723,cache_la_poudre,10,3
2245,302,23,446,106,450,150,222,210,1747,cache_la_poudre,10,3
2245,309,23,150,93,591,151,218,204,1549,cache_la_poudre,10,3
2245,325,31,108,38,371,127,189,192,474,cache_la_poudre,10,3
2245,329,22,67,-20,859,160,207,183,404,cache_la_poudre,10,3
2246,4,32,459,89,757,162,162,124,1006,cache_la_poudre,10,3
2246,16,33,339,163,421,174,155,100,594,cache_la_poudre,10,3
2246,109,21,30,8,828,251,211,78,450,cache_la_poudre,14,3
2246,298,18,323,155,510,167,231,203,323,cache_la_poudre,10,3
2246,306,25,285,132,960,143,216,210,1289,cache_la_poudre,10,3
2246,321,26,323,85,750,145,205,195,518,cache_la_poudre,10,3
2246,332,22,255,64,1020,164,207,179,1291,cache_la_poudre,10,3
2246,335,28,85,48,870,145,189,176,277,cache_la_poudre,10,3
2246,340,34,60,25,1200,130,170,165,390,cache_la_poudre,10,3
2246,342,40,150,93,1341,110,148,156,1205,cache_la_poudre,10,3
2247,25,14,228,73,618,212,208,130,469,cache_la_poudre,6,3
2247,38,22,212,67,1532,215,187,98,134,cache_la_poudre,10,3
2247,98,27,42,19,1567,252,191,49,285,cache_la_poudre,3,3
2247,99,34,67,33,1410,252,173,20,708,cache_la_poudre,4,3
2247,296,24,134,70,511,144,224,216,1380,cache_la_poudre,10,3
2247,316,25,85,31,664,145,209,199,1723,cache_la_poudre,10,3
2247,335,16,418,40,390,181,216,173,1664,cache_la_poudre,10,3
2247,341,22,458,105,792,169,202,168,1008,cache_la_poudre,10,3
2247,356,34,497,90,579,148,160,136,671,cache_la_poudre,10,3
2248,12,35,297,173,781,163,148,103,330,cache_la_poudre,10,3
2248,270,27,134,74,722,139,237,231,573,cache_la_poudre,6,3
2248,303,31,95,37,1342,120,208,220,691,cache_la_poudre,10,3
2248,329,26,0,0,891,150,200,184,745,cache_la_poudre,10,3
2248,333,31,120,12,1376,133,183,180,864,cache_la_poudre,10,3
2248,343,26,180,61,1134,157,190,165,319,cache_la_poudre,10,3
2249,24,30,488,165,553,189,161,92,592,cache_la_poudre,10,3
2249,49,20,390,42,390,224,194,96,1639,cache_la_poudre,10,3
2249,57,22,30,14,1513,229,187,81,902,cache_la_poudre,10,3
2249,223,36,525,-80,616,152,246,209,875,cache_la_poudre,1,3
2249,293,25,234,131,573,144,226,219,573,cache_la_poudre,10,3
2249,294,8,301,187,95,197,238,181,391,cache_la_poudre,2,3
2249,342,41,150,105,1188,106,144,156,1471,cache_la_poudre,10,3
2249,346,24,175,114,1050,167,195,162,698,cache_la_poudre,6,3
2249,351,35,42,26,540,139,159,144,579,cache_la_poudre,10,3
2249,355,26,216,152,495,167,183,147,395,cache_la_poudre,2,3
2250,270,26,150,76,703,143,238,229,553,cache_la_poudre,6,3
2250,271,18,30,5,480,168,243,212,1717,cache_la_poudre,4,3
2250,310,17,0,0,362,171,226,194,767,cache_la_poudre,16,3
2250,321,15,42,8,875,181,224,183,430,cache_la_poudre,10,3
2250,346,32,182,138,711,142,172,157,258,cache_la_poudre,10,3
2251,1,31,90,54,1170,159,164,129,633,cache_la_poudre,10,3
2251,2,34,67,46,540,152,154,123,600,cache_la_poudre,10,3
2251,8,22,0,0,1528,189,191,134,994,cache_la_poudre,10,3
2251,14,8,0,0,841,213,224,148,495,cache_la_poudre,10,3
2251,45,9,0,0,488,223,220,132,558,cache_la_poudre,10,3
2251,52,35,134,90,708,214,144,36,666,cache_la_poudre,10,3
2251,107,15,85,12,150,244,221,103,845,cache_la_poudre,3,3
2251,112,24,30,13,1020,252,207,68,966,cache_la_poudre,6,3
2251,243,32,551,-78,700,141,245,228,899,cache_la_poudre,1,3
2251,295,21,30,6,366,155,229,212,824,cache_la_poudre,16,3
2251,350,15,330,116,1218,192,214,159,661,cache_la_poudre,6,3
2252,36,30,319,103,484,202,159,74,1645,cache_la_poudre,10,3
2252,268,16,342,157,480,176,244,206,509,cache_la_poudre,10,3
2252,305,49,85,62,1421,46,159,225,1047,cache_la_poudre,10,3
2252,313,28,85,41,882,135,207,206,234,cache_la_poudre,10,3
2252,331,14,242,163,503,185,221,175,365,cache_la_poudre,2,3
2252,337,17,335,14,531,180,215,172,384,cache_la_poudre,6,3
2252,337,25,255,80,1150,155,196,174,1128,cache_la_poudre,10,3
2252,345,19,297,173,420,179,206,163,553,cache_la_poudre,10,3
2252,347,32,319,165,510,145,172,154,426,cache_la_poudre,10,3
2252,358,18,350,163,510,190,205,150,467,cache_la_poudre,10,3
2252,359,19,242,43,616,187,201,148,467,cache_la_poudre,6,3
2253,34,16,30,2,531,216,204,119,600,cache_la_poudre,10,3
2253,275,27,395,213,446,139,235,229,807,cache_la_poudre,10,3
2253,286,32,285,172,1463,118,220,234,808,cache_la_poudre,10,3
2253,301,32,90,43,834,115,206,223,666,cache_la_poudre,10,3
2253,327,29,42,20,1401,137,194,189,849,cache_la_poudre,10,3
2253,358,36,108,56,1170,143,152,130,604,cache_la_poudre,10,3
2254,107,34,124,54,1690,254,179,23,108,cache_la_poudre,3,3
2254,275,25,361,124,595,145,236,226,514,cache_la_poudre,10,3
2254,297,19,256,186,485,165,231,205,342,cache_la_poudre,2,3
2254,341,37,300,155,571,118,158,162,309,cache_la_poudre,10,3
2254,348,39,240,129,1041,119,146,145,1200,cache_la_poudre,10,3
2254,359,9,30,0,384,206,223,155,446,cache_la_poudre,10,3
2255,4,42,120,58,1557,130,124,104,949,cache_la_poudre,10,3
2255,6,21,277,207,470,188,193,138,323,cache_la_poudre,2,3
2255,13,34,324,94,785,167,151,102,335,cache_la_poudre,10,3
2255,15,23,42,12,658,193,185,122,582,cache_la_poudre,10,3
2255,21,31,272,-10,840,184,160,96,285,cache_la_poudre,10,3
2255,22,32,182,115,1110,182,154,91,1557,cache_la_poudre,10,3
2255,47,10,256,158,532,224,218,128,361,cache_la_poudre,2,3
2255,51,35,268,94,765,213,144,37,379,cache_la_poudre,10,3
2255,110,34,67,26,990,254,182,26,914,cache_la_poudre,6,3
2255,264,19,60,8,484,169,245,214,1771,cache_la_poudre,4,3
2255,307,17,0,0,480,171,227,196,1691,cache_la_poudre,4,3
2255,312,23,182,-36,1266,151,216,202,981,cache_la_poudre,10,3
2255,324,33,190,103,1168,122,186,194,743,cache_la_poudre,10,3
2255,329,36,309,163,540,113,172,185,366,cache_la_poudre,10,3
2255,341,28,150,65,942,151,186,167,1398,cache_la_poudre,10,3
2255,350,41,180,111,1199,116,138,137,1423,cache_la_poudre,10,3
2256,13,24,30,12,1201,190,184,124,511,cache_la_poudre,10,3
2256,90,44,301,-33,633,240,132,0,488,cache_la_poudre,1,3
2256,138,21,153,76,1588,246,228,100,85,cache_la_poudre,3,3
2256,242,35,150,80,708,132,243,230,721,cache_la_poudre,6,3
2256,327,20,240,-35,1194,167,213,184,1060,cache_la_poudre,10,3
2256,338,11,30,1,811,196,225,167,503,cache_la_poudre,10,3
2256,359,19,0,0,864,188,202,149,516,cache_la_poudre,10,3
2257,11,24,384,19,488,186,183,125,350,cache_la_poudre,6,3
2257,45,40,228,125,984,198,125,29,1518,cache_la_poudre,10,3
2257,48,29,382,174,454,216,163,62,595,cache_la_poudre,10,3
2257,292,33,85,41,752,113,214,232,1615,cache_la_poudre,10,3
2257,312,28,295,96,759,133,206,208,547,cache_la_poudre,10,3
2257,315,26,95,48,916,141,208,202,228,cache_la_poudre,10,3
2257,317,15,216,143,537,179,225,186,319,cache_la_poudre,6,3
2257,324,17,60,10,845,176,220,183,437,cache_la_poudre,10,3
2257,328,30,150,85,540,133,189,187,510,cache_la_poudre,2,3
2257,331,26,247,137,1020,152,198,181,1213,cache_la_poudre,10,3
2257,331,28,108,34,589,145,194,182,1806,cache_la_poudre,10,3
2257,337,38,60,40,1200,111,159,170,402,cache_la_poudre,10,3
2257,355,31,85,30,1176,154,169,141,661,cache_la_poudre,10,3
2258,30,19,30,7,511,211,196,116,576,cache_la_poudre,10,3
2258,41,14,90,18,1476,221,208,119,920,cache_la_poudre,1,3
2258,113,16,108,19,170,245,222,101,860,cache_la_poudre,3,3
2258,119,18,127,23,192,248,222,95,793,cache_la_poudre,3,3
2258,282,36,309,173,1489,100,215,242,860,cache_la_poudre,10,3
2258,305,37,150,75,1173,98,193,222,426,cache_la_poudre,10,3
2258,333,37,218,128,937,111,166,179,437,cache_la_poudre,10,3
2258,340,33,60,21,382,131,171,167,1008,cache_la_poudre,10,3
2259,215,24,67,29,1087,189,254,191,503,cache_la_poudre,1,3
2259,227,34,492,-70,552,152,247,213,841,cache_la_poudre,1,3
2259,334,15,30,3,874,185,219,173,450,cache_la_poudre,10,3
2259,341,34,258,134,1110,130,168,164,1180,cache_la_poudre,10,3
2259,347,33,201,147,685,139,168,154,228,cache_la_poudre,10,3
2260,24,28,297,100,488,192,168,99,1621,cache_la_poudre,10,3
2260,47,28,30,24,1376,217,168,69,866,cache_la_poudre,10,3
2260,180,17,30,8,361,224,248,151,433,cache_la_poudre,10,3
2260,284,29,124,50,824,130,227,230,708,cache_la_poudre,10,3
2260,292,33,60,25,1291,113,213,231,677,cache_la_poudre,10,3
2260,303,29,30,22,870,129,212,217,726,cache_la_poudre,10,3
2260,307,18,309,135,551,167,226,198,362,cache_la_poudre,6,3
2260,330,15,42,9,812,182,220,177,474,cache_la_poudre,10,3
2260,344,26,30,12,1371,158,190,164,883,cache_la_poudre,10,3
2260,346,34,256,109,1082,135,164,154,573,cache_la_poudre,10,3
2261,16,15,277,109,649,206,208,137,601,cache_la_poudre,6,3
2261,18,32,247,136,1024,179,157,98,1206,cache_la_poudre,10,3
2261,52,21,228,81,1510,226,191,89,120,cache_la_poudre,10,3
2261,68,38,300,-28,649,228,137,0,469,cache_la_poudre,10,3
2261,319,28,108,51,892,137,201,198,228,cache_la_poudre,10,3
2261,349,17,324,95,1214,187,211,160,703,cache_la_poudre,6,3
2261,353,27,324,165,1222,163,182,150,1150,cache_la_poudre,10,3
2262,32,30,270,150,849,198,161,81,295,cache_la_poudre,10,3
2262,78,24,404,178,484,243,188,61,576,cache_la_poudre,10,3
2262,91,27,85,34,1595,249,186,47,268,cache_la_poudre,3,3
2262,124,19,162,82,1577,248,223,95,67,cache_la_poudre,3,3
2262,209,23,90,46,1055,197,254,183,541,cache_la_poudre,1,3
2262,301,25,366,127,558,142,220,214,408,cache_la_poudre,6,3
2262,308,31,90,52,860,122,204,215,649,cache_la_poudre,10,3
2262,339,37,162,118,1146,118,161,166,1493,cache_la_poudre,10,3
2262,347,29,210,72,1129,153,181,158,277,cache_la_poudre,10,3
2262,354,35,430,105,659,141,157,139,769,cache_la_poudre,10,3
2263,2,17,60,5,404,194,206,146,467,cache_la_poudre,10,3
2263,37,36,30,24,1465,195,140,55,983,cache_la_poudre,10,3
2263,241,10,150,25,390,202,248,184,511,cache_la_poudre,10,3
2263,285,35,175,97,1198,105,215,238,636,cache_la_poudre,10,3
2263,330,16,30,8,781,180,219,177,513,cache_la_poudre,10,3
2263,333,22,124,35,553,163,205,178,1848,cache_la_poudre,10,3
2263,337,11,285,208,497,196,225,168,313,cache_la_poudre,2,3
2263,340,21,228,54,636,172,205,170,488,cache_la_poudre,6,3
2263,354,32,216,152,674,149,165,141,218,cache_la_poudre,10,3
2264,15,36,162,103,752,166,144,94,558,cache_la_poudre,10,3
2264,23,23,30,7,1548,200,185,113,1057,cache_la_poudre,10,3
2264,25,37,330,-25,642,175,135,71,426,cache_la_poudre,10,3
2264,48,33,330,192,573,212,152,51,277,cache_la_poudre,10,3
2264,172,42,150,66,853,208,218,99,875,cache_la_poudre,6,3
2264,309,22,330,191,1477,154,219,203,953,cache_la_poudre,10,3
2264,320,36,124,52,1374,108,182,201,1057,cache_la_poudre,10,3
2264,326,20,0,0,480,168,214,184,1664,cache_la_poudre,4,3
2264,326,32,30,26,474,126,187,191,361,cache_la_poudre,10,3
2264,332,15,339,185,450,184,220,175,552,cache_la_poudre,10,3
2264,333,20,391,175,540,169,209,178,469,cache_la_poudre,10,3
2264,351,28,210,74,1153,160,181,151,300,cache_la_poudre,10,3
2264,351,42,180,108,1338,115,136,136,1187,cache_la_poudre,10,3
2265,2,16,212,102,541,195,207,148,1572,cache_la_poudre,10,3
2265,98,18,150,39,212,247,211,86,767,cache_la_poudre,3,3
2265,301,26,120,55,849,139,219,215,691,cache_la_poudre,10,3
2265,306,21,437,58,360,157,222,204,1673,cache_la_poudre,10,3
2265,323,32,60,36,886,124,189,195,566,cache_la_poudre,10,3
2265,336,43,124,68,1504,94,146,168,984,cache_la_poudre,10,3
2266,0,25,162,100,1045,175,185,140,738,cache_la_poudre,6,3
2266,52,33,150,105,732,216,150,44,642,cache_la_poudre,10,3
2266,131,24,30,10,1366,250,219,83,510,cache_la_poudre,3,3
2266,249,30,162,56,750,141,244,231,750,cache_la_poudre,6,3
2266,282,32,67,28,806,117,223,236,661,cache_la_poudre,10,3
2266,289,27,210,86,883,136,225,224,510,cache_la_poudre,1,3
2266,298,32,95,59,792,117,210,225,1573,cache_la_poudre,10,3
2266,303,26,153,-25,1273,139,217,214,969,cache_la_poudre,10,3
2266,328,17,30,8,750,175,217,180,552,cache_la_poudre,10,3
2266,339,21,342,28,531,170,204,170,391,cache_la_poudre,6,3
2267,3,37,150,85,1400,146,144,115,1103,cache_la_poudre,10,3
2267,10,27,150,70,1620,179,174,121,886,cache_la_poudre,10,3
2267,118,28,42,20,807,254,202,55,511,cache_la_poudre,4,3
2267,245,30,170,91,684,146,247,227,691,cache_la_poudre,6,3
2267,270,25,382,115,616,147,239,227,518,cache_la_poudre,6,3
2268,78,22,268,88,1471,242,195,73,153,cache_la_poudre,3,3
2268,129,34,150,88,1613,252,199,46,30,cache_la_poudre,3,3
2268,130,21,42,10,807,249,223,92,589,cache_la_poudre,4,3
2268,148,35,190,70,800,241,213,69,819,cache_la_poudre,6,3
2268,290,26,277,87,1054,139,226,223,1235,cache_la_poudre,10,3
2268,311,38,150,93,1195,95,185,216,511,cache_la_poudre,10,3
2268,345,39,180,115,1318,117,149,151,1215,cache_la_poudre,10,3
2268,354,30,120,71,1201,156,173,144,674,cache_la_poudre,10,3
2269,59,36,67,53,1260,221,142,24,516,cache_la_poudre,4,3
2269,108,25,42,14,816,253,201,60,547,cache_la_poudre,4,3
2269,244,34,537,-60,721,133,242,232,886,cache_la_poudre,1,3
2269,277,30,365,131,691,125,229,235,1541,cache_la_poudre,10,3
2269,279,25,492,131,454,144,234,226,1776,cache_la_poudre,10,3
2269,306,32,277,-28,469,119,204,217,618,cache_la_poudre,10,3
2269,307,27,150,72,886,136,212,211,1465,cache_la_poudre,10,3
2269,309,21,301,159,960,157,221,202,1277,cache_la_poudre,10,3
2269,319,18,402,188,1262,170,220,189,1177,cache_la_poudre,10,3
2269,321,9,283,59,732,197,231,174,666,cache_la_poudre,6,3
2269,323,23,277,147,990,154,209,191,1243,cache_la_poudre,10,3
2270,11,26,67,27,680,183,179,124,577,cache_la_poudre,10,3
2270,31,39,30,18,1464,180,128,55,1006,cache_la_poudre,10,3
2270,60,19,201,90,1538,231,197,90,90,cache_la_poudre,10,3
2270,93,20,67,32,764,247,206,79,484,cache_la_poudre,4,3
2270,124,17,30,4,722,247,225,100,664,cache_la_poudre,4,3
2270,129,28,228,72,779,252,211,67,794,cache_la_poudre,6,3
2270,218,23,95,39,1061,189,254,193,513,cache_la_poudre,1,3
2270,283,31,60,32,828,119,223,235,684,cache_la_poudre,10,3
2270,291,15,0,0,1110,177,236,199,335,cache_la_poudre,1,3
2270,293,29,331,186,1276,126,219,226,721,cache_la_poudre,6,3
2270,305,34,108,63,300,107,199,221,1282,cache_la_poudre,10,3
2270,312,28,30,22,891,135,207,207,750,cache_la_poudre,10,3
2270,324,35,67,40,382,114,181,194,966,cache_la_poudre,10,3
2270,354,35,270,145,1001,142,158,138,1231,cache_la_poudre,10,3
2271,1,21,366,33,509,185,196,143,376,cache_la_poudre,6,3
2271,7,11,0,0,633,207,218,148,541,cache_la_poudre,10,3
2271,25,27,210,66,1018,195,170,98,190,cache_la_poudre,10,3
2271,28,23,60,35,1366,203,182,105,874,cache_la_poudre,10,3
2271,35,25,446,185,543,209,178,92,541,cache_la_poudre,6,3
2271,53,24,42,17,361,226,182,77,1694,cache_la_poudre,6,3
2271,273,29,379,133,631,132,233,234,1600,cache_la_poudre,10,3
2271,301,19,430,64,330,164,228,203,1657,cache_la_poudre,10,3
2271,308,22,175,112,510,153,220,204,1487,cache_la_poudre,10,3
2271,310,20,95,24,819,162,222,198,418,cache_la_poudre,10,3
2271,323,21,331,195,1450,163,214,188,981,cache_la_poudre,10,3
2271,353,28,90,53,323,161,179,147,1148,cache_la_poudre,10,3
2272,13,25,0,0,1385,187,179,120,755,cache_la_poudre,10,3
2272,51,3,382,193,481,221,232,148,553,cache_la_poudre,6,3
2272,102,15,30,6,1224,244,219,100,659,cache_la_poudre,3,3
2272,122,15,30,6,680,244,227,109,702,cache_la_poudre,4,3
2272,302,24,379,229,467,148,222,211,745,cache_la_poudre,10,3
2272,314,19,258,137,604,165,221,194,391,cache_la_poudre,6,3
2272,330,20,42,13,751,169,212,180,524,cache_la_poudre,10,3
2272,334,28,297,100,1124,146,191,177,1140,cache_la_poudre,10,3
2272,343,28,240,82,1126,154,186,164,234,cache_la_poudre,10,3
2272,349,31,150,75,1200,147,172,153,618,cache_la_poudre,10,3
2272,350,12,268,62,757,198,219,160,696,cache_la_poudre,6,3
2273,9,19,90,11,424,195,199,137,488,cache_la_poudre,10,3
2273,23,24,309,127,1360,198,180,109,793,cache_la_poudre,10,3
2273,93,27,362,35,531,250,189,50,418,cache_la_poudre,6,3
2273,115,21,150,34,212,251,215,82,849,cache_la_poudre,3,3
2273,117,16,42,9,216,245,224,103,323,cache_la_poudre,11,3
2273,162,14,42,11,255,233,243,137,319,cache_la_poudre,10,3
2273,273,23,192,121,661,153,239,222,661,cache_la_poudre,6,3
2273,294,32,60,28,324,114,213,229,834,cache_la_poudre,10,3
2273,298,23,270,107,830,150,225,212,513,cache_la_poudre,10,3
2273,313,29,127,66,918,131,205,207,192,cache_la_poudre,10,3
2273,322,27,301,107,808,141,202,195,532,cache_la_poudre,10,3
2273,340,30,218,161,725,145,183,168,216,cache_la_poudre,10,3
2273,360,28,192,128,1106,166,175,137,1517,cache_la_poudre,10,3
2274,20,21,390,116,1421,200,191,121,886,cache_la_poudre,10,3
2274,21,29,212,123,1087,188,166,101,1530,cache_la_poudre,10,3
2274,168,13,60,12,234,230,245,144,300,cache_la_poudre,10,3
2275,13,25,277,150,994,187,180,121,1236,cache_la_poudre,10,3
2275,27,25,313,124,459,201,179,103,1602,cache_la_poudre,10,3
2275,34,37,175,114,767,187,134,55,576,cache_la_poudre,10,3
2275,43,30,90,60,1230,210,159,64,474,cache_la_poudre,4,3
2275,49,31,170,114,757,216,156,53,618,cache_la_poudre,1,3
2275,73,22,376,37,509,239,194,74,390,cache_la_poudre,6,3
2275,95,45,313,-14,604,242,131,0,531,cache_la_poudre,1,3
2275,123,32,60,18,1050,254,199,47,924,cache_la_poudre,6,3
2275,238,19,85,22,424,182,253,204,524,cache_la_poudre,10,3
2275,271,27,162,65,816,139,236,231,750,cache_la_poudre,6,3
2275,322,25,361,-22,467,149,206,192,703,cache_la_poudre,10,3
2275,336,29,30,15,1343,144,188,175,912,cache_la_poudre,10,3
2275,338,39,180,122,1298,110,156,167,1243,cache_la_poudre,10,3
2275,344,30,192,85,953,146,179,162,1406,cache_la_poudre,10,3
2275,356,33,134,78,1200,148,161,137,631,cache_la_poudre,10,3
2276,19,25,408,134,841,193,179,113,1048,cache_la_poudre,10,3
2276,31,26,210,-14,900,204,175,95,258,cache_la_poudre,10,3
2276,46,36,242,144,1003,206,139,40,1504,cache_la_poudre,10,3
2276,59,34,201,119,918,222,148,32,1482,cache_la_poudre,10,3
2276,300,30,335,207,1396,125,213,221,816,cache_la_poudre,10,3
2276,345,31,319,174,1182,145,176,160,1172,cache_la_poudre,10,3
2276,355,17,124,53,600,190,207,153,573,cache_la_poudre,2,3
2276,356,29,342,175,1194,161,175,142,1179,cache_la_poudre,10,3
2277,13,17,30,9,330,201,202,135,702,cache_la_poudre,16,3
2277,20,23,323,119,1380,197,185,117,819,cache_la_poudre,10,3
2277,105,24,256,79,787,252,202,63,800,cache_la_poudre,6,3
2277,130,29,42,20,1080,252,210,65,932,cache_la_poudre,6,3
2277,214,26,90,42,1060,186,254,191,446,cache_la_poudre,1,3
2277,312,27,503,70,391,136,208,206,1739,cache_la_poudre,10,3
2277,339,18,324,39,552,178,211,170,417,cache_la_poudre,6,3
2277,342,20,417,189,1235,174,205,167,1205,cache_la_poudre,10,3
2277,344,35,319,185,601,132,165,158,283,cache_la_poudre,10,3
2277,357,28,366,181,1207,165,178,142,1187,cache_la_poudre,10,3
2278,27,27,210,80,997,198,171,96,182,cache_la_poudre,10,3
2278,68,30,335,71,395,234,167,44,1590,cache_la_poudre,10,3
2278,137,24,67,20,787,248,223,89,618,cache_la_poudre,4,3
2278,305,39,170,91,1199,87,187,224,450,cache_la_poudre,10,3
2278,309,33,95,69,1392,115,199,215,842,cache_la_poudre,10,3
2278,317,10,60,16,630,193,231,178,592,cache_la_poudre,10,3
2278,322,21,30,14,691,164,215,189,604,cache_la_poudre,10,3
2278,332,39,134,71,1415,106,162,179,1012,cache_la_poudre,10,3
2278,334,13,350,136,900,190,222,171,1072,cache_la_poudre,10,3
2278,345,19,30,8,297,179,206,163,418,cache_la_poudre,10,3
2278,345,28,240,88,1149,153,184,161,258,cache_la_poudre,10,3
2278,359,24,391,185,1221,176,187,143,1195,cache_la_poudre,10,3
2279,8,29,150,93,1041,172,168,121,778,cache_la_poudre,6,3
2279,22,31,60,22,1531,185,159,95,1040,cache_la_poudre,10,3
2279,54,14,95,36,743,228,209,111,514,cache_la_poudre,10,3
2279,79,23,283,99,1461,243,192,68,162,cache_la_poudre,10,3
2279,246,32,446,137,828,138,244,231,949,cache_la_poudre,1,3
2279,303,27,361,206,1463,137,216,215,993,cache_la_poudre,10,3
2279,311,34,258,120,1190,109,194,214,721,cache_la_poudre,10,3
2279,326,28,108,-12,1319,140,196,190,920,cache_la_poudre,10,3
2279,338,24,60,29,1187,161,199,172,390,cache_la_poudre,10,3
2279,342,33,85,51,361,135,172,164,990,cache_la_poudre,10,3
2279,345,37,134,47,1381,123,155,154,1031,cache_la_poudre,10,3
2279,356,21,391,72,270,181,196,149,1600,cache_la_poudre,10,3
2280,14,13,350,42,531,207,213,141,402,cache_la_poudre,6,3
2280,32,28,30,22,1388,201,167,87,752,cache_la_poudre,10,3
2280,52,8,362,57,789,225,222,131,458,cache_la_poudre,2,3
2280,63,24,216,100,1528,233,183,70,95,cache_la_poudre,10,3
2280,64,9,323,57,755,229,221,125,470,cache_la_poudre,2,3
2280,137,32,42,25,1433,249,210,62,443,cache_la_poudre,3,3
2280,251,23,361,104,680,163,248,219,582,cache_la_poudre,6,3
2280,269,22,42,10,1072,159,242,219,313,cache_la_poudre,1,3
2280,291,40,127,64,1358,82,199,240,1091,cache_la_poudre,10,3
2280,302,17,0,0,1129,171,230,199,301,cache_la_poudre,1,3
2280,332,22,30,16,510,164,207,179,1652,cache_la_poudre,5,3
2280,347,13,0,0,534,194,218,162,1682,cache_la_poudre,4,3
2280,352,40,182,136,1146,122,141,135,1454,cache_la_poudre,10,3
2280,353,12,335,70,834,199,218,157,742,cache_la_poudre,6,3
2281,0,32,258,128,1146,156,162,130,631,cache_la_poudre,10,3
2281,9,27,30,16,390,179,175,124,646,cache_la_poudre,10,3
2281,34,9,216,105,722,219,221,137,691,cache_la_poudre,6,3
2281,49,31,30,8,1537,216,156,53,666,cache_la_poudre,3,3
2281,249,12,335,71,768,194,249,193,677,cache_la_poudre,6,3
2281,314,18,30,8,420,168,223,193,1557,cache_la_poudre,4,3
2281,316,24,30,21,902,148,211,199,738,cache_la_poudre,10,3
2281,348,15,256,71,782,190,214,161,726,cache_la_poudre,6,3
2281,348,19,426,186,600,180,205,161,408,cache_la_poudre,6,3
2282,7,35,408,125,671,158,150,112,731,cache_la_poudre,10,3
2282,117,28,67,35,782,254,200,53,541,cache_la_poudre,4,3
2282,247,33,458,144,514,134,243,232,1717,cache_la_poudre,10,3
2282,278,23,424,112,616,151,236,222,495,cache_la_poudre,6,3
2282,297,26,228,83,1224,139,222,218,376,cache_la_poudre,10,3
2282,344,21,201,121,765,173,202,164,633,cache_la_poudre,10,3
2282,351,31,242,170,702,149,170,148,190,cache_la_poudre,10,3
2283,0,33,458,126,626,154,160,129,618,cache_la_poudre,10,3
2283,14,31,400,126,808,174,159,106,990,cache_la_poudre,10,3
2283,43,9,283,60,722,222,220,133,485,cache_la_poudre,2,3
2283,69,6,242,60,691,226,228,136,503,cache_la_poudre,2,3
2283,114,33,150,67,1651,254,188,0,234,cache_la_poudre,3,3
2283,115,26,67,28,792,254,204,60,577,cache_la_poudre,4,3
2283,130,27,218,85,808,252,212,69,824,cache_la_poudre,6,3
2283,238,8,150,21,234,207,247,178,323,cache_la_poudre,10,3
2283,265,24,382,107,658,152,242,225,553,cache_la_poudre,6,3
2283,301,36,134,51,1350,99,199,227,1054,cache_la_poudre,10,3
2283,304,23,272,103,837,151,221,208,541,cache_la_poudre,10,3
2283,338,17,30,3,636,181,214,171,685,cache_la_poudre,10,3
2284,7,23,0,0,1304,186,189,134,947,cache_la_poudre,10,3
2284,15,23,95,41,703,193,185,122,573,cache_la_poudre,10,3
2284,25,26,469,189,573,197,175,103,525,cache_la_poudre,6,3
2284,32,41,42,32,1443,177,121,47,1012,cache_la_poudre,10,3
2284,44,23,95,45,277,218,182,87,1689,cache_la_poudre,6,3
2284,70,6,216,56,690,226,229,137,532,cache_la_poudre,2,3
2284,90,21,124,70,1410,246,203,76,674,cache_la_poudre,2,3
2284,94,24,192,104,1556,249,197,63,67,cache_la_poudre,3,3
2284,147,37,162,86,972,241,208,62,850,cache_la_poudre,6,3
2284,269,28,391,146,722,139,237,232,1507,cache_la_poudre,1,3
2284,337,6,85,28,630,207,231,164,618,cache_la_poudre,2,3
2285,5,19,108,25,417,192,199,140,492,cache_la_poudre,10,3
2285,7,20,120,41,1276,193,197,138,484,cache_la_poudre,10,3
2285,15,25,90,71,1230,189,180,119,458,cache_la_poudre,10,3
2285,21,25,192,80,976,195,178,109,180,cache_la_poudre,10,3
2285,53,33,67,38,1471,218,150,41,1112,cache_la_poudre,10,3
2285,100,30,85,38,1528,252,185,38,350,cache_la_poudre,3,3
2285,110,20,192,50,255,250,213,81,799,cache_la_poudre,3,3
2285,155,17,446,10,964,238,239,126,594,cache_la_poudre,2,3
2285,169,17,124,33,361,230,245,139,474,cache_la_poudre,4,3
2285,173,25,30,12,1531,226,243,133,618,cache_la_poudre,3,3
2285,188,21,90,31,1025,216,250,157,362,cache_la_poudre,1,3
2285,278,29,408,147,633,131,230,232,1597,cache_la_poudre,10,3
2285,286,6,216,75,787,203,240,176,752,cache_la_poudre,6,3
2285,294,33,90,50,1320,112,212,230,713,cache_la_poudre,10,3
2285,328,23,60,19,480,159,207,184,1611,cache_la_poudre,5,3
2285,329,33,60,37,1342,123,181,186,908,cache_la_poudre,10,3
2285,332,18,285,83,1209,175,214,177,787,cache_la_poudre,6,3
2285,335,31,319,176,1142,136,183,177,1194,cache_la_poudre,10,3
2285,358,21,258,47,616,183,196,147,474,cache_la_poudre,6,3
2286,6,33,391,129,716,159,155,117,816,cache_la_poudre,10,3
2286,44,16,124,73,1350,222,202,110,607,cache_la_poudre,2,3
2286,113,9,240,24,150,236,231,126,272,cache_la_poudre,10,3
2286,131,22,67,20,726,250,221,87,684,cache_la_poudre,4,3
2286,282,30,95,48,785,126,226,233,642,cache_la_poudre,10,3
2286,303,32,255,-26,492,116,206,222,600,cache_la_poudre,10,3
2286,305,28,150,-11,497,133,213,214,492,cache_la_poudre,10,3
2286,331,24,443,199,600,157,203,181,433,cache_la_poudre,6,3
2286,338,22,0,0,1413,168,204,172,789,cache_la_poudre,10,3
2286,340,33,300,161,1092,134,174,167,1213,cache_la_poudre,10,3
2286,352,5,134,69,1350,211,231,158,592,cache_la_poudre,2,3
2287,6,12,30,0,242,205,217,148,443,cache_la_poudre,10,3
2287,12,31,150,90,1230,173,163,112,685,cache_la_poudre,10,3
2287,15,25,362,129,1442,190,181,120,899,cache_la_poudre,10,3
2287,16,38,331,-2,661,160,135,87,408,cache_la_poudre,10,3
2287,25,28,270,82,1103,194,169,98,170,cache_la_poudre,10,3
2287,32,29,42,22,420,200,163,83,618,cache_la_poudre,10,3
2287,36,25,190,-3,930,209,176,90,234,cache_la_poudre,10,3
2287,79,14,30,6,201,237,215,106,420,cache_la_poudre,11,3
2287,107,18,323,49,573,247,217,91,457,cache_la_poudre,6,3
2287,108,15,108,25,162,245,221,101,256,cache_la_poudre,11,3
2287,299,20,30,7,516,159,227,207,1698,cache_la_poudre,4,3
2287,303,28,495,80,361,133,214,216,1724,cache_la_poudre,10,3
2287,328,34,127,68,283,121,181,188,1224,cache_la_poudre,10,3
2287,338,27,108,53,319,152,191,172,1040,cache_la_poudre,10,3
2287,338,29,218,-4,1142,144,185,172,1103,cache_la_poudre,10,3
2287,341,27,270,97,1146,152,188,167,216,cache_la_poudre,10,3
2288,2,28,324,102,932,170,175,133,1355,cache_la_poudre,10,3
2288,19,14,417,188,630,209,210,136,342,cache_la_poudre,6,3
2288,28,34,67,31,1507,187,148,76,1065,cache_la_poudre,10,3
2288,33,30,300,-13,870,200,161,80,242,cache_la_poudre,10,3
2288,131,24,85,30,787,250,218,81,612,cache_la_poudre,4,3
2288,165,14,108,26,192,232,244,140,255,cache_la_poudre,11,3
2288,165,32,30,8,1561,229,231,108,644,cache_la_poudre,3,3
2288,311,5,0,0,277,207,236,168,511,cache_la_poudre,10,3
2288,317,12,242,78,807,189,230,181,755,cache_la_poudre,6,3
2288,324,20,0,0,633,167,215,187,659,cache_la_poudre,10,3
2288,337,29,162,53,1230,145,188,174,646,cache_la_poudre,10,3
2288,343,24,362,199,600,164,196,166,319,cache_la_poudre,10,3
2288,356,23,170,85,955,175,191,148,182,cache_la_poudre,10,3
2289,8,21,108,38,509,190,192,134,573,cache_la_poudre,10,3
2289,11,32,395,132,793,168,157,110,960,cache_la_poudre,10,3
2289,30,39,67,45,1476,178,129,58,1132,cache_la_poudre,10,3
2289,61,10,150,76,1380,228,220,124,633,cache_la_poudre,2,3
2289,104,14,180,27,170,243,221,105,256,cache_la_poudre,11,3
2289,109,21,247,91,816,251,210,77,830,cache_la_poudre,6,3
2289,175,23,242,68,309,226,245,139,666,cache_la_poudre,3,3
2289,325,41,134,46,1341,92,162,191,1099,cache_la_poudre,10,3
2289,335,22,120,45,1265,164,204,176,454,cache_la_poudre,10,3
2290,4,6,162,34,690,212,228,154,589,cache_la_poudre,2,3
2290,8,19,127,39,484,195,199,137,553,cache_la_poudre,10,3
2290,51,24,295,164,890,224,182,80,313,cache_la_poudre,10,3
2290,67,16,108,48,745,234,206,99,541,cache_la_poudre,10,3
2290,76,15,30,9,216,237,211,101,450,cache_la_poudre,11,3
2290,107,30,108,50,1556,254,189,40,324,cache_la_poudre,3,3
2290,131,30,67,33,1080,252,208,60,907,cache_la_poudre,6,3
2290,159,10,30,0,134,231,242,142,404,cache_la_poudre,11,3
2290,268,14,180,28,234,184,245,199,342,cache_la_poudre,10,3
2290,285,25,351,212,1422,142,230,224,865,cache_la_poudre,10,3
2290,291,26,212,88,1124,137,225,223,799,cache_la_poudre,6,3
2290,294,23,301,178,819,149,227,216,175,cache_la_poudre,10,3
2290,300,22,382,120,618,154,226,209,474,cache_la_poudre,6,3
2290,315,18,0,0,914,170,223,192,725,cache_la_poudre,10,3
2290,321,36,216,132,1221,108,180,199,700,cache_la_poudre,10,3
2290,349,30,150,63,1233,151,176,154,691,cache_la_poudre,10,3
2291,9,37,90,65,997,155,142,104,847,cache_la_poudre,10,3
2291,13,31,67,34,1539,175,162,110,999,cache_la_poudre,10,3
2291,44,35,268,159,979,204,142,47,1477,cache_la_poudre,10,3
2291,68,12,30,14,1129,232,216,114,752,cache_la_poudre,5,3
2291,103,15,210,29,150,244,220,101,247,cache_la_poudre,11,3
2291,106,23,60,19,1179,251,206,71,716,cache_la_poudre,3,3
2291,128,23,67,28,1082,251,218,82,927,cache_la_poudre,6,3
2291,267,22,85,21,1034,158,243,220,295,cache_la_poudre,1,3
2291,275,20,30,11,1121,164,241,214,272,cache_la_poudre,1,3
2291,288,23,190,81,834,150,231,218,774,cache_la_poudre,6,3
2291,318,26,256,99,1242,143,206,199,362,cache_la_poudre,10,3
2291,319,29,153,0,1187,133,199,199,1053,cache_la_poudre,10,3
2291,353,22,323,81,858,178,197,154,771,cache_la_poudre,6,3
2292,24,33,60,40,1465,182,151,85,1057,cache_la_poudre,10,3
2292,78,15,150,78,1440,238,211,100,685,cache_la_poudre,2,3
2292,84,20,277,94,825,244,201,78,837,cache_la_poudre,6,3
2292,100,19,150,78,1470,248,210,83,711,cache_la_poudre,2,3
2292,137,28,30,12,1605,249,216,74,685,cache_la_poudre,3,3
2292,158,23,258,66,324,237,236,116,684,cache_la_poudre,3,3
2292,207,15,120,30,300,208,253,176,390,cache_la_poudre,10,3
2292,228,11,283,29,870,204,250,183,741,cache_la_poudre,6,3
2292,316,27,258,131,808,139,205,201,612,cache_la_poudre,10,3
2292,334,26,85,16,1215,153,196,177,391,cache_la_poudre,10,3
2292,339,22,108,37,726,166,202,171,484,cache_la_poudre,10,3
2293,22,17,30,9,953,207,201,126,741,cache_la_poudre,10,3
2293,33,40,60,41,1442,180,123,47,1036,cache_la_poudre,10,3
2293,95,48,272,3,659,238,121,0,511,cache_la_poudre,1,3
2293,105,15,240,31,134,244,220,100,242,cache_la_poudre,11,3
2293,327,22,85,32,691,160,208,185,551,cache_la_poudre,10,3
2293,336,31,319,177,1103,137,182,175,1218,cache_la_poudre,10,3
2293,337,17,42,9,531,181,215,171,819,cache_la_poudre,10,3
2293,355,29,361,191,1167,161,176,144,1208,cache_la_poudre,10,3
2294,0,36,120,68,1018,146,150,124,845,cache_la_poudre,10,3
2294,6,26,108,50,1248,178,180,130,571,cache_la_poudre,10,3
2294,113,32,108,65,1050,254,189,36,876,cache_la_poudre,6,3
2294,122,33,162,78,1679,254,194,40,212,cache_la_poudre,3,3
2294,126,13,300,32,108,241,231,116,272,cache_la_poudre,10,3
2294,295,15,323,152,937,176,235,198,1055,cache_la_poudre,1,3
2294,300,26,124,39,573,139,219,216,1812,cache_la_poudre,4,3
2294,312,32,180,97,899,118,198,211,1473,cache_la_poudre,10,3
2294,338,21,170,92,1062,170,205,171,793,cache_la_poudre,6,3
2295,2,28,384,194,1181,169,175,133,1216,cache_la_poudre,10,3
2295,81,12,60,23,1121,236,219,112,767,cache_la_poudre,5,3
2295,110,23,192,44,258,252,208,71,882,cache_la_poudre,3,3
2295,114,22,42,15,600,252,211,76,797,cache_la_poudre,4,3
2295,136,24,95,29,750,249,222,86,677,cache_la_poudre,4,3
2295,294,33,120,60,1290,110,211,231,693,cache_la_poudre,10,3
2295,313,10,268,69,1209,194,233,179,830,cache_la_poudre,6,3
2295,328,34,90,59,1337,121,181,188,904,cache_la_poudre,10,3
2295,329,25,458,207,1224,153,202,184,1226,cache_la_poudre,10,3
2295,339,23,313,32,876,165,201,171,779,cache_la_poudre,6,3
2295,354,37,153,97,1425,134,150,136,990,cache_la_poudre,10,3
2296,4,21,108,7,967,188,195,140,283,cache_la_poudre,10,3
2296,15,32,309,26,849,174,157,104,285,cache_la_poudre,10,3
2296,29,29,258,152,1041,197,164,88,1476,cache_la_poudre,10,3
2296,57,20,218,60,1332,229,193,88,969,cache_la_poudre,1,3
2296,98,16,124,32,134,244,216,96,247,cache_la_poudre,11,3
2296,107,19,362,162,983,249,213,85,330,cache_la_poudre,6,3
2296,123,25,95,41,768,252,212,71,607,cache_la_poudre,4,3
2296,153,16,134,34,175,237,239,127,234,cache_la_poudre,11,3
2296,279,9,242,33,912,196,241,184,780,cache_la_poudre,6,3
2296,296,23,218,70,1146,148,226,215,816,cache_la_poudre,6,3
2296,325,22,67,17,319,162,211,186,466,cache_la_poudre,10,3
2296,328,26,170,90,957,147,199,186,162,cache_la_poudre,10,3
2296,357,22,108,32,384,180,194,148,484,cache_la_poudre,10,3
2297,51,15,30,7,1063,226,207,110,819,cache_la_poudre,5,3
2297,102,33,127,57,1584,253,178,25,300,cache_la_poudre,3,3
2297,110,22,190,30,256,251,211,77,949,cache_la_poudre,3,3
2297,113,26,95,50,757,253,203,61,571,cache_la_poudre,4,3
2297,213,16,134,37,977,204,253,181,324,cache_la_poudre,1,3
2297,250,23,67,27,570,163,249,219,1760,cache_la_poudre,4,3
2297,317,22,175,59,700,156,214,195,558,cache_la_poudre,6,3
2297,328,15,30,9,488,183,222,178,860,cache_la_poudre,10,3
2297,332,14,277,73,981,187,222,174,218,cache_la_poudre,10,3
2297,337,35,190,142,1260,123,168,171,1300,cache_la_poudre,10,3
2297,344,18,67,13,553,182,210,165,793,cache_la_poudre,10,3
2298,9,11,192,33,750,208,219,147,607,cache_la_poudre,2,3
2298,23,20,323,140,1443,204,194,120,886,cache_la_poudre,10,3
2298,70,22,30,17,1321,238,192,75,845,cache_la_poudre,3,3
2298,90,25,212,118,1546,248,190,55,85,cache_la_poudre,10,3
2298,148,15,382,20,930,239,238,124,618,cache_la_poudre,2,3
2298,149,23,277,72,342,243,231,104,703,cache_la_poudre,3,3
2298,224,26,67,22,566,176,253,203,1749,cache_la_poudre,4,3
2298,319,18,67,25,450,170,220,189,1544,cache_la_poudre,5,3
2298,342,28,268,186,731,150,185,166,162,cache_la_poudre,10,3
2299,2,31,255,109,930,161,165,128,1399,cache_la_poudre,10,3
2299,8,20,408,136,1410,193,196,135,981,cache_la_poudre,10,3
2299,15,17,426,116,1392,202,201,133,1008,cache_la_poudre,10,3
2299,47,11,258,37,780,224,216,125,564,cache_la_poudre,2,3
2299,62,27,277,119,1480,230,173,57,150,cache_la_poudre,10,3
2299,129,26,30,12,1385,251,215,75,819,cache_la_poudre,3,3
2299,263,15,180,37,255,181,246,203,371,cache_la_poudre,10,3
2299,263,17,270,37,192,177,246,207,360,cache_la_poudre,10,3
2299,285,20,124,61,764,161,236,213,624,cache_la_poudre,6,3
2299,307,26,342,-13,531,141,215,210,691,cache_la_poudre,10,3
2299,314,33,192,124,1235,115,194,209,516,cache_la_poudre,10,3
2299,332,34,175,78,671,122,176,181,1781,cache_la_poudre,10,3
2299,339,22,323,156,1106,166,202,171,540,cache_la_poudre,10,3
2299,354,17,60,7,576,190,209,155,767,cache_la_poudre,10,3
2299,355,20,474,210,601,183,200,151,484,cache_la_poudre,6,3
2299,359,27,60,11,258,170,181,140,430,cache_la_poudre,10,3
2300,21,25,30,14,1410,195,178,109,815,cache_la_poudre,10,3
2300,26,26,371,143,834,198,174,100,983,cache_la_poudre,10,3
2300,58,36,42,27,1567,219,142,26,691,cache_la_poudre,3,3
2300,94,36,30,28,1574,249,163,10,726,cache_la_poudre,3,3
2300,143,25,30,13,1423,246,225,90,794,cache_la_poudre,3,3
2300,156,19,210,102,866,238,238,121,883,cache_la_poudre,6,3
2300,161,14,190,46,342,233,243,137,488,cache_la_poudre,4,3
2300,231,15,366,37,785,195,253,193,664,cache_la_poudre,6,3
2300,273,20,67,2,532,164,241,215,408,cache_la_poudre,1,3
2300,290,39,124,110,1379,85,201,240,1087,cache_la_poudre,10,3
2300,325,10,258,40,1194,196,230,173,872,cache_la_poudre,6,3
2300,336,43,210,156,1158,91,143,168,1405,cache_la_poudre,10,3
2300,342,25,134,66,283,162,195,167,1091,cache_la_poudre,10,3
2300,345,31,256,8,1106,144,175,159,1142,cache_la_poudre,10,3
2301,7,31,242,157,1165,166,162,120,1357,cache_la_poudre,10,3
2301,12,18,170,50,474,198,200,135,558,cache_la_poudre,10,3
2301,26,22,283,94,408,203,186,110,1542,cache_la_poudre,10,3
2301,35,20,150,57,1316,213,192,107,518,cache_la_poudre,10,3
2301,36,22,124,57,1283,212,185,99,543,cache_la_poudre,10,3
2301,58,11,391,77,1050,228,218,122,365,cache_la_poudre,6,3
2301,93,20,90,29,1142,247,206,79,757,cache_la_poudre,3,3
2301,101,18,212,39,127,247,214,89,218,cache_la_poudre,11,3
2301,122,16,300,39,85,246,226,103,242,cache_la_poudre,11,3
2301,252,8,216,38,933,202,246,182,792,cache_la_poudre,6,3
2301,263,15,330,39,162,183,246,202,365,cache_la_poudre,10,3
2301,347,19,285,38,895,180,206,162,787,cache_la_poudre,6,3
2301,349,19,450,82,660,183,206,159,376,cache_la_poudre,6,3
2301,349,24,30,11,1187,167,191,157,301,cache_la_poudre,10,3
2302,16,12,228,64,658,209,214,140,525,cache_la_poudre,6,3
2302,31,19,42,8,966,211,194,112,731,cache_la_poudre,6,3
2302,61,35,272,12,636,224,146,26,552,cache_la_poudre,6,3
2302,174,25,256,84,335,225,243,134,642,cache_la_poudre,3,3
2302,193,13,150,40,297,218,250,163,408,cache_la_poudre,4,3
2302,239,17,384,39,764,186,252,201,636,cache_la_poudre,6,3
2302,260,13,360,40,150,187,247,198,371,cache_la_poudre,10,3
2302,280,15,228,76,1167,178,241,202,834,cache_la_poudre,6,3
2302,289,29,335,-84,1001,129,223,228,1261,cache_la_poudre,10,3
2302,291,22,120,64,785,154,231,215,649,cache_la_poudre,10,3
2302,303,20,60,20,324,162,227,204,518,cache_la_poudre,10,3
2302,309,31,124,10,1195,121,202,213,1044,cache_la_poudre,10,3
2302,327,8,201,39,955,200,231,170,819,cache_la_poudre,6,3
2302,330,17,60,15,511,177,217,178,834,cache_la_poudre,10,3
2302,335,22,85,26,339,166,206,175,474,cache_la_poudre,10,3
2302,336,31,277,164,984,136,181,174,424,cache_la_poudre,10,3
2302,337,15,30,4,150,186,218,171,300,cache_la_poudre,10,3
2302,350,25,42,12,1195,165,188,155,331,cache_la_poudre,10,3
2303,13,22,488,146,636,193,190,128,524,cache_la_poudre,6,3
2303,124,7,382,32,902,233,235,135,576,cache_la_poudre,2,3
2303,132,21,42,19,1461,248,225,95,771,cache_la_poudre,3,3
2303,141,29,60,23,1577,248,218,78,713,cache_la_poudre,3,3
2303,152,15,108,24,127,237,239,129,331,cache_la_poudre,11,3
2303,169,8,228,49,350,226,244,151,514,cache_la_poudre,4,3
2303,293,35,120,17,1320,103,208,234,721,cache_la_poudre,10,3
2303,298,32,67,17,1380,117,211,226,771,cache_la_poudre,10,3
2303,321,28,162,11,1158,139,201,195,1082,cache_la_poudre,10,3
2303,354,25,450,207,1183,170,188,149,1262,cache_la_poudre,10,3
2304,13,30,180,107,1260,176,163,110,711,cache_la_poudre,10,3
2304,17,9,467,121,1357,213,222,145,1064,cache_la_poudre,6,3
2304,20,19,350,141,1423,203,195,124,939,cache_la_poudre,10,3
2304,79,12,90,23,150,236,218,112,424,cache_la_poudre,11,3
2304,110,39,201,104,1616,252,168,0,124,cache_la_poudre,3,3
2304,125,17,85,29,649,246,225,101,779,cache_la_poudre,4,3
2304,126,20,30,8,85,249,222,92,319,cache_la_poudre,11,3
2304,131,20,60,32,1533,248,225,97,633,cache_la_poudre,3,3
2304,200,21,182,90,977,207,253,172,551,cache_la_poudre,6,3
2304,210,14,342,41,806,208,253,177,674,cache_la_poudre,6,3
2304,264,15,212,51,391,181,246,204,547,cache_la_poudre,10,3
2304,318,21,170,74,940,162,217,193,247,cache_la_poudre,10,3
2304,319,9,0,0,469,196,232,175,1565,cache_la_poudre,4,3
2304,325,33,150,88,256,120,183,192,1209,cache_la_poudre,10,3
2304,331,11,242,80,959,195,227,171,162,cache_la_poudre,6,3
2304,332,30,285,117,1260,138,187,181,351,cache_la_poudre,10,3
2304,352,29,371,147,711,156,176,149,750,cache_la_poudre,10,3
2304,358,29,201,147,1242,163,174,139,1328,cache_la_poudre,10,3
2305,3,29,342,112,902,168,171,129,1382,cache_la_poudre,10,3
2305,41,15,60,18,1253,221,207,118,902,cache_la_poudre,17,3
2305,66,12,42,16,1006,232,215,114,323,cache_la_poudre,6,3
2305,130,29,85,43,1339,252,210,65,558,cache_la_poudre,3,3
2305,136,24,108,39,732,249,221,86,706,cache_la_poudre,4,3
2305,137,17,30,6,964,244,232,111,900,cache_la_poudre,3,3
2305,300,25,192,98,417,143,221,214,1452,cache_la_poudre,10,3
2305,314,20,85,26,335,162,220,196,495,cache_la_poudre,10,3
2305,344,31,228,13,1113,144,176,160,1131,cache_la_poudre,10,3
2305,350,19,42,9,170,181,204,158,324,cache_la_poudre,10,3
2306,11,33,210,145,769,165,154,109,458,cache_la_poudre,10,3
2306,13,17,488,87,633,202,204,136,497,cache_la_poudre,6,3
2306,15,15,350,82,1061,206,209,138,342,cache_la_poudre,10,3
2306,25,30,319,10,872,191,162,92,242,cache_la_poudre,10,3
2306,122,34,175,99,1695,253,190,33,192,cache_la_poudre,3,3
2306,212,16,319,43,828,205,253,180,685,cache_la_poudre,6,3
2306,224,25,175,75,979,178,254,202,484,cache_la_poudre,6,3
2306,307,14,0,0,467,180,231,191,1606,cache_la_poudre,4,3
2306,311,32,134,97,1358,117,198,212,871,cache_la_poudre,10,3
2306,341,31,60,18,309,140,176,165,485,cache_la_poudre,10,3
2307,6,34,210,146,780,159,154,115,474,cache_la_poudre,10,3
2307,16,27,365,150,819,185,172,112,953,cache_la_poudre,10,3
2307,22,27,255,104,1040,191,170,103,124,cache_la_poudre,10,3
2307,115,29,212,119,1566,254,197,47,95,cache_la_poudre,3,3
2307,136,15,127,26,108,242,233,117,335,cache_la_poudre,11,3
2307,138,18,192,45,85,244,231,108,162,cache_la_poudre,11,3
2307,145,10,256,49,335,234,239,136,511,cache_la_poudre,4,3
2307,146,25,0,0,1080,245,227,95,1027,cache_la_poudre,3,3
2307,148,14,108,50,1041,238,238,126,875,cache_la_poudre,6,3
2307,214,23,190,91,967,192,254,189,525,cache_la_poudre,6,3
2307,214,25,150,72,993,188,254,190,443,cache_la_poudre,1,3
2307,236,7,268,53,342,208,247,176,541,cache_la_poudre,4,3
2307,239,25,85,31,592,166,251,215,1775,cache_la_poudre,4,3
2307,243,32,525,169,495,139,245,229,1742,cache_la_poudre,10,3
2307,249,20,426,111,700,173,250,211,569,cache_la_poudre,6,3
2307,259,14,313,83,864,187,247,199,124,cache_la_poudre,6,3
2307,263,11,192,34,1127,193,246,192,859,cache_la_poudre,6,3
2307,268,30,175,100,391,131,235,235,1434,cache_la_poudre,10,3
2307,322,32,175,52,636,122,188,196,1822,cache_la_poudre,10,3
2307,344,21,306,44,900,173,202,164,808,cache_la_poudre,6,3
2307,355,15,30,7,553,195,213,154,757,cache_la_poudre,10,3
2308,12,29,390,151,685,179,169,115,693,cache_la_poudre,10,3
2308,108,34,127,61,1546,254,179,23,342,cache_la_poudre,3,3
2308,131,10,30,6,1112,237,235,128,180,cache_la_poudre,6,3
2308,132,12,108,45,1040,239,234,122,886,cache_la_poudre,6,3
2308,172,12,180,46,297,228,245,148,430,cache_la_poudre,4,3
2308,227,28,85,28,551,168,252,208,1765,cache_la_poudre,4,3
2308,255,31,470,170,547,135,242,234,1684,cache_la_poudre,10,3
2308,264,17,270,46,216,176,246,207,390,cache_la_poudre,10,3
2308,266,16,240,46,234,179,245,205,391,cache_la_poudre,10,3
2308,337,25,474,215,1199,156,196,174,1237,cache_la_poudre,10,3
2308,341,30,365,122,904,145,181,166,1369,cache_la_poudre,10,3
2308,344,17,420,89,690,183,211,165,309,cache_la_poudre,6,3
2308,346,26,150,72,1364,160,189,161,1044,cache_la_poudre,10,3
2308,354,31,313,183,1006,153,170,143,1263,cache_la_poudre,10,3
2309,43,8,382,201,691,222,223,136,212,cache_la_poudre,6,3
2309,46,29,90,57,1445,215,165,66,1087,cache_la_poudre,10,3
2309,130,30,190,111,999,252,208,61,806,cache_la_poudre,6,3
2309,198,6,295,51,313,218,245,163,540,cache_la_poudre,4,3
2309,300,25,212,99,876,144,221,214,782,cache_la_poudre,6,3
2309,321,30,295,159,1209,132,196,197,661,cache_la_poudre,10,3
2310,2,20,404,127,1368,189,199,144,1020,cache_la_poudre,6,3
2310,7,25,404,208,1154,181,182,130,1245,cache_la_poudre,10,3
2310,9,33,180,113,1503,165,157,113,969,cache_la_poudre,10,3
2310,15,17,85,18,752,202,201,133,616,cache_la_poudre,10,3
2310,77,12,30,8,361,235,218,113,808,cache_la_poudre,4,3
2310,103,16,218,48,108,245,219,99,190,cache_la_poudre,11,3
2310,108,15,134,29,95,244,222,103,371,cache_la_poudre,11,3
2310,113,36,190,94,1670,253,177,0,234,cache_la_poudre,3,3
2310,153,13,127,31,108,236,240,132,301,cache_la_poudre,11,3
2310,219,6,150,53,999,213,246,170,834,cache_la_poudre,6,3
2310,266,17,330,48,190,176,245,207,395,cache_la_poudre,10,3
2310,282,28,400,234,1422,132,228,230,1060,cache_la_poudre,10,3
2310,293,35,108,24,1350,104,209,233,750,cache_la_poudre,10,3
2310,324,35,285,155,1240,114,181,194,726,cache_la_poudre,10,3
2310,333,22,162,83,258,164,206,178,1075,cache_la_poudre,10,3
2310,334,28,162,92,242,145,190,178,1168,cache_la_poudre,10,3
2310,354,19,277,47,918,185,204,154,816,cache_la_poudre,6,3
2311,22,20,258,114,1682,204,194,121,942,cache_la_poudre,2,3
2311,33,26,297,9,900,205,173,90,210,cache_la_poudre,10,3
2311,99,16,247,49,85,244,217,98,182,cache_la_poudre,11,3
2311,112,12,127,36,108,240,227,115,270,cache_la_poudre,11,3
2311,143,21,90,15,85,245,230,103,426,cache_la_poudre,11,3
2311,145,18,108,36,674,242,234,115,771,cache_la_poudre,4,3
2311,303,31,258,-1,534,122,209,219,607,cache_la_poudre,10,3
2311,306,19,90,30,350,165,226,200,524,cache_la_poudre,10,3
2311,308,24,190,64,742,147,217,206,408,cache_la_poudre,10,3
2311,315,23,192,84,949,152,214,199,218,cache_la_poudre,10,3
2311,358,26,330,113,1167,171,183,142,162,cache_la_poudre,10,3
2312,3,19,162,61,541,190,199,143,618,cache_la_poudre,10,3
2312,42,21,268,105,379,218,188,96,1524,cache_la_poudre,10,3
2312,51,25,67,28,993,223,179,77,759,cache_la_poudre,6,3
2312,53,10,297,34,870,226,218,126,633,cache_la_poudre,2,3
2312,89,18,361,12,960,244,208,86,684,cache_la_poudre,10,3
2312,99,14,339,20,930,242,221,106,666,cache_la_poudre,2,3
2312,103,15,277,50,67,244,220,101,180,cache_la_poudre,11,3
2312,140,31,108,56,1405,248,213,69,492,cache_la_poudre,3,3
2312,284,26,190,70,808,139,230,225,350,cache_la_poudre,10,3
2312,305,27,216,144,1262,135,213,213,541,cache_la_poudre,10,3
2312,326,36,175,105,1374,113,177,191,977,cache_la_poudre,10,3
2312,327,20,30,7,150,168,213,183,134,cache_la_poudre,10,3
2312,347,19,67,40,1413,180,206,162,811,cache_la_poudre,10,3
2312,358,15,420,93,690,196,211,152,362,cache_la_poudre,6,3
2313,25,20,67,33,1248,205,192,117,904,cache_la_poudre,3,3
2313,34,11,400,202,721,219,216,132,192,cache_la_poudre,6,3
2313,62,36,268,23,646,224,145,23,579,cache_la_poudre,6,3
2313,144,15,150,34,85,240,236,120,306,cache_la_poudre,11,3
2313,145,30,90,33,1549,245,219,80,741,cache_la_poudre,3,3
2313,170,5,323,51,285,224,242,153,541,cache_la_poudre,4,3
2313,207,8,210,51,277,215,247,168,424,cache_la_poudre,2,3
2313,241,7,30,-1,524,206,246,178,451,cache_la_poudre,3,3
2313,289,19,67,0,569,162,234,210,417,cache_la_poudre,10,3
2313,292,15,247,89,911,175,236,200,95,cache_la_poudre,6,3
2313,295,20,134,71,277,159,230,209,927,cache_la_poudre,10,3
2313,299,38,162,112,819,91,195,230,1565,cache_la_poudre,10,3
2313,309,25,192,93,987,143,214,207,182,cache_la_poudre,10,3
2313,347,38,182,116,1584,123,151,148,967,cache_la_poudre,10,3
2313,350,26,335,188,1025,164,186,154,1269,cache_la_poudre,10,3
2314,12,26,272,170,1140,184,177,120,1328,cache_la_poudre,10,3
2314,13,16,124,27,1189,203,206,137,964,cache_la_poudre,3,3
2314,20,28,42,18,1380,187,169,105,845,cache_la_poudre,10,3
2314,29,26,95,49,420,201,175,98,598,cache_la_poudre,10,3
2314,40,16,190,73,182,220,204,114,1632,cache_la_poudre,2,3
2314,68,27,120,62,1425,236,176,55,1116,cache_la_poudre,2,3
2314,71,32,283,60,837,235,160,31,350,cache_la_poudre,6,3
2314,90,32,60,42,1600,249,173,28,732,cache_la_poudre,3,3
2314,98,21,42,13,1291,249,207,77,874,cache_la_poudre,3,3
2314,114,20,60,23,1319,250,215,83,875,cache_la_poudre,3,3
2314,138,24,42,11,934,248,223,89,870,cache_la_poudre,3,3
2314,230,16,175,54,1115,194,253,193,866,cache_la_poudre,6,3
2314,287,38,162,98,765,90,206,241,1631,cache_la_poudre,10,3
2314,304,16,42,10,426,175,230,195,1556,cache_la_poudre,10,3
2314,315,18,60,15,433,170,223,192,892,cache_la_poudre,10,3
2314,315,23,42,17,571,154,215,198,666,cache_la_poudre,10,3
2314,317,20,319,118,691,162,218,194,510,cache_la_poudre,6,3
2314,321,23,67,20,927,155,211,193,664,cache_la_poudre,6,3
2314,335,21,488,133,1215,169,208,175,1209,cache_la_poudre,6,3
2314,336,31,67,27,335,137,181,174,513,cache_la_poudre,10,3
2314,342,10,421,95,690,199,225,164,418,cache_la_poudre,6,3
2315,17,32,90,67,1018,176,155,99,836,cache_la_poudre,10,3
2315,21,27,297,112,1082,191,173,106,108,cache_la_poudre,10,3
2315,41,21,182,71,1342,217,189,98,553,cache_la_poudre,10,3
2315,44,33,242,154,787,207,150,54,417,cache_la_poudre,10,3
2315,135,26,30,10,865,250,219,81,812,cache_la_poudre,3,3
2315,153,4,351,53,256,225,240,150,543,cache_la_poudre,4,3
2315,282,15,272,91,874,176,240,202,60,cache_la_poudre,6,3
2315,283,25,454,177,700,144,232,224,1533,cache_la_poudre,10,3
2315,289,26,509,74,446,138,226,223,1801,cache_la_poudre,10,3
2315,306,23,30,15,446,152,220,206,1622,cache_la_poudre,10,3
2315,310,30,516,74,371,126,205,211,1775,cache_la_poudre,10,3
2315,315,17,67,22,474,174,224,190,865,cache_la_poudre,10,3
2315,321,16,42,11,433,177,222,185,1514,cache_la_poudre,10,3
2315,323,24,450,108,210,152,208,191,1624,cache_la_poudre,10,3
2315,337,12,390,96,720,194,224,169,295,cache_la_poudre,6,3
2315,340,28,361,199,1087,149,187,169,1253,cache_la_poudre,10,3
2315,343,15,297,31,1221,188,216,166,904,cache_la_poudre,2,3
2315,345,29,240,122,900,151,182,161,1441,cache_la_poudre,10,3
2315,358,11,0,0,85,203,220,155,67,cache_la_poudre,10,3
2316,8,17,342,198,696,197,203,140,175,cache_la_poudre,6,3
2316,12,38,180,119,1530,154,136,95,981,cache_la_poudre,10,3
2316,54,25,60,31,1273,225,179,74,878,cache_la_poudre,3,3
2316,83,11,30,8,997,235,221,116,886,cache_la_poudre,5,3
2316,102,14,342,180,1015,243,221,104,390,cache_la_poudre,6,3
2316,106,34,150,76,1575,253,177,20,319,cache_la_poudre,3,3
2316,218,8,371,-123,67,212,248,172,433,cache_la_poudre,10,3
2316,274,24,459,178,671,147,238,225,1563,cache_la_poudre,10,3
2316,280,31,162,126,1337,123,226,235,1128,cache_la_poudre,10,3
2316,324,25,127,26,1271,151,205,190,400,cache_la_poudre,10,3
2316,331,22,30,10,150,162,206,181,95,cache_la_poudre,10,3
2316,335,23,150,58,666,162,202,176,516,cache_la_poudre,10,3
2316,337,11,424,97,691,196,225,168,446,cache_la_poudre,6,3
2316,341,22,175,82,242,169,202,168,1101,cache_la_poudre,10,3
2316,351,31,120,90,1040,150,172,149,860,cache_la_poudre,6,3
2317,33,17,95,4,330,214,200,117,677,cache_la_poudre,10,3
2317,120,29,108,66,1480,254,201,53,408,cache_la_poudre,3,3
2317,150,30,300,-25,384,242,223,88,700,cache_la_poudre,3,3
2317,152,32,60,37,1593,240,220,83,685,cache_la_poudre,3,3
2317,170,31,228,-25,362,225,235,118,618,cache_la_poudre,3,3
2317,243,32,510,179,524,141,245,228,1712,cache_la_poudre,10,3
2317,322,23,85,29,361,157,211,191,577,cache_la_poudre,10,3
2317,332,17,30,7,350,178,216,177,859,cache_la_poudre,10,3
2317,334,18,0,0,518,176,214,175,750,cache_la_poudre,10,3
2317,339,29,228,120,1627,146,186,171,966,cache_la_poudre,10,3
2317,343,14,342,160,738,191,218,165,742,cache_la_poudre,10,3
2317,355,18,408,160,684,188,206,153,598,cache_la_poudre,10,3
2317,356,32,182,117,1410,152,166,139,960,cache_la_poudre,10,3
2318,42,28,256,82,1290,211,167,74,953,cache_la_poudre,10,3
2318,64,27,277,138,1500,233,176,58,150,cache_la_poudre,10,3
2318,67,25,134,73,1406,235,183,65,1146,cache_la_poudre,2,3
2318,133,26,42,17,990,250,218,79,932,cache_la_poudre,3,3
2318,147,35,67,38,1588,242,212,68,725,cache_la_poudre,3,3
2318,190,13,212,61,937,220,249,161,767,cache_la_poudre,6,3
2318,251,13,408,-121,95,191,249,195,443,cache_la_poudre,10,3
2318,297,33,228,153,1275,109,207,228,582,cache_la_poudre,10,3
2318,298,21,30,9,1253,156,227,209,997,cache_la_poudre,10,3
2318,329,33,192,48,646,124,182,186,1806,cache_la_poudre,10,3
2318,344,19,301,55,924,178,206,165,837,cache_la_poudre,6,3
2318,346,32,218,163,1237,142,172,157,1310,cache_la_poudre,10,3
2319,12,20,212,56,979,196,196,132,864,cache_la_poudre,6,3
2319,55,33,247,142,934,220,153,42,1425,cache_la_poudre,10,3
2319,56,21,256,112,351,229,191,85,1507,cache_la_poudre,10,3
2319,114,23,90,32,458,252,209,71,735,cache_la_poudre,4,3
2319,121,29,124,53,1295,254,202,54,618,cache_la_poudre,3,3
2319,317,23,201,68,713,154,214,197,426,cache_la_poudre,10,3
2320,7,30,234,159,824,169,166,122,594,cache_la_poudre,6,3
2320,19,28,268,50,883,188,170,107,268,cache_la_poudre,6,3
2320,32,15,323,96,1114,216,205,122,362,cache_la_poudre,10,3
2320,65,10,150,40,604,230,221,123,750,cache_la_poudre,4,3
2320,117,23,242,26,313,252,211,73,984,cache_la_poudre,3,3
2320,121,13,365,172,1057,241,229,116,421,cache_la_poudre,6,3
2320,186,20,67,24,1231,219,250,155,931,cache_la_poudre,3,3
2320,255,18,162,72,1103,177,249,208,865,cache_la_poudre,6,3
2320,268,23,170,50,960,156,242,222,277,cache_la_poudre,6,3
2320,296,14,0,0,607,179,235,196,335,cache_la_poudre,10,3
2320,300,29,283,-9,553,128,214,220,633,cache_la_poudre,10,3
2320,304,28,150,30,769,130,212,216,659,cache_la_poudre,6,3
2320,309,29,150,50,631,130,207,211,1842,cache_la_poudre,10,3
2320,334,21,258,124,726,168,208,176,516,cache_la_poudre,6,3
2320,338,8,361,101,750,204,229,165,256,cache_la_poudre,6,3
2320,341,11,390,101,720,196,223,166,379,cache_la_poudre,6,3
2320,358,22,330,163,799,180,194,147,859,cache_la_poudre,10,3
2321,10,25,210,77,1371,185,181,125,532,cache_la_poudre,10,3
2321,52,12,30,-4,335,226,215,121,660,cache_la_poudre,2,3
2321,105,11,42,8,330,240,226,115,666,cache_la_poudre,2,3
2321,114,31,108,49,1230,254,193,41,684,cache_la_poudre,3,3
2321,129,17,42,10,1200,245,228,106,108,cache_la_poudre,6,3
2321,149,15,67,20,1261,238,238,126,902,cache_la_poudre,3,3
2321,256,25,134,68,469,153,246,225,598,cache_la_poudre,10,3
2321,317,19,67,16,408,166,220,192,1531,cache_la_poudre,10,3
2321,343,26,162,80,1341,157,189,164,1072,cache_la_poudre,10,3
2321,347,35,90,33,300,134,162,152,446,cache_la_poudre,10,3
2321,354,24,30,12,1201,173,191,150,247,cache_la_poudre,10,3
2321,357,23,330,164,782,177,191,146,830,cache_la_poudre,10,3
2322,3,18,190,75,558,192,202,144,642,cache_la_poudre,10,3
2322,4,11,376,165,702,206,220,151,655,cache_la_poudre,10,3
2322,5,42,90,71,1652,133,126,103,858,cache_la_poudre,10,3
2322,6,23,242,66,1671,184,187,134,969,cache_la_poudre,2,3
2322,28,22,366,164,1172,206,187,109,573,cache_la_poudre,6,3
2322,89,23,277,83,339,247,196,65,830,cache_la_poudre,3,3
2322,150,16,162,84,1008,239,238,124,816,cache_la_poudre,6,3
2322,287,25,484,81,313,142,229,223,1745,cache_la_poudre,10,3
2322,304,26,192,85,845,140,217,213,309,cache_la_poudre,10,3
2322,316,23,201,97,882,153,214,198,268,cache_la_poudre,10,3
2322,336,24,30,11,127,159,199,175,30,cache_la_poudre,10,3
2322,341,16,30,5,309,186,215,167,845,cache_la_poudre,10,3
2322,342,32,313,132,1279,138,174,163,342,cache_la_poudre,10,3
2322,353,14,60,14,503,195,214,156,816,cache_la_poudre,10,3
2322,359,18,382,139,1345,190,203,148,1033,cache_la_poudre,6,3
2323,7,26,182,79,1299,180,180,129,636,cache_la_poudre,10,3
2323,11,10,424,166,700,209,220,147,532,cache_la_poudre,6,3
2323,100,27,339,28,1405,252,193,50,234,cache_la_poudre,3,3
2323,107,31,127,72,1509,254,186,34,384,cache_la_poudre,3,3
2323,123,36,201,107,1689,253,186,27,216,cache_la_poudre,3,3
2323,155,27,30,16,1082,239,230,102,1031,cache_la_poudre,3,3
2323,285,15,150,39,1073,179,239,200,800,cache_la_poudre,6,3
2323,314,33,212,107,655,115,194,209,1749,cache_la_poudre,10,3
2323,318,23,90,51,601,154,212,195,600,cache_la_poudre,10,3
2323,324,21,42,13,376,163,213,187,886,cache_la_poudre,10,3
2323,348,24,488,143,1173,167,193,159,1249,cache_la_poudre,6,3
2323,355,21,404,214,1114,180,197,151,1266,cache_la_poudre,10,3
2324,16,23,255,54,888,194,186,122,283,cache_la_poudre,6,3
2324,26,33,124,67,1473,185,150,81,1034,cache_la_poudre,10,3
2324,31,27,330,121,1124,202,172,93,108,cache_la_poudre,10,3
2324,64,10,420,177,1140,230,219,122,488,cache_la_poudre,6,3
2324,66,9,180,37,1130,229,223,127,1024,cache_la_poudre,3,3
2324,100,14,67,15,1140,242,220,105,95,cache_la_poudre,6,3
2324,120,20,85,37,525,249,219,89,755,cache_la_poudre,4,3
2324,122,27,201,126,983,253,207,63,785,cache_la_poudre,6,3
2324,129,9,400,62,190,235,235,130,524,cache_la_poudre,4,3
2324,144,6,212,44,595,229,239,143,722,cache_la_poudre,4,3
2324,194,14,175,67,984,217,250,164,799,cache_la_poudre,6,3
2324,303,16,424,40,1343,175,231,195,918,cache_la_poudre,6,3
2324,309,26,228,110,1032,140,212,208,95,cache_la_poudre,10,3
2324,327,10,424,141,1266,197,229,172,1127,cache_la_poudre,6,3
2324,327,27,42,17,170,146,199,187,124,cache_la_poudre,10,3
2324,343,25,335,199,968,160,193,166,1291,cache_la_poudre,10,3
2324,355,27,134,83,1360,165,180,145,1063,cache_la_poudre,10,3
2325,1,11,175,50,446,204,219,152,564,cache_la_poudre,10,3
2325,21,30,268,181,1040,184,160,97,1436,cache_la_poudre,10,3
2325,26,23,331,118,182,202,183,108,1504,cache_la_poudre,10,3
2325,43,23,190,81,1337,218,184,90,582,cache_la_poudre,10,3
2325,50,33,242,35,732,215,152,47,484,cache_la_poudre,10,3
2325,107,23,134,35,1100,252,206,70,816,cache_la_poudre,3,3
2325,114,8,30,2,1291,235,232,129,182,cache_la_poudre,6,3
2325,221,17,297,68,853,197,254,189,685,cache_la_poudre,6,3
2325,227,22,30,5,589,182,254,201,514,cache_la_poudre,3,3
2325,252,37,457,-4,721,117,236,240,808,cache_la_poudre,1,3
2325,260,13,418,-114,90,187,247,198,470,cache_la_poudre,2,3
2325,264,19,371,67,283,171,245,212,603,cache_la_poudre,10,3
2325,287,25,499,84,342,141,229,223,1760,cache_la_poudre,10,3
2325,307,26,85,31,900,140,214,210,636,cache_la_poudre,6,3
2325,336,10,255,143,1291,198,226,168,510,cache_la_poudre,10,3
2325,338,11,404,137,1284,196,225,167,1100,cache_la_poudre,6,3
2325,347,19,335,214,735,181,206,161,124,cache_la_poudre,10,3
2326,0,29,256,182,1061,165,173,134,1423,cache_la_poudre,10,3
2326,17,11,234,62,895,211,218,142,300,cache_la_poudre,6,3
2326,28,24,124,61,420,203,179,102,589,cache_la_poudre,10,3
2326,40,7,277,128,937,221,224,138,774,cache_la_poudre,6,3
2326,144,4,371,107,752,226,239,148,459,cache_la_poudre,6,3
2326,197,16,216,69,942,214,252,168,757,cache_la_poudre,6,3
2326,209,25,180,91,953,193,254,185,433,cache_la_poudre,6,3
2326,229,22,30,9,626,182,254,202,547,cache_la_poudre,3,3
2326,286,26,242,159,1288,138,228,225,566,cache_la_poudre,10,3
2326,300,34,90,46,458,107,204,226,1706,cache_la_poudre,10,3
2326,337,19,201,98,234,176,211,173,1020,cache_la_poudre,10,3
2326,349,28,240,182,1116,158,183,156,1387,cache_la_poudre,10,3
2327,3,17,108,47,1213,195,206,146,938,cache_la_poudre,3,3
2327,4,27,210,25,1290,175,178,132,725,cache_la_poudre,10,3
2327,29,6,365,108,751,218,226,144,430,cache_la_poudre,6,3
2327,44,22,192,25,990,219,185,90,134,cache_la_poudre,6,3
2327,112,28,258,76,324,254,197,51,895,cache_la_poudre,3,3
2327,120,25,256,60,323,253,209,67,960,cache_la_poudre,3,3
2327,131,33,42,23,757,251,203,51,730,cache_la_poudre,3,3
2327,147,31,319,-15,404,243,219,80,721,cache_la_poudre,3,3
2327,288,13,30,14,607,182,238,196,636,cache_la_poudre,3,3
2327,294,28,285,-59,947,131,220,224,1304,cache_la_poudre,10,3
2327,314,29,488,86,418,130,202,205,1831,cache_la_poudre,10,3
2327,326,32,201,115,1358,124,186,191,947,cache_la_poudre,10,3
2327,349,27,360,129,1207,159,183,155,182,cache_la_poudre,10,3
2328,26,9,228,87,150,216,220,140,1595,cache_la_poudre,2,3
2328,85,8,301,171,858,232,227,128,912,cache_la_poudre,2,3
2328,90,14,175,73,684,241,216,101,661,cache_la_poudre,10,3
2328,100,18,42,12,983,246,213,89,916,cache_la_poudre,5,3
2328,100,21,242,34,331,249,207,77,1050,cache_la_poudre,3,3
2328,101,21,42,11,297,250,206,74,765,cache_la_poudre,4,3
2328,130,24,85,37,1338,251,218,80,883,cache_la_poudre,3,3
2328,130,30,127,66,1361,252,206,58,553,cache_la_poudre,3,3
2328,155,5,395,66,182,226,240,149,495,cache_la_poudre,4,3
2328,159,6,255,48,553,226,241,149,696,cache_la_poudre,4,3
2328,175,22,60,21,1144,226,245,139,1012,cache_la_poudre,3,3
2328,260,11,361,-111,30,193,246,192,499,cache_la_poudre,2,3
2328,281,21,228,86,787,159,237,216,342,cache_la_poudre,10,3
2328,310,22,85,-1,607,155,219,202,430,cache_la_poudre,10,3
2328,320,24,124,-1,591,150,209,195,470,cache_la_poudre,10,3
2328,327,5,382,34,1291,208,234,165,930,cache_la_poudre,2,3
2328,336,28,192,36,1101,146,189,175,1138,cache_la_poudre,10,3
2328,341,17,216,91,212,182,212,168,1047,cache_la_poudre,10,3
2328,352,12,212,94,201,199,220,158,1114,cache_la_poudre,10,3
2328,356,12,234,58,509,201,219,155,618,cache_la_poudre,10,3
2329,14,12,150,22,1124,208,214,141,1027,cache_la_poudre,3,3
2329,28,28,30,18,1222,197,167,91,1036,cache_la_poudre,10,3
2329,28,28,124,72,1440,196,167,92,1101,cache_la_poudre,10,3
2329,50,12,150,45,564,225,214,121,721,cache_la_poudre,4,3
2329,128,16,60,3,1200,245,228,108,95,cache_la_poudre,6,3
2329,137,31,42,23,716,249,212,66,706,cache_la_poudre,3,3
2329,144,23,42,22,1052,245,228,99,1001,cache_la_poudre,3,3
2329,237,27,134,49,524,163,251,216,1797,cache_la_poudre,4,3
2329,292,20,277,146,1298,159,232,211,457,cache_la_poudre,10,3
2329,310,23,85,25,384,150,217,204,1548,cache_la_poudre,10,3
2329,350,15,242,78,531,192,214,159,633,cache_la_poudre,10,3
2330,3,8,201,54,467,209,225,153,591,cache_la_poudre,10,3
2330,6,2,300,173,824,216,234,155,853,cache_la_poudre,2,3
2330,23,25,319,120,1104,197,178,107,85,cache_la_poudre,10,3
2330,81,30,234,153,912,244,171,34,1399,cache_la_poudre,1,3
2330,121,15,67,18,1170,244,227,107,85,cache_la_poudre,6,3
2330,136,26,67,29,960,249,219,81,902,cache_la_poudre,3,3
2330,152,16,190,101,990,238,239,127,792,cache_la_poudre,6,3
2330,251,12,485,68,192,193,248,193,626,cache_la_poudre,2,3
2330,308,18,42,0,626,167,225,198,390,cache_la_poudre,10,3
2330,309,21,228,83,721,159,222,201,404,cache_la_poudre,10,3
2330,313,23,228,99,892,153,216,200,242,cache_la_poudre,10,3
2330,336,32,120,73,1559,133,179,174,916,cache_la_poudre,10,3
2331,2,16,240,68,984,196,208,147,859,cache_la_poudre,6,3
2331,65,19,242,124,295,234,198,88,1473,cache_la_poudre,2,3
2331,67,13,67,0,351,232,215,112,663,cache_la_poudre,2,3
2331,94,23,134,15,1065,249,198,64,858,cache_la_poudre,5,3
2331,108,20,120,32,443,250,212,80,706,cache_la_poudre,4,3
2331,112,13,242,77,874,242,226,112,342,cache_la_poudre,6,3
2331,236,25,42,18,642,167,252,213,618,cache_la_poudre,3,3
2331,279,24,95,41,860,149,235,223,618,cache_la_poudre,6,3
2331,285,3,300,174,808,212,239,165,824,cache_la_poudre,2,3
2331,289,24,60,22,1248,147,230,219,994,cache_la_poudre,10,3
2331,291,30,60,29,1410,125,220,228,837,cache_la_poudre,10,3
2331,340,28,331,-74,878,148,186,169,1383,cache_la_poudre,10,3
2332,1,21,424,226,1087,185,196,143,1295,cache_la_poudre,10,3
2332,4,21,446,223,1101,188,195,140,1302,cache_la_poudre,10,3
2332,28,19,391,187,1195,209,194,115,577,cache_la_poudre,6,3
2332,37,34,108,80,1401,198,146,60,1095,cache_la_poudre,10,3
2332,41,19,170,88,1368,219,195,104,1181,cache_la_poudre,2,3
2332,59,4,60,0,0,223,231,143,765,cache_la_poudre,17,3
2332,67,12,90,47,1239,232,216,115,912,cache_la_poudre,3,3
2332,126,12,42,6,1230,240,231,119,120,cache_la_poudre,6,3
2332,162,19,218,88,892,235,241,129,382,cache_la_poudre,6,3
2332,309,28,470,91,285,132,208,211,1731,cache_la_poudre,10,3
2332,314,17,390,207,895,172,224,191,1350,cache_la_poudre,6,3
2332,314,23,60,32,511,154,215,199,703,cache_la_poudre,10,3
2332,315,23,85,35,540,153,214,199,661,cache_la_poudre,10,3
2332,317,23,95,52,571,154,214,197,618,cache_la_poudre,10,3
2332,323,5,470,254,1390,208,235,166,990,cache_la_poudre,2,3
2332,334,13,301,69,973,190,222,171,819,cache_la_poudre,5,3
2332,337,14,127,44,404,189,221,170,598,cache_la_poudre,10,3
2333,1,20,134,89,1416,187,199,145,1128,cache_la_poudre,2,3
2333,2,5,218,54,484,212,229,155,618,cache_la_poudre,10,3
2333,42,19,466,109,1190,219,195,104,503,cache_la_poudre,6,3
2333,45,8,0,0,201,223,223,135,799,cache_la_poudre,10,3
2333,135,9,42,19,633,235,236,133,664,cache_la_poudre,3,3
2333,152,6,234,47,511,227,240,147,671,cache_la_poudre,4,3
2333,178,14,228,83,882,225,248,151,361,cache_la_poudre,6,3
2333,297,26,454,257,1477,137,221,219,1061,cache_la_poudre,2,3
2333,326,28,67,28,192,139,196,190,153,cache_la_poudre,10,3
2333,343,20,424,126,150,176,205,166,1570,cache_la_poudre,10,3
2334,40,14,90,2,390,220,208,119,612,cache_la_poudre,2,3
2334,59,17,240,127,268,231,202,98,1456,cache_la_poudre,2,3
2334,67,28,297,146,1492,235,171,49,175,cache_la_poudre,10,3
2334,80,21,297,83,361,243,197,74,850,cache_la_poudre,3,3
2334,84,22,268,84,845,245,196,69,366,cache_la_poudre,6,3
2334,84,23,90,58,1634,245,195,67,774,cache_la_poudre,3,3
2334,103,20,30,9,234,249,211,81,767,cache_la_poudre,4,3
2334,191,16,258,77,900,218,251,162,716,cache_la_poudre,6,3
2334,270,0,330,110,794,217,238,158,67,cache_la_poudre,6,3
2334,295,24,60,25,1218,146,225,216,1024,cache_la_poudre,10,3
2334,298,11,474,249,1448,189,236,188,1024,cache_la_poudre,2,3
2334,308,29,277,-69,918,128,207,212,1332,cache_la_poudre,10,3
2334,318,23,234,121,1008,153,212,196,124,cache_la_poudre,10,3
2334,320,32,134,25,1299,124,192,200,930,cache_la_poudre,10,3
2334,337,8,150,48,426,203,229,165,618,cache_la_poudre,10,3
2335,0,2,201,54,474,216,234,156,636,cache_la_poudre,10,3
2335,19,28,108,22,815,187,169,106,638,cache_la_poudre,10,3
2335,52,9,255,48,541,225,221,130,631,cache_la_poudre,4,3
2335,127,7,42,4,1325,232,236,136,228,cache_la_poudre,6,3
2335,138,7,437,-98,108,231,238,139,552,cache_la_poudre,2,3
2335,281,27,85,29,382,137,231,228,1590,cache_la_poudre,10,3
2335,292,38,190,121,760,93,204,237,1616,cache_la_poudre,10,3
2335,322,12,134,33,1209,190,228,178,150,cache_la_poudre,6,3
2335,332,23,391,210,1020,159,204,180,1307,cache_la_poudre,10,3
2335,334,18,454,128,150,176,214,175,1597,cache_la_poudre,10,3
2336,1,18,277,124,1064,191,202,146,60,cache_la_poudre,10,3
2336,14,21,240,139,1477,195,192,128,914,cache_la_poudre,2,3
2336,50,25,313,94,1256,222,176,75,899,cache_la_poudre,10,3
2336,105,34,242,136,1579,253,176,20,150,cache_la_poudre,3,3
2336,115,7,67,5,1328,232,233,134,242,cache_la_poudre,6,3
2336,243,35,503,6,785,131,242,231,854,cache_la_poudre,1,3
2336,308,24,234,42,1142,147,217,206,815,cache_la_poudre,2,3
2336,325,27,85,36,212,143,200,190,256,cache_la_poudre,10,3
2336,331,23,67,15,108,158,204,181,170,cache_la_poudre,10,3
2336,331,32,323,181,1282,131,184,182,700,cache_la_poudre,10,3
2336,333,18,60,-3,457,176,214,176,876,cache_la_poudre,10,3
2336,334,29,67,27,175,143,189,177,67,cache_la_poudre,10,3
2336,351,33,228,154,1294,144,165,146,1194,cache_la_poudre,10,3
2336,357,14,175,92,1374,197,213,153,1140,cache_la_poudre,2,3
2337,4,8,150,47,424,210,225,153,589,cache_la_poudre,10,3
2337,54,25,283,100,1242,225,177,71,979,cache_la_poudre,10,3
2337,91,13,256,139,932,240,218,106,743,cache_la_poudre,6,3
2337,92,11,134,-7,360,237,223,116,677,cache_la_poudre,2,3
2337,97,24,319,40,1397,250,199,64,255,cache_la_poudre,6,3
2337,114,13,108,25,1140,242,227,112,42,cache_la_poudre,6,3
2337,114,20,134,50,1398,249,216,86,874,cache_la_poudre,3,3
2337,269,23,351,85,324,153,241,223,631,cache_la_poudre,10,3
2337,288,32,256,165,1301,116,218,233,607,cache_la_poudre,10,3
2337,305,23,108,47,875,150,221,208,607,cache_la_poudre,6,3
2337,333,26,60,19,127,151,197,180,108,cache_la_poudre,10,3
2337,338,24,255,-49,1055,160,199,173,1187,cache_la_poudre,10,3
2337,343,28,218,137,1370,152,185,165,924,cache_la_poudre,10,3
2337,357,31,240,110,1321,156,168,138,730,cache_la_poudre,10,3
2338,0,0,30,-1,0,218,237,156,782,cache_la_poudre,17,3
2338,24,17,376,188,1214,208,201,125,607,cache_la_poudre,6,3
2338,25,24,295,194,1018,200,181,107,1409,cache_la_poudre,10,3
2338,64,14,90,6,42,232,210,107,789,cache_la_poudre,4,3
2338,103,25,339,17,990,252,199,59,750,cache_la_poudre,10,3
2338,117,19,268,23,361,249,219,91,1068,cache_la_poudre,3,3
2338,190,15,228,109,949,219,250,161,750,cache_la_poudre,6,3
2338,243,7,258,63,566,207,246,176,698,cache_la_poudre,4,3
2338,288,13,350,142,750,182,238,196,577,cache_la_poudre,6,3
2338,341,25,270,194,1091,160,195,169,1359,cache_la_poudre,10,3
2338,343,22,210,79,648,169,199,166,488,cache_la_poudre,10,3
2339,3,23,268,103,1237,183,190,138,1020,cache_la_poudre,10,3
2339,71,12,108,0,360,233,216,113,671,cache_la_poudre,2,3
2339,99,14,150,32,1050,243,220,103,85,cache_la_poudre,6,3
2339,138,6,85,13,1201,230,238,141,95,cache_la_poudre,6,3
2339,141,23,85,40,930,246,227,96,872,cache_la_poudre,3,3
2339,158,24,150,55,1438,237,236,114,854,cache_la_poudre,3,3
2339,160,13,190,73,658,233,242,137,755,cache_la_poudre,4,3
2339,247,28,534,111,513,150,247,226,1740,cache_la_poudre,10,3
2339,275,8,30,9,60,199,242,182,742,cache_la_poudre,17,3
2339,315,2,351,-63,42,214,237,161,592,cache_la_poudre,2,3
2339,315,7,127,16,1206,201,234,172,127,cache_la_poudre,6,3
2339,317,19,319,164,1358,165,219,192,552,cache_la_poudre,10,3
2339,317,23,242,114,864,154,213,196,258,cache_la_poudre,10,3
2339,324,21,30,9,655,162,213,188,379,cache_la_poudre,10,3
2339,343,19,362,190,1233,180,208,166,636,cache_la_poudre,6,3
2339,348,17,30,0,446,186,210,161,853,cache_la_poudre,10,3
2340,66,15,210,-18,361,233,210,105,702,cache_la_poudre,2,3
2340,116,20,30,8,192,250,217,86,757,cache_la_poudre,4,3
2340,118,6,90,33,1087,230,235,138,1041,cache_la_poudre,3,3
2340,133,8,67,13,1296,233,236,135,201,cache_la_poudre,6,3
2340,316,29,469,99,390,132,202,204,1827,cache_la_poudre,10,3
2340,320,26,150,10,604,143,204,197,497,cache_la_poudre,10,3
2340,343,13,306,77,999,192,219,165,789,cache_la_poudre,5,3
2340,345,13,256,93,573,194,219,163,674,cache_la_poudre,10,3
2340,345,23,218,85,1633,170,198,163,973,cache_la_poudre,2,3
2340,353,35,335,150,1276,139,156,140,306,cache_la_poudre,10,3
2340,356,29,228,96,1323,160,174,142,700,cache_la_poudre,10,3
2341,70,16,90,14,60,236,206,97,819,cache_la_poudre,4,3
2341,84,21,134,42,402,244,199,74,684,cache_la_poudre,4,3
2341,98,2,108,14,1269,222,236,151,192,cache_la_poudre,6,3
2341,103,28,228,163,891,253,191,45,1333,cache_la_poudre,1,3
2341,109,21,95,61,1624,250,212,79,726,cache_la_poudre,2,3
2341,226,26,150,61,552,176,253,204,1822,cache_la_poudre,4,3
2341,314,23,90,49,510,153,215,199,680,cache_la_poudre,10,3
2341,316,23,108,53,541,153,214,198,638,cache_la_poudre,10,3
2342,17,23,150,85,1423,194,185,119,1087,cache_la_poudre,10,3
2342,43,11,30,3,408,222,215,126,603,cache_la_poudre,2,3
2342,45,11,258,55,534,223,217,127,600,cache_la_poudre,4,3
2342,57,15,124,35,1061,229,208,109,1019,cache_la_poudre,3,3
2342,58,10,242,54,492,228,218,123,571,cache_la_poudre,4,3
2342,75,5,30,2,430,227,230,137,834,cache_la_poudre,2,3
2342,136,18,95,35,992,245,230,107,942,cache_la_poudre,3,3
2342,276,11,60,12,90,190,242,192,706,cache_la_poudre,10,3
2342,305,10,30,3,0,193,235,182,721,cache_la_poudre,10,3
2342,327,23,85,38,1187,156,206,186,1055,cache_la_poudre,10,3
2342,329,21,319,162,1348,166,210,181,513,cache_la_poudre,10,3
2343,46,15,474,198,1207,223,205,111,532,cache_la_poudre,6,3
2343,85,15,67,11,420,240,214,100,577,cache_la_poudre,2,3
2343,198,15,283,105,882,214,252,168,691,cache_la_poudre,6,3
2343,204,18,67,30,666,207,253,176,648,cache_la_poudre,3,3
2343,280,31,153,63,485,121,226,236,1789,cache_la_poudre,10,3
2343,302,11,30,9,42,190,235,185,726,cache_la_poudre,17,3
2343,315,22,255,121,981,155,215,198,134,cache_la_poudre,10,3
2343,327,18,277,127,1068,173,217,182,42,cache_la_poudre,10,3
2343,331,27,85,25,127,148,196,183,150,cache_la_poudre,10,3
2343,332,30,300,199,1082,137,187,181,1320,cache_la_poudre,10,3
2343,354,15,201,86,1357,194,213,156,1127,cache_la_poudre,10,3
2344,0,1,108,21,1236,217,236,156,150,cache_la_poudre,6,3
2344,33,19,272,183,847,213,194,110,446,cache_la_poudre,6,3
2344,35,13,30,0,437,218,210,125,573,cache_la_poudre,2,3
2344,79,6,42,4,418,228,229,135,816,cache_la_poudre,2,3
2344,87,14,190,37,1041,240,215,102,1006,cache_la_poudre,3,3
2344,114,28,283,77,350,254,200,54,914,cache_la_poudre,3,3
2344,128,24,95,39,872,251,218,80,811,cache_la_poudre,3,3
2344,128,25,180,57,1150,251,216,77,1020,cache_la_poudre,3,3
2344,139,17,85,37,1024,244,232,111,977,cache_la_poudre,3,3
2344,145,24,210,57,1113,245,228,98,1050,cache_la_poudre,3,3
2344,148,7,216,78,636,230,240,142,741,cache_la_poudre,4,3
2344,160,6,108,18,1172,227,241,148,67,cache_la_poudre,6,3
2344,270,5,30,0,95,207,241,173,755,cache_la_poudre,10,3
2344,290,29,42,6,1350,127,222,228,895,cache_la_poudre,10,3
2344,294,24,90,35,1243,147,227,216,992,cache_la_poudre,10,3
2344,330,21,242,147,1382,166,210,180,902,cache_la_poudre,2,3
2344,331,19,0,0,430,172,213,179,807,cache_la_poudre,10,3
2344,336,20,228,86,1605,171,208,174,957,cache_la_poudre,2,3
2344,339,29,201,-35,1072,146,186,171,1167,cache_la_poudre,10,3
2345,30,25,247,101,1396,203,176,98,598,cache_la_poudre,10,3
2345,61,13,0,0,67,230,212,112,810,cache_la_poudre,17,3
2345,74,12,95,0,390,235,216,111,641,cache_la_poudre,2,3
2345,84,20,108,14,60,244,201,78,755,cache_la_poudre,4,3
2345,99,9,108,14,1302,235,228,125,234,cache_la_poudre,6,3
2345,129,13,30,6,1455,241,232,118,376,cache_la_poudre,6,3
2345,299,26,466,104,190,139,220,217,1664,cache_la_poudre,10,3
2345,313,23,319,162,1340,153,216,200,474,cache_la_poudre,10,3
2345,323,5,256,79,594,208,235,166,700,cache_la_poudre,10,3
2345,331,36,309,193,1291,115,172,183,735,cache_la_poudre,10,3
2345,342,17,108,36,1273,183,213,167,323,cache_la_poudre,10,3
2345,350,18,297,138,1087,184,206,159,30,cache_la_poudre,10,3
2346,12,21,270,102,1426,194,193,130,552,cache_la_poudre,10,3
2346,27,15,488,122,1231,212,206,126,541,cache_la_poudre,6,3
2346,37,17,323,168,997,217,199,112,1382,cache_la_poudre,10,3
2346,45,11,242,59,524,223,215,125,601,cache_la_poudre,4,3
2346,49,22,108,14,450,223,186,87,553,cache_la_poudre,2,3
2346,69,21,124,74,1624,237,195,80,767,cache_la_poudre,2,3
2346,85,17,42,6,60,242,209,91,842,cache_la_poudre,17,3
2346,139,4,0,0,108,227,238,146,785,cache_la_poudre,17,3
2346,140,33,150,91,1463,247,211,64,446,cache_la_poudre,3,3
2346,274,26,469,105,470,142,236,228,1800,cache_la_poudre,10,3
2346,298,15,283,185,875,177,234,196,553,cache_la_poudre,6,3
2346,300,5,30,7,30,205,238,172,750,cache_la_poudre,17,3
2346,326,31,360,156,1242,129,188,190,242,cache_la_poudre,10,3
2346,335,12,258,56,1405,192,223,170,497,cache_la_poudre,10,3
2347,18,25,150,53,999,192,179,114,671,cache_la_poudre,6,3
2347,29,2,0,0,285,218,233,152,854,cache_la_poudre,17,3
2347,63,32,150,82,480,229,158,38,532,cache_la_poudre,1,3
2347,86,23,30,13,912,246,193,64,999,cache_la_poudre,5,3
2347,262,21,120,57,819,164,245,217,604,cache_la_poudre,6,3
2347,293,16,30,11,182,174,235,201,771,cache_la_poudre,10,3
2347,317,32,153,51,1296,120,194,205,930,cache_la_poudre,10,3
2347,327,29,85,40,212,138,194,189,150,cache_la_poudre,10,3
2347,329,22,256,150,1396,162,208,182,882,cache_la_poudre,2,3
2348,1,17,379,189,1256,193,205,148,641,cache_la_poudre,6,3
2348,23,15,270,151,1493,210,206,129,899,cache_la_poudre,2,3
2348,42,19,216,104,1332,219,195,104,1155,cache_la_poudre,2,3
2348,48,13,283,150,900,224,211,119,700,cache_la_poudre,6,3
2348,70,9,30,4,470,230,223,125,830,cache_la_poudre,2,3
2348,124,22,127,57,1320,251,218,83,918,cache_la_poudre,3,3
2348,258,16,379,-11,153,179,248,206,698,cache_la_poudre,2,3
2348,275,14,60,7,60,181,243,201,722,cache_la_poudre,10,3
2348,281,15,60,7,90,176,240,203,726,cache_la_poudre,10,3
2348,309,28,150,46,1350,134,209,210,769,cache_la_poudre,10,3
2348,312,15,484,107,124,180,228,188,1611,cache_la_poudre,10,3
2348,337,25,295,-57,853,155,196,174,1398,cache_la_poudre,10,3
2349,2,31,331,205,1092,161,166,129,1271,cache_la_poudre,10,3
2349,35,27,323,107,1231,206,170,86,912,cache_la_poudre,10,3
2349,74,14,201,42,1012,236,212,104,977,cache_la_poudre,3,3
2349,97,13,192,20,400,241,221,108,698,cache_la_poudre,2,3
2349,117,13,42,9,1409,242,228,113,458,cache_la_poudre,6,3
2349,228,27,67,29,612,169,252,208,541,cache_la_poudre,3,3
2349,282,16,90,19,108,174,239,205,671,cache_la_poudre,10,3
2349,304,11,60,9,30,191,235,184,691,cache_la_poudre,10,3
2349,304,21,258,111,836,156,224,206,277,cache_la_poudre,10,3
2349,329,21,242,152,1560,164,210,182,953,cache_la_poudre,2,3
2350,206,12,309,121,865,213,251,172,666,cache_la_poudre,6,3
2350,242,11,268,134,886,198,249,188,511,cache_la_poudre,6,3
2350,265,15,351,4,150,180,246,204,711,cache_la_poudre,2,3
2350,269,23,362,97,342,153,241,223,661,cache_la_poudre,10,3
2350,287,35,272,182,1304,103,213,238,666,cache_la_poudre,10,3
2350,289,30,323,20,616,124,221,230,671,cache_la_poudre,10,3
2350,304,28,247,-36,924,130,212,216,1320,cache_la_poudre,10,3
2350,313,31,216,20,607,123,199,208,564,cache_la_poudre,10,3
2350,314,28,446,109,402,135,205,204,1853,cache_la_poudre,10,3
2350,318,23,134,70,543,155,213,195,616,cache_la_poudre,10,3
2350,325,36,216,107,1256,110,176,193,1050,cache_la_poudre,10,3
2351,55,21,234,38,900,228,191,88,752,cache_la_poudre,10,3
2351,81,12,108,22,1337,237,218,110,277,cache_la_poudre,6,3
2351,280,22,309,98,391,156,237,218,661,cache_la_poudre,10,3
2351,286,32,95,61,384,116,220,235,1632,cache_la_poudre,10,3
2351,299,26,450,110,362,140,221,217,1812,cache_la_poudre,10,3
2351,313,23,277,131,953,151,215,201,150,cache_la_poudre,10,3
2351,320,22,277,138,993,156,212,193,108,cache_la_poudre,10,3
2351,326,21,90,-10,379,164,212,185,939,cache_la_poudre,10,3
2351,329,30,362,164,1345,133,188,186,395,cache_la_poudre,10,3
2351,340,26,300,207,1065,156,192,169,1332,cache_la_poudre,10,3
2351,348,16,408,226,930,188,212,161,1355,cache_la_poudre,10,3
2352,74,20,162,53,390,239,198,81,655,cache_la_poudre,4,3
2352,85,29,212,62,711,246,178,41,558,cache_la_poudre,6,3
2352,104,23,319,23,990,251,204,68,774,cache_la_poudre,10,3
2352,131,25,85,47,819,251,217,77,751,cache_la_poudre,3,3
2352,173,28,162,68,1477,224,240,128,836,cache_la_poudre,3,3
2352,209,21,85,39,684,199,254,182,641,cache_la_poudre,3,3
2352,253,10,90,19,60,198,247,187,663,cache_la_poudre,10,3
2352,255,21,474,-22,216,166,248,217,693,cache_la_poudre,10,3
2352,296,34,201,145,212,109,208,229,1343,cache_la_poudre,10,3
2352,298,33,255,137,641,110,207,227,1719,cache_la_poudre,10,3
2352,316,28,242,140,1317,134,204,203,912,cache_la_poudre,10,3
2352,325,28,108,48,234,139,197,191,212,cache_la_poudre,10,3
2353,3,19,175,96,1406,191,201,144,1073,cache_la_poudre,10,3
2353,133,22,124,50,871,249,223,91,812,cache_la_poudre,3,3
2353,157,22,85,47,708,238,236,116,671,cache_la_poudre,3,3
2353,283,24,277,116,808,148,233,222,297,cache_la_poudre,10,3
2353,310,13,454,228,854,185,231,186,1411,cache_la_poudre,6,3
2353,320,27,67,31,124,141,203,196,339,cache_la_poudre,10,3
2353,341,23,277,156,1410,165,199,168,864,cache_la_poudre,2,3
2354,3,12,469,229,1034,204,217,150,1354,cache_la_poudre,6,3
2354,18,30,42,4,837,182,163,103,566,cache_la_poudre,10,3
2354,61,19,175,47,1006,232,198,91,968,cache_la_poudre,3,3
2354,64,20,30,14,85,234,196,86,840,cache_la_poudre,4,3
2354,81,24,216,109,1321,244,191,64,1213,cache_la_poudre,2,3
2354,124,19,150,67,1332,248,223,95,924,cache_la_poudre,3,3
2354,284,28,295,115,780,133,228,229,319,cache_la_poudre,10,3
2354,292,17,511,229,787,171,235,203,1470,cache_la_poudre,10,3
2354,310,25,342,164,1357,143,213,206,466,cache_la_poudre,10,3
2354,311,24,295,107,713,148,215,204,384,cache_la_poudre,10,3
2354,320,20,134,24,108,166,218,190,531,cache_la_poudre,10,3
2354,323,21,108,37,342,162,213,189,927,cache_la_poudre,10,3
2354,328,27,85,32,150,143,196,186,234,cache_la_poudre,10,3
2354,356,16,190,64,725,193,211,154,600,cache_la_poudre,6,3
2355,2,12,467,168,1065,203,216,151,1342,cache_la_poudre,6,3
2355,26,16,247,148,192,211,204,125,1410,cache_la_poudre,2,3
2355,31,19,242,98,1315,212,196,114,1142,cache_la_poudre,10,3
2355,57,11,218,56,466,228,217,121,607,cache_la_poudre,4,3
2355,65,28,127,23,480,234,173,53,524,cache_la_poudre,1,3
2355,66,21,255,34,930,235,193,80,767,cache_la_poudre,10,3
2355,68,16,190,-13,421,235,207,99,646,cache_la_poudre,2,3
2355,150,32,170,99,1455,241,219,79,467,cache_la_poudre,3,3
2355,246,19,350,190,1396,177,251,208,618,cache_la_poudre,6,3
2355,251,26,108,53,1065,154,247,224,162,cache_la_poudre,6,3
2355,276,22,553,217,664,155,238,220,1590,cache_la_poudre,10,3
2355,300,25,120,13,1239,143,221,214,990,cache_la_poudre,10,3
2355,304,37,216,162,1273,97,194,224,1144,cache_la_poudre,10,3
2355,308,13,216,97,1566,185,232,187,916,cache_la_poudre,2,3
2355,324,25,283,104,674,149,204,191,426,cache_la_poudre,10,3
2355,335,22,150,98,1571,164,204,176,875,cache_la_poudre,2,3
2355,357,21,162,61,1050,183,198,149,730,cache_la_poudre,6,3
2356,24,28,30,16,1290,192,167,98,942,cache_la_poudre,10,3
2356,28,7,150,47,1318,218,225,143,300,cache_la_poudre,6,3
2356,65,13,30,7,1261,232,214,112,607,cache_la_poudre,6,3
2356,89,26,95,22,1001,248,188,52,924,cache_la_poudre,5,3
2356,94,10,85,17,1401,236,225,119,342,cache_la_poudre,6,3
2356,96,15,170,21,446,242,218,101,700,cache_la_poudre,2,3
2356,100,13,127,12,495,241,222,109,726,cache_la_poudre,2,3
2356,111,36,192,109,1558,253,176,16,361,cache_la_poudre,3,3
2356,115,32,190,90,1312,254,190,37,636,cache_la_poudre,3,3
2356,122,23,108,51,842,252,215,78,781,cache_la_poudre,3,3
2356,127,28,324,6,1020,252,209,64,816,cache_la_poudre,1,3
2356,132,29,404,117,467,251,211,66,830,cache_la_poudre,3,3
2356,135,14,190,44,1082,241,233,118,42,cache_la_poudre,6,3
2356,176,19,30,1,366,226,247,144,977,cache_la_poudre,4,3
2356,180,12,30,0,541,224,247,154,1230,cache_la_poudre,4,3
2356,292,27,134,54,1380,134,223,224,797,cache_la_poudre,10,3
2356,323,26,90,37,108,145,203,193,424,cache_la_poudre,10,3
2356,345,14,30,7,390,191,217,164,892,cache_la_poudre,10,3
2356,357,15,484,132,1256,195,211,153,552,cache_la_poudre,10,3
2357,2,27,201,55,1350,173,179,135,765,cache_la_poudre,10,3
2357,4,9,474,232,994,208,222,151,1377,cache_la_poudre,6,3
2357,6,20,454,133,1240,190,196,138,524,cache_la_poudre,10,3
2357,39,6,234,60,1324,221,226,141,339,cache_la_poudre,6,3
2357,49,29,150,105,1358,218,166,64,1130,cache_la_poudre,2,3
2357,90,30,283,157,1543,249,177,34,182,cache_la_poudre,10,3
2357,97,24,60,12,170,251,197,60,849,cache_la_poudre,4,3
2357,106,20,42,12,484,249,211,81,510,cache_la_poudre,2,3
2357,118,23,324,37,450,252,213,76,1149,cache_la_poudre,3,3
2357,130,15,150,56,900,243,231,113,849,cache_la_poudre,3,3
2357,291,29,309,115,752,127,221,227,342,cache_la_poudre,10,3
2357,349,29,170,105,1316,152,177,154,1121,cache_la_poudre,10,3
2358,23,31,108,29,849,185,158,92,642,cache_la_poudre,10,3
2358,33,10,430,202,1284,218,218,135,626,cache_la_poudre,6,3
2358,36,29,170,37,872,204,164,79,703,cache_la_poudre,10,3
2358,81,9,67,0,553,232,225,125,782,cache_la_poudre,2,3
2358,87,25,127,41,309,247,189,55,685,cache_la_poudre,4,3
2358,91,27,108,41,283,249,186,48,698,cache_la_poudre,4,3
2358,94,16,212,29,430,243,215,97,671,cache_la_poudre,2,3
2358,125,32,170,103,1492,253,199,47,424,cache_la_poudre,3,3
2358,134,23,30,9,309,249,222,88,911,cache_la_poudre,4,3
2358,143,19,190,71,1167,244,232,109,1022,cache_la_poudre,3,3
2358,293,18,60,15,258,166,233,206,797,cache_la_poudre,10,3
2358,308,29,153,16,1266,129,208,213,960,cache_la_poudre,10,3
2358,318,20,309,144,1047,162,217,193,42,cache_la_poudre,10,3
2358,333,24,285,161,1383,158,202,179,854,cache_la_poudre,2,3
2358,338,18,216,101,1365,178,211,171,1087,cache_la_poudre,10,3
2359,13,22,300,115,1454,193,189,127,564,cache_la_poudre,10,3
2359,16,26,323,206,1129,187,175,114,1253,cache_la_poudre,10,3
2359,50,11,180,102,1583,225,215,123,834,cache_la_poudre,2,3
2359,82,19,30,14,108,242,204,84,841,cache_la_poudre,4,3
2359,137,20,150,61,932,246,228,102,883,cache_la_poudre,3,3
2359,188,14,30,0,618,220,250,160,1253,cache_la_poudre,4,3
2359,196,12,306,72,1053,217,250,165,1033,cache_la_poudre,3,3
2359,276,18,90,20,60,168,241,211,693,cache_la_poudre,10,3
2359,278,12,391,194,1437,187,242,195,636,cache_la_poudre,6,3
2359,321,33,150,54,324,119,187,198,1518,cache_la_poudre,10,3
2359,333,22,192,63,972,163,205,178,192,cache_la_poudre,6,3
2359,352,10,510,203,1298,202,222,158,591,cache_la_poudre,6,3
2360,45,9,443,205,1308,223,221,133,636,cache_la_poudre,6,3
2360,55,13,247,61,459,228,211,114,577,cache_la_poudre,4,3
2360,87,19,268,53,997,245,204,81,969,cache_la_poudre,3,3
2360,126,15,212,73,1129,244,229,111,1050,cache_la_poudre,3,3
2360,149,12,335,73,1025,236,239,131,1006,cache_la_poudre,3,3
2360,242,27,466,30,785,158,250,221,816,cache_la_poudre,1,3
2360,293,28,437,119,201,132,221,224,1691,cache_la_poudre,10,3
2360,300,28,417,119,309,131,216,219,1784,cache_la_poudre,10,3
2360,319,19,60,11,324,167,219,190,847,cache_la_poudre,10,3
2360,328,19,90,-1,371,171,214,182,953,cache_la_poudre,10,3
2361,39,23,60,40,1155,214,183,95,1100,cache_la_poudre,10,3
2361,70,13,182,72,404,234,214,109,484,cache_la_poudre,4,3
2361,130,11,180,71,752,238,234,125,566,cache_la_poudre,6,3
2361,230,12,272,74,1072,202,251,185,1048,cache_la_poudre,3,3
2361,266,21,120,34,120,163,244,217,641,cache_la_poudre,10,3
2361,286,21,571,236,731,157,234,215,1530,cache_la_poudre,10,3
2361,290,25,108,19,1209,143,227,221,1020,cache_la_poudre,10,3
2361,326,27,127,59,255,145,199,188,242,cache_la_poudre,10,3
2361,329,31,95,43,170,132,187,185,124,cache_la_poudre,10,3
2361,332,11,234,101,1538,193,225,172,900,cache_la_poudre,2,3
2362,2,14,255,22,1414,200,213,149,458,cache_la_poudre,10,3
2362,27,8,488,168,967,217,222,141,1406,cache_la_poudre,6,3
2362,51,16,277,66,488,226,204,107,511,cache_la_poudre,4,3
2362,64,18,190,52,379,233,200,92,626,cache_la_poudre,4,3
2362,64,25,150,31,95,233,181,66,782,cache_la_poudre,4,3
2362,76,15,212,71,424,237,211,101,481,cache_la_poudre,4,3
2362,322,14,488,237,836,183,225,182,1443,cache_la_poudre,6,3
2362,339,25,212,101,589,159,197,171,531,cache_la_poudre,10,3
2363,70,13,242,64,430,233,214,111,582,cache_la_poudre,4,3
2363,74,20,283,58,1383,239,199,82,300,cache_la_poudre,6,3
2363,75,8,60,-2,576,230,225,127,808,cache_la_poudre,2,3
2363,101,22,300,22,990,250,204,71,799,cache_la_poudre,10,3
2363,102,20,127,83,1584,249,209,79,778,cache_la_poudre,2,3
2363,123,21,162,72,1254,250,218,85,972,cache_la_poudre,3,3
2363,159,19,108,59,726,236,240,126,666,cache_la_poudre,3,3
2363,171,30,60,4,474,225,237,122,1189,cache_la_poudre,4,3
2363,198,27,30,7,404,201,250,168,1077,cache_la_poudre,4,3
2363,274,23,402,110,339,152,238,222,693,cache_la_poudre,10,3
2363,347,32,300,207,1209,145,172,154,1224,cache_la_poudre,10,3
2364,0,4,0,0,541,213,232,156,1358,cache_la_poudre,16,3
2364,12,16,60,13,443,202,205,138,1008,cache_la_poudre,10,3
2364,43,10,454,214,1332,222,219,131,646,cache_la_poudre,6,3
2364,47,10,417,214,1326,224,217,127,664,cache_la_poudre,6,3
2364,86,3,30,0,525,224,234,145,1337,cache_la_poudre,16,3
2364,134,22,108,60,765,248,225,93,693,cache_la_poudre,3,3
2364,142,14,218,77,1138,240,236,122,1052,cache_la_poudre,3,3
2364,253,22,485,-12,242,164,248,218,721,cache_la_poudre,10,3
2364,319,28,309,117,685,138,202,199,408,cache_la_poudre,10,3
2364,329,19,335,153,1061,172,214,180,30,cache_la_poudre,10,3
2364,330,25,295,167,1356,152,200,183,845,cache_la_poudre,2,3
2364,349,23,301,167,1426,170,194,158,847,cache_la_poudre,2,3
2364,358,32,420,158,1123,154,164,134,124,cache_la_poudre,10,3
2365,59,11,85,6,1265,228,217,120,618,cache_la_poudre,6,3
2365,81,15,30,6,1222,239,213,101,649,cache_la_poudre,6,3
2365,252,22,474,140,510,166,249,217,1770,cache_la_poudre,10,3
2365,293,32,309,35,638,116,215,230,658,cache_la_poudre,10,3
2365,296,26,300,127,819,140,222,218,277,cache_la_poudre,10,3
2365,300,30,323,123,725,124,212,221,366,cache_la_poudre,10,3
2365,322,11,201,75,816,191,229,177,513,cache_la_poudre,6,3
2366,4,11,451,142,1266,206,220,151,537,cache_la_poudre,6,3
2366,6,14,228,59,1342,201,212,146,366,cache_la_poudre,6,3
2366,32,27,285,122,1421,203,172,91,636,cache_la_poudre,10,3
2366,83,16,90,26,124,241,211,96,900,cache_la_poudre,4,3
2366,109,15,170,22,518,245,222,102,684,cache_la_poudre,1,3
2366,111,22,30,7,518,252,209,73,481,cache_la_poudre,1,3
2366,118,8,42,2,499,234,233,130,1315,cache_la_poudre,4,3
2366,128,32,201,100,1341,252,201,48,616,cache_la_poudre,3,3
2366,165,16,216,82,1436,232,243,137,902,cache_la_poudre,2,3
2366,263,10,417,194,1463,195,245,189,664,cache_la_poudre,6,3
2366,332,26,124,58,242,150,197,181,134,cache_la_poudre,10,3
2366,342,9,0,0,551,202,227,164,1358,cache_la_poudre,16,3
2366,351,11,510,142,1323,201,222,159,604,cache_la_poudre,6,3
2366,353,18,242,109,1348,186,206,156,1075,cache_la_poudre,10,3
2367,5,21,331,223,1024,189,195,139,1316,cache_la_poudre,10,3
2367,43,13,180,76,382,222,212,122,454,cache_la_poudre,4,3
2367,45,9,391,215,1345,223,220,132,693,cache_la_poudre,6,3
2367,69,20,182,57,351,237,196,82,636,cache_la_poudre,4,3
2367,118,25,335,52,424,253,209,69,1084,cache_la_poudre,3,3
2367,194,25,0,0,552,208,250,163,1254,cache_la_poudre,16,3
2367,203,29,30,20,361,192,251,177,997,cache_la_poudre,4,3
2367,294,18,85,24,242,165,232,206,769,cache_la_poudre,10,3
2367,297,27,408,126,350,134,219,220,1825,cache_la_poudre,10,3
2367,315,22,150,70,484,156,216,198,658,cache_la_poudre,10,3
2367,316,23,175,87,518,154,214,197,616,cache_la_poudre,10,3
2367,316,23,67,32,391,153,214,198,785,cache_la_poudre,10,3
2367,318,18,162,65,1380,169,221,190,800,cache_la_poudre,10,3
2367,328,31,120,49,170,132,188,187,162,cache_la_poudre,10,3
2368,16,9,488,174,927,212,222,146,1430,cache_la_poudre,6,3
2368,19,25,277,124,1385,192,178,112,684,cache_la_poudre,10,3
2368,29,9,459,216,1357,217,221,139,658,cache_la_poudre,6,3
2368,32,28,150,39,875,201,167,86,684,cache_la_poudre,10,3
2368,40,27,362,126,1190,211,169,78,900,cache_la_poudre,10,3
2368,44,17,42,5,510,222,201,109,524,cache_la_poudre,6,3
2368,51,13,108,-9,636,226,211,116,765,cache_la_poudre,2,3
2368,56,10,108,9,1254,227,218,124,638,cache_la_poudre,6,3
2368,123,29,309,6,1020,254,204,56,841,cache_la_poudre,1,3
2368,123,33,210,78,1150,253,195,40,807,cache_la_poudre,3,3
2368,256,20,499,143,537,171,248,213,1740,cache_la_poudre,10,3
2368,299,20,170,66,1001,160,228,207,170,cache_la_poudre,6,3
2368,302,27,108,30,1381,135,216,216,854,cache_la_poudre,10,3
2368,321,26,120,46,127,146,205,194,446,cache_la_poudre,10,3
2368,324,27,300,113,646,141,199,192,450,cache_la_poudre,10,3
2368,332,19,382,181,1406,171,212,178,524,cache_la_poudre,10,3
2368,339,28,108,57,212,149,188,170,108,cache_la_poudre,10,3
2368,342,28,212,116,1273,151,185,166,1114,cache_la_poudre,10,3
2369,7,19,277,24,1442,195,200,139,525,cache_la_poudre,10,3
2369,117,16,190,70,841,246,224,102,789,cache_la_poudre,3,3
2369,137,34,192,107,1377,248,206,56,573,cache_la_poudre,3,3
2369,143,17,228,85,1409,242,234,116,930,cache_la_poudre,2,3
2369,229,22,459,39,806,180,254,203,808,cache_la_poudre,1,3
2369,259,7,30,8,778,203,244,180,1595,cache_la_poudre,11,3
2369,286,19,446,160,319,163,236,211,730,cache_la_poudre,10,3
2369,295,16,553,148,618,174,234,199,1650,cache_la_poudre,10,3
2369,298,18,190,42,162,168,231,203,573,cache_la_poudre,10,3
2369,310,25,319,142,899,144,214,206,192,cache_la_poudre,10,3
2369,321,25,90,39,702,148,207,194,430,cache_la_poudre,10,3
2369,329,19,42,0,797,170,213,181,361,cache_la_poudre,10,3
2369,346,34,277,172,810,134,165,155,1504,cache_la_poudre,10,3
2370,25,17,0,0,1230,210,202,124,993,cache_la_poudre,10,3
2370,36,26,30,21,1260,208,173,87,972,cache_la_poudre,10,3
2370,55,8,430,217,1374,225,223,132,685,cache_la_poudre,6,3
2370,74,17,134,-4,480,238,205,92,579,cache_la_poudre,2,3
2370,78,22,170,53,323,242,194,72,646,cache_la_poudre,4,3
2370,167,15,342,83,1036,231,244,140,1020,cache_la_poudre,3,3
2370,216,17,108,51,706,201,254,184,633,cache_la_poudre,3,3
2370,251,17,525,145,564,180,250,206,1710,cache_la_poudre,10,3
2370,288,7,242,80,811,201,240,178,474,cache_la_poudre,6,3
2370,321,13,0,0,799,187,227,180,335,cache_la_poudre,10,3
2370,332,30,108,54,192,138,187,181,120,cache_la_poudre,10,3
2371,11,16,180,75,361,202,206,139,424,cache_la_poudre,4,3
2371,15,27,362,218,1087,184,172,114,1233,cache_la_poudre,10,3
2371,66,5,450,147,1317,225,230,141,566,cache_la_poudre,6,3
2371,120,27,335,104,402,254,205,59,955,cache_la_poudre,3,3
2371,121,12,30,3,524,240,230,117,1318,cache_la_poudre,4,3
2371,310,18,153,38,30,168,225,196,600,cache_la_poudre,10,3
2371,315,25,319,151,939,146,211,201,150,cache_la_poudre,10,3
2371,327,17,518,246,808,176,218,181,1473,cache_la_poudre,6,3
2371,332,19,30,10,1230,172,212,178,966,cache_la_poudre,10,3
2371,334,17,0,0,1050,179,215,174,1209,cache_la_poudre,10,3
2372,5,24,247,34,1383,182,187,135,713,cache_la_poudre,10,3
2372,8,7,495,220,1365,212,226,152,644,cache_la_poudre,6,3
2372,78,7,467,130,1384,229,228,132,624,cache_la_poudre,6,3
2372,120,18,212,85,1328,248,222,96,968,cache_la_poudre,2,3
2372,177,29,60,12,525,219,241,133,1201,cache_la_poudre,4,3
2372,235,11,351,206,1396,200,250,187,671,cache_la_poudre,6,3
2372,270,24,376,47,210,150,240,225,765,cache_la_poudre,10,3
2372,291,30,319,135,792,122,219,229,300,cache_la_poudre,10,3
2372,301,32,150,92,402,118,208,222,1716,cache_la_poudre,10,3
2372,304,11,458,200,1504,191,235,184,684,cache_la_poudre,6,3
2372,311,36,170,68,300,101,188,214,1537,cache_la_poudre,10,3
2372,327,30,127,52,175,133,190,188,201,cache_la_poudre,10,3
2372,346,26,277,133,1211,160,187,160,1075,cache_la_poudre,10,3
2373,31,26,0,0,854,203,174,94,537,cache_la_poudre,10,3
2373,41,9,395,220,1368,221,220,133,702,cache_la_poudre,6,3
2373,64,17,67,4,510,233,203,96,532,cache_la_poudre,2,3
2373,66,21,212,66,947,235,193,80,911,cache_la_poudre,3,3
2373,70,14,60,14,1209,235,212,106,666,cache_la_poudre,6,3
2373,90,27,95,39,934,249,185,47,1008,cache_la_poudre,5,3
2373,120,25,42,19,845,253,210,69,1082,cache_la_poudre,5,3
2373,276,23,150,44,180,152,237,222,626,cache_la_poudre,10,3
2373,286,35,255,157,1231,104,214,238,1084,cache_la_poudre,10,3
2373,296,31,391,132,324,118,212,226,1811,cache_la_poudre,10,3
2373,307,16,134,33,0,173,229,195,631,cache_la_poudre,10,3
2373,324,28,108,52,170,138,197,193,300,cache_la_poudre,10,3
2373,328,25,134,64,258,153,203,186,162,cache_la_poudre,10,3
2374,45,8,446,132,1410,223,223,135,642,cache_la_poudre,6,3
2374,58,16,306,64,451,230,204,102,518,cache_la_poudre,4,3
2374,63,14,192,-12,684,232,211,109,702,cache_la_poudre,2,3
2374,78,26,127,34,120,243,184,55,842,cache_la_poudre,4,3
2374,83,16,85,8,618,241,210,95,745,cache_la_poudre,1,3
2374,101,33,277,167,1595,252,176,23,212,cache_la_poudre,3,3
2374,104,24,108,34,120,252,202,64,872,cache_la_poudre,4,3
2374,123,34,190,102,1213,253,193,37,743,cache_la_poudre,3,3
2374,151,26,258,31,474,242,229,99,661,cache_la_poudre,3,3
2374,293,23,150,36,1413,150,228,215,816,cache_la_poudre,10,3
2374,324,23,384,184,1398,157,210,189,488,cache_la_poudre,10,3
2374,335,16,524,249,819,183,218,173,1475,cache_la_poudre,6,3
2375,26,15,30,13,446,212,205,127,966,cache_la_poudre,10,3
2375,26,18,210,81,1032,209,199,122,663,cache_la_poudre,6,3
2375,31,25,295,131,1418,204,177,96,664,cache_la_poudre,10,3
2375,46,16,127,-4,658,223,204,110,752,cache_la_poudre,2,3
2375,49,17,301,77,480,225,202,105,484,cache_la_poudre,4,3
2375,54,19,216,34,932,227,195,93,750,cache_la_poudre,10,3
2375,111,15,60,7,497,244,223,104,1296,cache_la_poudre,4,3
2375,123,25,362,81,437,253,211,70,1040,cache_la_poudre,3,3
2375,314,20,90,26,335,161,219,196,832,cache_la_poudre,10,3
2375,324,29,190,45,659,136,196,193,541,cache_la_poudre,10,3
2375,341,24,170,75,297,164,198,169,301,cache_la_poudre,10,3
2375,346,16,450,208,1492,188,213,163,648,cache_la_poudre,10,3
2376,61,7,162,8,1233,226,225,133,679,cache_la_poudre,6,3
2376,80,20,350,69,959,242,199,77,939,cache_la_poudre,2,3
2376,81,27,400,134,1209,244,181,50,819,cache_la_poudre,1,3
2376,90,26,134,44,510,249,189,53,488,cache_la_poudre,1,3
2376,133,9,150,30,1348,235,236,131,552,cache_la_poudre,6,3
2376,172,32,60,17,577,222,235,119,1216,cache_la_poudre,4,3
2376,248,9,510,151,577,200,247,185,1711,cache_la_poudre,10,3
2376,275,19,120,31,134,164,240,214,684,cache_la_poudre,10,3
2376,293,28,408,135,216,130,221,224,1718,cache_la_poudre,10,3
2376,302,35,242,175,752,105,200,224,1585,cache_la_poudre,10,3
2376,303,30,180,96,418,123,209,219,1758,cache_la_poudre,10,3
2376,314,24,180,88,488,150,213,200,638,cache_la_poudre,10,3
2376,317,24,120,68,421,151,212,198,722,cache_la_poudre,10,3
2376,324,26,90,46,731,147,203,191,424,cache_la_poudre,10,3
2376,348,29,283,194,1230,152,179,156,1184,cache_la_poudre,10,3
2377,26,17,90,26,484,210,200,122,1048,cache_la_poudre,10,3
2377,27,14,361,233,999,213,209,129,1289,cache_la_poudre,1,3
2377,70,14,300,133,1249,235,212,106,1187,cache_la_poudre,2,3
2377,116,17,212,33,541,247,222,97,642,cache_la_poudre,1,3
2377,118,6,175,97,1530,230,235,138,832,cache_la_poudre,2,3
2377,127,24,42,17,781,251,217,80,1165,cache_la_poudre,5,3
2377,138,12,379,90,1020,239,236,125,1008,cache_la_poudre,2,3
2377,145,24,212,78,842,245,228,98,794,cache_la_poudre,3,3
2377,200,15,323,90,1075,214,252,169,1061,cache_la_poudre,3,3
2377,285,13,524,156,631,184,240,195,1651,cache_la_poudre,10,3
2377,305,29,258,97,582,127,209,216,1772,cache_la_poudre,10,3
2377,307,19,90,39,1261,163,225,200,899,cache_la_poudre,10,3
2377,320,26,124,58,150,146,206,196,426,cache_la_poudre,10,3
2377,337,28,124,62,212,148,189,173,124,cache_la_poudre,10,3
2378,5,13,242,121,1384,202,213,147,1008,cache_la_poudre,2,3
2378,27,13,255,32,1414,214,212,131,541,cache_la_poudre,6,3
2378,97,22,268,126,1256,249,204,72,1250,cache_la_poudre,2,3
2378,109,17,175,73,810,247,219,96,755,cache_la_poudre,3,3
2378,127,20,60,18,750,249,222,92,1207,cache_la_poudre,5,3
2378,130,15,218,91,1198,243,230,112,1031,cache_la_poudre,2,3
2378,229,4,469,153,566,213,244,168,1742,cache_la_poudre,6,3
2378,286,17,42,7,402,171,237,206,886,cache_la_poudre,10,3
2378,307,28,268,169,1266,134,211,212,904,cache_la_poudre,10,3
2378,338,15,516,181,832,187,218,170,1478,cache_la_poudre,6,3
2379,40,19,0,0,864,218,194,104,524,cache_la_poudre,10,3
2379,42,11,362,191,973,222,215,127,1261,cache_la_poudre,1,3
2379,88,28,175,45,1054,248,181,42,914,cache_la_poudre,3,3
2379,129,10,175,20,1262,236,234,128,658,cache_la_poudre,6,3
2379,137,22,30,2,524,247,226,96,1302,cache_la_poudre,4,3
2379,140,27,350,36,509,248,221,83,750,cache_la_poudre,3,3
2379,266,9,518,158,604,197,244,187,1681,cache_la_poudre,10,3
2379,289,25,424,170,342,143,228,221,760,cache_la_poudre,10,3
2379,339,7,492,137,1482,206,231,163,732,cache_la_poudre,6,3
2380,25,13,446,183,875,213,212,133,1489,cache_la_poudre,6,3
2380,51,21,30,19,1230,225,191,90,1001,cache_la_poudre,10,3
2380,58,6,0,0,633,225,227,137,1384,cache_la_poudre,4,3
2380,66,13,0,0,666,232,213,110,872,cache_la_poudre,2,3
2380,117,18,216,89,1249,247,221,95,1012,cache_la_poudre,2,3
2380,131,10,170,21,1300,237,235,127,616,cache_la_poudre,6,3
2380,139,34,216,118,1360,247,206,56,595,cache_la_poudre,3,3
2380,168,13,451,9,849,230,245,144,794,cache_la_poudre,1,3
2380,314,23,180,55,162,154,215,199,511,cache_la_poudre,10,3
2380,318,25,30,17,1048,147,209,198,1206,cache_la_poudre,10,3
2380,320,25,339,158,953,149,208,195,134,cache_la_poudre,10,3
2380,338,20,67,10,808,172,207,171,391,cache_la_poudre,10,3
2380,348,14,492,183,845,192,216,161,1481,cache_la_poudre,6,3
2380,349,29,330,198,1188,155,180,155,1194,cache_la_poudre,10,3
2380,354,19,210,82,339,185,203,153,361,cache_la_poudre,10,3
2381,0,14,469,184,860,199,214,151,1485,cache_la_poudre,6,3
2381,2,31,450,171,1134,163,166,128,190,cache_la_poudre,10,3
2381,14,25,335,225,1146,187,179,119,1208,cache_la_poudre,10,3
2381,27,29,124,31,883,193,163,90,649,cache_la_poudre,10,3
2381,52,17,67,-5,680,226,202,104,819,cache_la_poudre,2,3
2381,109,31,201,65,1074,254,189,39,892,cache_la_poudre,3,3
2381,110,17,234,41,532,247,219,95,624,cache_la_poudre,1,3
2381,201,29,42,25,382,194,250,174,1071,cache_la_poudre,4,3
2381,310,21,120,39,1146,158,221,201,1080,cache_la_poudre,10,3
2381,324,24,150,75,277,154,208,190,190,cache_la_poudre,10,3
2381,330,27,421,176,1214,147,197,183,272,cache_la_poudre,10,3
2382,46,15,234,65,335,223,206,112,579,cache_la_poudre,4,3
2382,103,37,255,142,1645,252,166,6,309,cache_la_poudre,3,3
2382,118,13,342,138,1207,241,228,115,1205,cache_la_poudre,2,3
2382,245,23,469,173,309,168,251,215,771,cache_la_poudre,10,3
2382,295,32,295,52,661,116,213,229,646,cache_la_poudre,10,3
2382,302,14,0,0,450,181,233,192,916,cache_la_poudre,10,3
2382,325,29,127,58,192,136,195,192,283,cache_la_poudre,10,3
2382,326,23,30,10,1020,158,208,187,1239,cache_la_poudre,10,3
2383,2,30,450,177,1116,164,169,131,162,cache_la_poudre,10,3
2383,13,22,0,0,778,193,189,127,390,cache_la_poudre,10,3
2383,27,19,277,74,1401,209,197,119,335,cache_la_poudre,10,3
2383,61,17,170,-7,703,232,202,96,731,cache_la_poudre,10,3
2383,79,23,234,76,918,243,191,65,882,cache_la_poudre,3,3
2383,88,22,120,36,212,246,199,71,908,cache_la_poudre,4,3
2383,88,22,108,40,234,246,197,69,912,cache_la_poudre,4,3
2383,136,14,247,96,1170,240,234,120,1061,cache_la_poudre,2,3
2383,158,23,309,40,511,238,237,116,708,cache_la_poudre,3,3
2383,298,17,134,47,212,170,232,201,713,cache_la_poudre,10,3
2383,321,15,391,158,492,181,224,183,1832,cache_la_poudre,6,3
2383,339,18,60,13,836,178,211,170,395,cache_la_poudre,10,3
2383,347,30,408,193,1296,148,176,156,360,cache_la_poudre,10,3
2384,7,11,170,14,1195,207,218,148,721,cache_la_poudre,6,3
2384,23,14,350,196,949,211,209,132,1234,cache_la_poudre,1,3
2384,29,12,150,16,1205,216,214,133,700,cache_la_poudre,6,3
2384,58,16,30,14,1200,230,205,103,1031,cache_la_poudre,10,3
2384,61,14,270,86,424,231,210,108,421,cache_la_poudre,4,3
2384,116,34,201,112,1237,254,186,29,721,cache_la_poudre,3,3
2384,120,34,283,168,1618,254,190,33,247,cache_la_poudre,3,3
2384,160,21,127,41,467,236,239,122,531,cache_la_poudre,3,3
2384,330,22,162,76,283,164,208,181,175,cache_la_poudre,10,3
2384,338,20,255,118,1433,173,208,171,805,cache_la_poudre,10,3
2385,86,24,95,42,255,246,192,62,918,cache_la_poudre,4,3
2385,120,18,234,94,1261,247,223,97,1019,cache_la_poudre,2,3
2385,121,29,295,12,1022,254,203,55,824,cache_la_poudre,1,3
2385,129,25,67,29,811,251,216,78,1140,cache_la_poudre,5,3
2385,271,26,180,56,210,144,238,228,607,cache_la_poudre,10,3
2385,312,16,190,52,30,174,226,192,571,cache_la_poudre,10,3
2385,313,25,180,88,459,145,212,203,661,cache_la_poudre,10,3
2385,328,28,268,195,1231,140,195,187,1150,cache_la_poudre,10,3
2385,345,13,335,128,1240,195,220,163,1138,cache_la_poudre,2,3
2386,24,17,85,14,1087,208,200,124,1165,cache_la_poudre,6,3
2386,30,23,285,48,1430,206,183,103,674,cache_la_poudre,10,3
2386,56,9,255,37,1376,226,222,130,582,cache_la_poudre,6,3
2386,70,18,30,13,875,237,203,91,513,cache_la_poudre,6,3
2386,73,16,30,12,674,237,208,97,841,cache_la_poudre,1,3
2386,136,15,228,18,1245,242,233,117,703,cache_la_poudre,6,3
2386,137,19,384,71,484,246,229,103,1124,cache_la_poudre,3,3
2386,139,25,95,40,162,248,222,86,666,cache_la_poudre,4,3
2386,272,26,390,61,240,141,236,229,792,cache_la_poudre,10,3
2386,303,32,258,193,1230,118,206,220,1116,cache_la_poudre,10,3
2386,311,19,30,9,1170,166,223,196,994,cache_la_poudre,10,3
2386,317,24,124,69,391,149,210,198,745,cache_la_poudre,10,3
2386,335,28,450,181,1172,147,191,177,247,cache_la_poudre,10,3
2387,12,19,255,76,1396,196,197,133,362,cache_la_poudre,10,3
2387,13,28,30,8,882,180,170,114,564,cache_la_poudre,10,3
2387,16,19,150,36,558,200,196,128,1142,cache_la_poudre,10,3
2387,30,9,408,145,1504,218,220,138,722,cache_la_poudre,6,3
2387,36,12,240,89,382,219,213,128,390,cache_la_poudre,4,3
2387,48,13,255,62,331,224,211,118,552,cache_la_poudre,4,3
2387,76,19,85,13,658,239,202,86,750,cache_la_poudre,1,3
2387,90,8,277,100,1329,232,228,129,1015,cache_la_poudre,2,3
2387,107,9,426,143,1123,236,229,124,1129,cache_la_poudre,2,3
2387,128,21,201,89,908,249,222,92,866,cache_la_poudre,3,3
2387,273,16,120,-1,1173,176,243,205,1050,cache_la_poudre,6,3
2387,315,2,0,0,451,213,237,162,924,cache_la_poudre,10,3
2387,335,32,285,191,780,133,179,175,1530,cache_la_poudre,10,3
2387,356,13,323,130,1266,199,217,155,1110,cache_la_poudre,2,3
2388,0,14,402,200,984,199,214,151,1209,cache_la_poudre,1,3
2388,10,34,323,-24,785,164,153,108,1477,cache_la_poudre,10,3
2388,11,9,0,0,1140,211,222,148,1034,cache_la_poudre,6,3
2388,23,20,201,136,1294,203,192,119,1172,cache_la_poudre,2,3
2388,26,19,42,10,510,208,197,119,983,cache_la_poudre,10,3
2388,50,15,212,63,306,226,207,111,591,cache_la_poudre,4,3
2388,57,28,192,133,540,226,169,58,474,cache_la_poudre,10,3
2388,68,28,350,188,1500,235,174,52,247,cache_la_poudre,10,3
2388,71,16,313,71,390,236,208,99,503,cache_la_poudre,4,3
2388,78,19,67,14,671,240,203,85,774,cache_la_poudre,1,3
2388,97,22,127,56,228,249,203,71,659,cache_la_poudre,4,3
2388,101,23,391,81,942,251,203,68,927,cache_la_poudre,2,3
2388,150,20,417,45,531,241,235,113,816,cache_la_poudre,3,3
2388,300,20,210,58,190,159,227,206,534,cache_la_poudre,10,3
2388,310,25,361,161,886,145,214,206,201,cache_la_poudre,10,3
2389,83,19,216,82,912,243,203,81,874,cache_la_poudre,3,3
2389,127,24,60,5,497,251,216,79,1279,cache_la_poudre,4,3
2389,130,12,256,102,1182,240,233,121,1065,cache_la_poudre,2,3
2389,139,25,376,46,531,248,222,87,774,cache_la_poudre,3,3
2389,152,8,408,102,1061,230,240,142,1057,cache_la_poudre,2,3
2389,316,32,350,142,671,121,195,205,417,cache_la_poudre,10,3
2389,324,21,170,82,297,161,212,188,218,cache_la_poudre,10,3
2389,327,23,351,192,1332,157,207,186,787,cache_la_poudre,10,3
2389,340,12,484,147,1549,193,221,167,700,cache_la_poudre,6,3
2389,345,21,426,199,1440,175,203,163,514,cache_la_poudre,10,3
2390,2,9,339,99,1250,208,224,153,1101,cache_la_poudre,2,3
2390,88,19,175,24,618,244,206,84,658,cache_la_poudre,1,3
2390,93,8,525,96,592,233,228,127,990,cache_la_poudre,3,3
2390,98,25,150,45,540,251,195,56,459,cache_la_poudre,1,3
2390,106,26,134,56,962,253,199,58,1003,cache_la_poudre,5,3
2390,271,24,426,181,350,149,239,225,794,cache_la_poudre,10,3
2390,283,17,153,44,170,170,238,207,674,cache_la_poudre,10,3
2390,285,18,42,8,408,168,237,208,875,cache_la_poudre,10,3
2390,305,20,180,51,30,160,224,203,607,cache_la_poudre,10,3
2390,306,15,218,55,30,177,230,193,541,cache_la_poudre,10,3
2391,4,8,319,104,1276,210,225,153,1072,cache_la_poudre,2,3
2391,59,12,309,203,907,229,215,117,1221,cache_la_poudre,1,3
2391,90,8,255,32,1339,232,228,129,624,cache_la_poudre,6,3
2391,107,22,85,37,872,251,208,74,1074,cache_la_poudre,5,3
2391,110,14,60,15,997,243,224,107,882,cache_la_poudre,6,3
2391,150,20,268,48,516,241,236,115,666,cache_la_poudre,3,3
2391,167,17,443,48,552,232,244,137,841,cache_la_poudre,3,3
2391,204,26,67,41,339,195,252,178,1012,cache_la_poudre,4,3
2391,224,25,371,61,743,179,254,202,721,cache_la_poudre,1,3
2391,259,22,361,186,404,161,246,220,716,cache_la_poudre,11,3
2391,312,27,85,39,1065,137,209,207,1172,cache_la_poudre,10,3
2391,320,31,331,136,631,126,193,199,458,cache_la_poudre,10,3
2391,323,23,120,49,1116,154,209,191,1110,cache_la_poudre,10,3
2391,330,29,153,73,212,138,191,185,182,cache_la_poudre,10,3
2391,339,27,150,75,234,153,191,171,153,cache_la_poudre,10,3
2392,23,8,0,0,1110,216,223,144,1050,cache_la_poudre,6,3
2392,32,9,350,167,488,218,220,137,1837,cache_la_poudre,6,3
2392,36,12,0,0,481,219,212,127,949,cache_la_poudre,10,3
2392,51,28,342,2,1140,220,167,63,932,cache_la_poudre,10,3
2392,170,16,470,49,573,230,245,142,865,cache_la_poudre,3,3
2392,295,30,283,112,577,121,215,226,1758,cache_la_poudre,10,3
2392,305,28,362,151,277,134,213,214,1785,cache_la_poudre,6,3
2392,339,23,256,133,541,164,200,170,558,cache_la_poudre,10,3
2393,52,14,319,34,1354,226,208,112,659,cache_la_poudre,6,3
2393,55,9,30,4,1170,226,221,128,1057,cache_la_poudre,6,3
2393,85,10,450,3,1082,235,223,119,1087,cache_la_poudre,2,3
2393,97,20,216,-28,553,248,206,77,582,cache_la_poudre,1,3
2393,127,12,258,102,1234,240,232,120,1048,cache_la_poudre,2,3
2393,133,11,541,126,607,237,235,127,973,cache_la_poudre,3,3
2393,227,10,351,106,1114,206,250,180,1107,cache_la_poudre,2,3
2393,230,20,120,37,824,184,254,202,1613,cache_la_poudre,6,3
2393,316,25,323,181,1235,145,210,200,845,cache_la_poudre,10,3
2394,69,12,108,24,1110,232,217,115,787,cache_la_poudre,6,3
2394,89,12,30,4,836,239,220,109,1040,cache_la_poudre,6,3
2394,92,22,170,-14,543,248,200,70,551,cache_la_poudre,1,3
2394,148,9,285,107,1155,233,239,138,1095,cache_la_poudre,2,3
2394,278,30,247,114,488,125,228,235,1838,cache_la_poudre,10,3
2394,315,34,162,68,283,113,191,208,1513,cache_la_poudre,10,3
2394,324,28,180,64,711,137,197,193,524,cache_la_poudre,10,3
2394,340,28,430,204,1253,150,187,169,331,cache_la_poudre,10,3
2394,353,33,313,197,780,146,164,143,1516,cache_la_poudre,10,3
2395,13,6,319,104,1235,214,227,150,1092,cache_la_poudre,2,3
2395,22,10,417,153,1544,214,218,140,755,cache_la_poudre,6,3
2395,42,26,150,33,912,214,173,80,674,cache_la_poudre,10,3
2395,50,20,212,22,967,224,192,93,741,cache_la_poudre,6,3
2395,50,22,162,44,576,224,187,87,1170,cache_la_poudre,10,3
2395,93,19,108,27,443,246,207,81,1233,cache_la_poudre,4,3
2395,104,21,85,27,470,250,209,77,1256,cache_la_poudre,4,3
2395,149,4,418,108,1075,225,239,149,1074,cache_la_poudre,2,3
2395,159,18,134,52,509,236,240,128,534,cache_la_poudre,3,3
2395,246,26,484,61,285,157,249,222,787,cache_la_poudre,10,3
2395,256,6,362,108,1128,206,244,176,1123,cache_la_poudre,2,3
2395,280,17,180,54,127,171,240,208,636,cache_la_poudre,10,3
2395,303,35,192,95,277,105,200,224,1556,cache_la_poudre,10,3
2395,313,26,180,103,430,143,211,204,684,cache_la_poudre,10,3
2395,320,28,150,74,212,137,201,197,309,cache_la_poudre,10,3
2395,321,13,90,6,1142,187,227,180,1082,cache_la_poudre,6,3
2395,325,23,433,196,1400,157,208,188,481,cache_la_poudre,10,3
2395,326,18,192,90,319,172,217,183,247,cache_la_poudre,10,3
2395,331,6,376,108,1142,205,232,166,1140,cache_la_poudre,2,3
2395,343,19,258,143,1230,177,207,166,1142,cache_la_poudre,10,3
2396,36,10,0,0,1080,219,217,132,1065,cache_la_poudre,6,3
2396,83,10,551,102,618,234,223,120,1015,cache_la_poudre,3,3
2396,91,23,150,51,234,248,198,67,938,cache_la_poudre,4,3
2396,111,14,430,6,979,243,224,107,973,cache_la_poudre,2,3
2396,118,17,255,26,1201,247,223,99,768,cache_la_poudre,6,3
2396,118,21,255,47,598,251,216,82,595,cache_la_poudre,1,3
2396,154,20,295,53,534,239,237,118,691,cache_la_poudre,3,3
2396,319,14,175,60,216,183,226,183,698,cache_la_poudre,10,3
2397,2,19,228,59,1421,191,201,145,731,cache_la_poudre,10,3
2397,5,17,390,209,960,195,204,143,1182,cache_la_poudre,1,3
2397,6,11,234,94,361,206,218,149,331,cache_la_poudre,10,3
2397,19,18,30,9,511,204,200,128,973,cache_la_poudre,10,3
2397,37,15,408,241,1062,219,207,120,1167,cache_la_poudre,6,3
2397,96,26,90,54,534,251,193,55,474,cache_la_poudre,3,3
2397,100,11,424,7,994,238,225,116,990,cache_la_poudre,2,3
2397,103,11,420,7,1057,238,226,118,1064,cache_la_poudre,2,3
2397,130,8,566,103,633,234,236,133,999,cache_la_poudre,3,3
2397,134,15,95,45,297,242,232,115,953,cache_la_poudre,4,3
2397,178,15,175,53,858,225,248,150,1611,cache_la_poudre,6,3
2397,294,25,210,68,247,142,224,219,604,cache_la_poudre,10,3
2397,328,30,170,77,216,136,191,187,218,cache_la_poudre,10,3
2397,328,38,283,168,1191,104,168,188,1024,cache_la_poudre,10,3
2397,338,17,258,131,1395,180,213,171,765,cache_la_poudre,10,3
2398,2,23,339,146,1146,183,191,140,1082,cache_la_poudre,10,3
2398,11,21,324,8,1106,192,192,130,1032,cache_la_poudre,10,3
2398,20,12,85,9,1230,211,213,137,994,cache_la_poudre,6,3
2398,45,15,360,95,421,223,206,114,437,cache_la_poudre,4,3
2398,55,18,335,153,1195,229,199,97,1209,cache_la_poudre,2,3
2398,81,3,300,107,1221,223,234,146,1084,cache_la_poudre,2,3
2398,82,12,295,66,330,237,219,111,497,cache_la_poudre,4,3
2398,111,30,216,64,1050,254,191,40,912,cache_la_poudre,3,3
2398,124,35,242,108,1153,253,190,32,806,cache_la_poudre,3,3
2398,200,15,150,48,841,213,252,170,1618,cache_la_poudre,6,3
2398,274,12,95,9,1201,189,243,193,1022,cache_la_poudre,6,3
2398,305,12,201,59,201,187,233,186,671,cache_la_poudre,10,3
2398,316,30,201,-7,845,128,200,205,1395,cache_la_poudre,10,3
2398,320,18,228,65,0,171,220,188,543,cache_la_poudre,10,3
2398,342,25,408,185,999,161,195,167,124,cache_la_poudre,10,3
2399,7,13,242,147,1252,204,214,146,1168,cache_la_poudre,2,3
2399,23,22,60,21,534,201,188,115,999,cache_la_poudre,10,3
2399,49,13,300,40,1324,225,211,117,674,cache_la_poudre,6,3
2399,59,17,301,61,1377,231,202,98,671,cache_la_poudre,6,3
2399,63,8,577,105,644,228,223,128,1040,cache_la_poudre,3,3
2399,89,20,313,211,876,246,203,77,1154,cache_la_poudre,1,3
2399,111,25,134,40,570,253,204,63,424,cache_la_poudre,1,3
2399,146,30,30,15,497,245,220,81,1266,cache_la_poudre,4,3
2399,183,33,85,41,589,208,240,140,1195,cache_la_poudre,4,3
2399,326,21,350,133,1320,163,211,185,759,cache_la_poudre,10,3
2399,333,28,162,77,234,146,192,179,180,cache_la_poudre,10,3
2400,41,15,437,244,1040,221,205,116,1138,cache_la_poudre,6,3
2400,65,12,134,30,1101,232,215,113,807,cache_la_poudre,6,3
2400,94,3,0,0,805,224,234,145,1465,cache_la_poudre,6,3
2400,98,3,67,11,1200,225,234,145,1024,cache_la_poudre,6,3
2400,123,16,382,156,1158,245,226,105,1168,cache_la_poudre,2,3
2400,269,26,210,71,228,144,239,228,579,cache_la_poudre,10,3
2400,271,17,180,61,85,173,243,208,618,cache_la_poudre,10,3
2400,297,27,285,70,684,135,220,220,636,cache_la_poudre,10,3
2400,304,29,210,120,379,126,210,217,1752,cache_la_poudre,10,3
2400,309,27,382,171,900,138,211,209,190,cache_la_poudre,10,3
2400,324,25,240,128,503,151,205,190,600,cache_la_poudre,10,3
2400,335,12,509,218,1530,192,223,170,633,cache_la_poudre,6,3
2401,12,21,162,50,566,194,194,131,1127,cache_la_poudre,10,3
2401,18,18,85,28,541,203,199,129,1034,cache_la_poudre,10,3
2401,59,18,85,-5,743,231,200,96,825,cache_la_poudre,10,3
2401,67,12,124,25,1072,232,215,113,830,cache_la_poudre,6,3
2401,123,16,268,33,1266,245,226,105,708,cache_la_poudre,6,3
2401,128,26,60,17,484,252,214,72,1260,cache_la_poudre,4,3
2401,224,19,365,71,765,191,254,194,713,cache_la_poudre,1,3
2401,273,25,210,72,201,146,237,227,569,cache_la_poudre,10,3
2401,296,24,350,160,319,147,225,215,1825,cache_la_poudre,6,3
2401,299,28,192,101,277,130,216,220,1598,cache_la_poudre,10,3
2401,322,27,150,71,752,140,201,195,484,cache_la_poudre,10,3
2401,339,6,0,0,845,207,232,163,1430,cache_la_poudre,6,3
2401,341,19,283,135,1366,177,209,168,752,cache_la_poudre,10,3
2401,345,20,450,204,1421,177,205,164,511,cache_la_poudre,10,3
2401,347,22,192,90,297,174,200,161,192,cache_la_poudre,10,3
2401,352,13,485,159,1552,198,218,158,663,cache_la_poudre,6,3
2402,2,18,108,35,552,193,204,147,1061,cache_la_poudre,10,3
2402,39,10,0,0,1050,221,217,130,1082,cache_la_poudre,6,3
2402,113,22,228,-32,589,251,211,77,576,cache_la_poudre,1,3
2402,131,15,134,56,182,243,231,112,624,cache_la_poudre,4,3
2402,146,14,430,87,503,239,237,124,1062,cache_la_poudre,3,3
2402,263,25,210,73,175,151,243,226,560,cache_la_poudre,10,3
2402,334,11,0,0,778,194,225,170,1495,cache_la_poudre,6,3
2402,345,17,0,0,430,185,212,164,937,cache_la_poudre,10,3
2402,350,22,457,212,1315,174,197,157,421,cache_la_poudre,10,3
2403,15,31,67,24,902,175,159,105,604,cache_la_poudre,10,3
2403,36,14,339,101,424,218,208,123,408,cache_la_poudre,4,3
2403,59,21,192,-12,768,231,192,85,742,cache_la_poudre,10,3
2403,85,13,283,35,1295,238,218,109,691,cache_la_poudre,6,3
2403,119,13,420,13,1074,242,228,112,1084,cache_la_poudre,2,3
2403,121,30,67,27,525,254,200,51,1276,cache_la_poudre,4,3
2403,135,18,124,60,531,245,230,107,516,cache_la_poudre,3,3
2403,245,24,240,74,95,164,250,218,511,cache_la_poudre,10,3
2403,337,20,309,137,1338,172,208,173,741,cache_la_poudre,10,3
2403,358,16,108,22,854,193,209,152,454,cache_la_poudre,6,3
2404,39,15,351,216,918,219,205,117,1167,cache_la_poudre,1,3
2404,44,21,300,14,1087,220,190,96,1008,cache_la_poudre,10,3
2404,58,14,361,79,391,230,209,109,446,cache_la_poudre,4,3
2404,73,21,30,14,886,239,196,79,1377,cache_la_poudre,6,3
2404,101,10,618,110,685,236,227,121,1050,cache_la_poudre,6,3
2404,125,23,108,48,840,251,217,81,1134,cache_la_poudre,5,3
2404,264,18,210,65,85,173,246,210,598,cache_la_poudre,10,3
2404,289,17,180,66,1269,169,235,206,819,cache_la_poudre,6,3
2404,319,33,361,153,644,120,191,202,443,cache_la_poudre,10,3
2404,328,16,216,95,342,178,219,180,242,cache_la_poudre,10,3
2404,342,20,212,92,319,174,205,167,212,cache_la_poudre,10,3
2404,351,19,300,152,1188,183,205,157,1132,cache_la_poudre,10,3
2405,18,14,201,29,1113,208,210,136,828,cache_la_poudre,6,3
2405,22,13,228,29,1106,212,213,136,850,cache_la_poudre,6,3
2405,54,4,0,0,1020,222,230,143,1099,cache_la_poudre,6,3
2405,92,14,309,73,331,241,218,105,470,cache_la_poudre,4,3
2405,100,17,60,19,892,246,215,93,990,cache_la_poudre,6,3
2405,106,16,134,49,277,246,218,96,972,cache_la_poudre,4,3
2405,124,14,420,15,1092,243,229,112,1104,cache_la_poudre,2,3
2405,125,11,633,111,700,239,232,121,1034,cache_la_poudre,6,3
2405,186,14,247,61,937,222,249,158,1517,cache_la_poudre,6,3
2405,276,26,190,125,309,142,235,228,1663,cache_la_poudre,10,3
2405,329,16,216,69,228,179,219,178,685,cache_la_poudre,10,3
2405,330,28,182,84,234,142,193,184,212,cache_la_poudre,10,3
2405,338,15,503,163,1510,187,218,170,631,cache_la_poudre,6,3
2406,20,19,395,224,1103,203,195,124,1150,cache_la_poudre,6,3
2406,35,30,127,33,918,202,161,78,659,cache_la_poudre,10,3
2406,45,17,430,224,1061,222,201,107,1129,cache_la_poudre,6,3
2406,50,30,351,16,1142,218,162,59,824,cache_la_poudre,10,3
2406,84,14,335,74,361,239,216,105,457,cache_la_poudre,4,3
2406,87,21,120,38,430,245,202,76,1214,cache_la_poudre,4,3
2406,120,11,270,68,1224,240,230,119,774,cache_la_poudre,6,3
2406,271,18,60,22,1110,171,243,210,999,cache_la_poudre,10,3
2406,286,30,324,190,631,122,222,232,1677,cache_la_poudre,10,3
2406,310,32,190,80,258,119,200,213,1533,cache_la_poudre,10,3
2406,317,19,240,72,0,167,220,192,547,cache_la_poudre,10,3
2406,318,7,324,165,339,201,234,172,1852,cache_la_poudre,6,3
2406,319,25,42,21,960,146,208,197,1299,cache_la_poudre,10,3
2406,321,25,210,76,726,150,208,194,553,cache_la_poudre,10,3
2406,321,28,170,82,234,137,200,196,295,cache_la_poudre,10,3
2407,83,12,270,69,1342,237,218,110,711,cache_la_poudre,6,3
2407,102,22,90,23,457,250,205,72,1237,cache_la_poudre,4,3
2407,121,33,242,91,1068,254,193,38,891,cache_la_poudre,3,3
2407,140,4,470,92,541,225,238,148,1064,cache_la_poudre,6,3
2407,152,20,390,64,573,240,236,117,782,cache_la_poudre,3,3
2407,183,33,95,51,391,208,240,139,1120,cache_la_poudre,4,3
2407,281,15,60,19,1080,176,240,203,1015,cache_la_poudre,10,3
2407,303,11,30,5,1020,190,235,185,1074,cache_la_poudre,10,3
2407,312,20,124,20,930,161,220,198,1310,cache_la_poudre,10,3
2407,358,17,511,217,1445,192,206,150,570,cache_la_poudre,6,3
2408,17,34,309,-4,755,172,150,96,1505,cache_la_poudre,10,3
2408,38,8,216,62,240,220,222,137,541,cache_la_poudre,2,3
2408,63,11,90,37,899,230,218,121,495,cache_la_poudre,6,3
2408,64,18,342,220,895,233,200,92,1140,cache_la_poudre,1,3
2408,70,13,150,32,1063,234,213,108,850,cache_la_poudre,6,3
2408,96,27,90,32,564,251,190,50,1315,cache_la_poudre,4,3
2408,246,21,272,79,85,173,251,212,480,cache_la_poudre,10,3
2408,278,21,60,21,902,157,238,218,1362,cache_la_poudre,10,3
2408,298,22,42,21,932,153,226,211,1332,cache_la_poudre,10,3
2408,300,17,30,14,400,171,231,200,914,cache_la_poudre,10,3
2408,329,21,335,142,1310,166,211,182,731,cache_la_poudre,10,3
2409,36,23,0,0,660,212,184,98,390,cache_la_poudre,1,3
2409,53,10,85,22,981,226,218,126,1266,cache_la_poudre,6,3
2409,61,8,510,94,579,227,223,129,1068,cache_la_poudre,6,3
2409,76,13,95,38,926,236,216,109,524,cache_la_poudre,6,3
2409,132,31,255,154,1528,251,206,57,433,cache_la_poudre,3,3
2409,137,20,351,66,573,247,228,100,741,cache_la_poudre,3,3
2409,153,28,108,49,382,240,228,97,1214,cache_la_poudre,4,3
2409,178,31,120,51,524,216,240,133,1150,cache_la_poudre,4,3
2409,261,5,365,65,990,209,242,172,1409,cache_la_poudre,6,3
2409,289,29,309,129,573,126,221,229,1744,cache_la_poudre,10,3
2409,293,6,454,65,902,203,239,175,1329,cache_la_poudre,6,3
2409,325,26,362,212,1234,146,201,189,789,cache_la_poudre,10,3
2409,334,23,134,20,1084,161,203,178,1140,cache_la_poudre,10,3
2409,339,28,459,219,1231,149,188,171,335,cache_la_poudre,10,3
2410,7,15,492,213,1423,200,208,143,540,cache_la_poudre,6,3
2410,10,13,134,29,864,206,213,144,484,cache_la_poudre,6,3
2410,20,22,297,94,1455,199,187,117,342,cache_la_poudre,10,3
2410,60,5,270,72,1283,224,229,140,741,cache_la_poudre,6,3
2410,64,21,30,10,797,234,192,81,1082,cache_la_poudre,6,3
2410,321,27,295,151,524,141,202,196,566,cache_la_poudre,10,3
2410,338,15,150,72,1206,185,217,170,875,cache_la_poudre,10,3
2411,22,28,67,23,543,191,169,101,1015,cache_la_poudre,10,3
2411,53,5,240,73,1277,223,229,142,767,cache_la_poudre,6,3
2411,70,5,190,65,210,225,230,140,558,cache_la_poudre,2,3
2411,84,2,0,0,698,222,235,149,1565,cache_la_poudre,6,3
2411,90,12,30,9,1020,238,221,112,1123,cache_la_poudre,6,3
2411,92,11,361,21,957,238,222,114,960,cache_la_poudre,2,3
2411,108,29,90,35,537,254,193,45,1288,cache_la_poudre,4,3
2411,138,34,258,149,1358,248,206,57,600,cache_la_poudre,3,3
2411,171,18,418,68,594,229,245,140,808,cache_la_poudre,3,3
2411,322,24,379,214,1249,153,209,192,765,cache_la_poudre,10,3
2411,328,28,192,90,242,140,195,187,247,cache_la_poudre,10,3
2411,331,17,484,224,1358,177,216,177,481,cache_la_poudre,10,3
2411,334,28,426,202,973,145,190,178,153,cache_la_poudre,10,3
2412,2,17,150,31,836,194,206,146,481,cache_la_poudre,6,3
2412,35,13,210,63,1095,218,211,126,895,cache_la_poudre,6,3
2412,85,15,371,22,927,240,213,99,924,cache_la_poudre,2,3
2412,110,5,240,74,1307,228,234,140,752,cache_la_poudre,6,3
2412,176,3,210,74,1213,221,241,156,824,cache_la_poudre,6,3
2412,289,19,242,87,242,162,234,210,525,cache_la_poudre,10,3
2413,11,8,0,0,930,212,224,150,1176,cache_la_poudre,6,3
2413,69,19,150,29,666,236,200,88,1350,cache_la_poudre,5,3
2413,121,13,360,23,1026,241,229,116,1040,cache_la_poudre,2,3
2413,127,12,659,119,726,240,232,121,1061,cache_la_poudre,6,3
2413,178,13,242,69,960,225,247,152,1505,cache_la_poudre,6,3
2413,188,32,95,57,342,205,243,149,1061,cache_la_poudre,4,3
2413,198,5,395,69,960,218,244,161,1382,cache_la_poudre,6,3
2413,307,9,30,5,711,194,235,180,1559,cache_la_poudre,6,3
2413,321,26,180,83,765,144,204,196,514,cache_la_poudre,10,3
2413,322,24,134,71,1057,151,208,193,1170,cache_la_poudre,10,3
2413,344,21,108,24,1082,174,203,165,1142,cache_la_poudre,10,3
2414,40,11,437,172,1537,221,216,128,690,cache_la_poudre,6,3
2414,48,22,134,-1,785,222,188,90,808,cache_la_poudre,10,3
2414,105,11,30,3,685,240,226,115,1572,cache_la_poudre,6,3
2414,148,21,277,71,582,243,233,109,659,cache_la_poudre,3,3
2414,171,8,360,70,1006,226,244,151,1383,cache_la_poudre,6,3
2414,239,22,270,85,108,173,252,211,481,cache_la_poudre,10,3
2414,255,12,90,37,1112,192,247,193,973,cache_la_poudre,6,3
2414,270,26,240,85,216,145,238,228,541,cache_la_poudre,10,3
2414,299,28,240,134,371,130,216,221,1771,cache_la_poudre,10,3
2414,326,19,216,32,256,171,216,183,700,cache_la_poudre,10,3
2414,347,26,466,224,1252,161,188,159,365,cache_la_poudre,10,3
2414,350,25,509,207,1068,166,189,155,192,cache_la_poudre,10,3
2414,358,22,485,224,1294,180,193,146,424,cache_la_poudre,10,3
2415,74,18,60,28,872,239,203,89,1383,cache_la_poudre,6,3
2415,83,6,240,77,1337,229,230,135,738,cache_la_poudre,6,3
2415,96,32,331,227,850,251,175,26,1087,cache_la_poudre,1,3
2415,104,20,85,25,882,249,210,80,1008,cache_la_poudre,5,3
2415,125,23,127,55,840,251,216,80,1153,cache_la_poudre,5,3
2415,128,11,391,25,1087,239,233,123,1103,cache_la_poudre,2,3
2415,169,17,560,72,703,231,245,140,939,cache_la_poudre,3,3
2415,191,29,90,55,467,205,247,158,1182,cache_la_poudre,4,3
2415,282,12,30,4,685,188,241,193,1589,cache_la_poudre,6,3
2415,285,24,240,86,268,147,232,221,564,cache_la_poudre,10,3
2415,317,23,201,96,234,155,213,196,443,cache_la_poudre,10,3
2415,322,21,362,149,1282,164,215,189,721,cache_la_poudre,10,3
2415,347,21,234,104,339,175,200,161,234,cache_la_poudre,10,3
2416,15,27,95,32,631,186,174,114,1340,cache_la_poudre,10,3
2416,52,24,242,-15,765,224,180,77,730,cache_la_poudre,10,3
2416,76,12,335,26,916,235,217,111,918,cache_la_poudre,2,3
2416,90,14,30,8,960,240,218,105,1182,cache_la_poudre,6,3
2416,93,16,42,12,845,244,213,94,1412,cache_la_poudre,6,3
2416,102,22,153,32,696,251,204,70,1326,cache_la_poudre,5,3
2416,103,8,180,67,1120,233,230,130,900,cache_la_poudre,6,3
2416,114,16,42,10,778,246,222,99,1477,cache_la_poudre,6,3
2416,133,13,626,146,732,240,234,121,1006,cache_la_poudre,6,3
2416,152,26,108,56,382,241,229,100,1218,cache_la_poudre,4,3
2416,162,22,212,73,577,235,240,124,592,cache_la_poudre,3,3
2416,254,10,417,218,390,198,247,187,808,cache_la_poudre,11,3
2416,290,18,60,22,365,167,235,207,872,cache_la_poudre,10,3
2416,298,25,402,179,767,141,221,216,323,cache_la_poudre,10,3
2416,311,25,192,94,242,146,214,204,362,cache_la_poudre,10,3
2416,314,28,190,108,371,134,205,205,732,cache_la_poudre,10,3
2416,354,16,534,219,1425,191,210,155,571,cache_la_poudre,6,3
2417,36,19,371,229,914,215,194,107,1127,cache_la_poudre,1,3
2417,82,28,108,30,738,245,180,46,767,cache_la_poudre,1,3
2417,87,9,216,63,218,233,226,125,511,cache_la_poudre,2,3
2417,88,14,42,9,1020,241,215,101,1148,cache_la_poudre,6,3
2417,94,15,30,9,990,243,216,99,1165,cache_la_poudre,6,3
2417,131,16,150,74,573,244,230,111,525,cache_la_poudre,3,3
2417,246,14,481,73,882,190,250,197,1288,cache_la_poudre,6,3
2417,300,17,60,15,990,169,231,201,1068,cache_la_poudre,6,3
2417,301,4,120,40,1084,208,238,168,966,cache_la_poudre,6,3
2417,304,19,268,71,201,163,226,202,633,cache_la_poudre,10,3
2417,316,26,192,96,255,142,207,200,323,cache_la_poudre,10,3
2417,333,28,484,219,1189,143,191,180,313,cache_la_poudre,10,3
2417,358,30,510,211,1106,161,172,138,242,cache_la_poudre,10,3
2418,51,10,361,113,371,225,218,126,402,cache_la_poudre,4,3
2418,72,23,108,4,601,239,190,71,484,cache_la_poudre,1,3
2418,88,20,175,59,600,245,204,80,400,cache_la_poudre,1,3
2418,94,26,85,20,752,250,190,52,793,cache_la_poudre,1,3
2418,98,23,162,-11,607,250,200,65,516,cache_la_poudre,1,3
2418,107,24,190,77,932,252,205,67,1041,cache_la_poudre,5,3
2418,196,27,90,58,488,202,250,166,1170,cache_la_poudre,4,3
2418,216,4,120,48,1114,215,244,165,949,cache_la_poudre,6,3
2418,234,4,391,74,968,212,244,169,1369,cache_la_poudre,6,3
2418,274,27,379,116,300,137,234,231,859,cache_la_poudre,10,3
2418,308,29,218,92,234,127,207,213,1552,cache_la_poudre,10,3
2418,342,25,201,96,277,162,195,167,212,cache_la_poudre,10,3
2419,14,24,124,35,633,190,184,123,1357,cache_la_poudre,5,3
2419,21,32,268,6,730,182,156,93,1521,cache_la_poudre,10,3
2419,28,13,0,0,604,215,212,131,1660,cache_la_poudre,6,3
2419,40,7,150,40,966,221,224,139,612,cache_la_poudre,6,3
2419,49,11,150,46,926,224,217,125,577,cache_la_poudre,6,3
2419,58,26,255,56,658,229,176,65,661,cache_la_poudre,10,3
2419,63,26,180,60,616,233,178,62,1226,cache_la_poudre,10,3
2419,109,29,277,147,1273,254,194,47,684,cache_la_poudre,6,3
2419,119,31,95,43,510,254,196,45,1262,cache_la_poudre,4,3
2419,121,10,361,29,1064,237,232,125,1082,cache_la_poudre,2,3
2419,315,20,376,212,1168,164,220,194,811,cache_la_poudre,10,3
2419,316,26,408,194,808,143,209,201,285,cache_la_poudre,10,3
2419,318,18,295,84,30,171,221,189,488,cache_la_poudre,10,3
2420,76,14,342,30,900,236,214,106,900,cache_la_poudre,2,3
2420,92,17,127,34,968,244,212,92,937,cache_la_poudre,5,3
2420,106,17,108,34,940,247,216,92,960,cache_la_poudre,5,3
2420,277,25,218,140,295,145,235,226,1682,cache_la_poudre,10,3
2421,8,21,400,233,934,191,194,136,1115,cache_la_poudre,6,3
2421,29,22,319,110,1485,207,187,108,335,cache_la_poudre,10,3
2421,32,22,153,37,636,209,186,104,1374,cache_la_poudre,5,3
2421,37,17,443,239,1061,217,200,113,1092,cache_la_poudre,6,3
2421,81,12,30,8,618,236,219,112,1637,cache_la_poudre,6,3
2421,86,25,175,47,731,247,189,56,674,cache_la_poudre,1,3
2421,116,22,85,21,845,251,214,79,1050,cache_la_poudre,5,3
2421,138,31,277,165,1464,249,212,68,499,cache_la_poudre,3,3
2421,181,22,466,78,658,222,248,148,845,cache_la_poudre,3,3
2421,283,21,90,34,871,158,236,216,1388,cache_la_poudre,10,3
2421,292,19,362,209,1158,162,232,209,840,cache_la_poudre,10,3
2421,329,25,424,199,932,151,200,184,180,cache_la_poudre,10,3
2421,348,23,216,103,297,170,195,159,218,cache_la_poudre,10,3
2422,0,14,180,52,1061,199,214,151,937,cache_la_poudre,6,3
2422,8,11,319,116,390,207,218,147,350,cache_la_poudre,10,3
2422,19,16,210,61,1065,206,203,131,914,cache_la_poudre,6,3
2422,28,28,67,30,518,196,168,93,1008,cache_la_poudre,10,3
2422,30,18,484,240,1018,212,199,118,1072,cache_la_poudre,6,3
2422,88,26,124,46,607,248,188,53,1356,cache_la_poudre,4,3
2422,90,6,630,116,752,229,231,136,1142,cache_la_poudre,6,3
2422,124,29,277,171,1549,253,204,56,417,cache_la_poudre,3,3
2422,259,23,256,20,162,159,246,221,488,cache_la_poudre,10,3
2422,321,23,408,225,1237,155,211,193,735,cache_la_poudre,10,3
2423,39,9,459,181,1495,221,220,134,661,cache_la_poudre,6,3
2423,66,20,402,116,836,235,194,82,819,cache_la_poudre,2,3
2423,93,13,67,19,832,240,220,108,1419,cache_la_poudre,6,3
2423,94,28,120,47,579,250,186,44,1328,cache_la_poudre,4,3
2423,96,26,212,49,713,251,193,55,624,cache_la_poudre,1,3
2423,162,19,524,80,700,235,241,129,899,cache_la_poudre,3,3
2423,304,27,240,143,342,137,215,214,1748,cache_la_poudre,10,3
2423,356,13,30,0,870,199,217,155,1237,cache_la_poudre,6,3
2424,36,17,228,43,1041,217,201,114,912,cache_la_poudre,6,3
2424,110,7,331,34,1041,233,232,132,1062,cache_la_poudre,2,3
2424,162,12,330,80,1044,232,243,140,1398,cache_la_poudre,6,3
2424,175,10,300,80,1045,226,246,151,1426,cache_la_poudre,6,3
2424,294,8,124,45,987,199,238,179,626,cache_la_poudre,6,3
2424,303,19,67,19,960,164,227,202,1087,cache_la_poudre,6,3
2425,20,5,124,46,960,217,229,150,658,cache_la_poudre,6,3
2425,23,23,30,3,690,200,183,111,376,cache_la_poudre,6,3
2425,45,10,0,0,591,223,218,129,1666,cache_la_poudre,6,3
2425,47,11,201,54,872,224,216,125,571,cache_la_poudre,6,3
2425,115,26,201,-24,648,254,204,61,531,cache_la_poudre,1,3
2425,123,23,150,65,819,251,215,78,1172,cache_la_poudre,5,3
2425,269,25,313,-9,541,146,239,228,1758,cache_la_poudre,10,3
2425,293,18,277,8,67,168,233,205,424,cache_la_poudre,10,3
2425,293,23,60,14,671,151,228,215,1613,cache_la_poudre,10,3
2425,313,18,295,-37,30,170,224,193,459,cache_la_poudre,10,3
2425,351,16,108,17,1052,191,212,158,1172,cache_la_poudre,10,3
2426,33,5,342,36,1082,219,229,147,1106,cache_la_poudre,2,3
2426,61,27,210,77,638,230,173,58,1237,cache_la_poudre,10,3
2426,71,10,30,1,577,231,221,121,1674,cache_la_poudre,6,3
2426,72,1,306,36,1040,219,237,154,1064,cache_la_poudre,2,3
2426,79,12,67,18,1020,236,218,112,1173,cache_la_poudre,6,3
2426,81,17,30,8,731,241,208,91,1148,cache_la_poudre,5,3
2426,81,19,182,67,630,242,204,85,371,cache_la_poudre,1,3
2426,90,17,95,26,808,243,211,92,1092,cache_la_poudre,5,3
2426,101,13,42,1,604,242,222,108,1645,cache_la_poudre,6,3
2426,115,4,335,36,1062,227,236,144,1084,cache_la_poudre,2,3
2426,129,33,277,136,1149,252,200,47,807,cache_la_poudre,3,3
2426,135,27,277,164,1379,250,217,77,582,cache_la_poudre,3,3
2426,153,3,541,120,825,223,239,151,1235,cache_la_poudre,6,3
2426,162,14,360,82,1025,233,243,137,1359,cache_la_poudre,6,3
2426,304,20,90,36,841,159,225,204,1418,cache_la_poudre,10,3
2426,317,24,124,75,1001,151,212,198,1230,cache_la_poudre,10,3
2427,15,32,228,76,633,175,158,104,1181,cache_la_poudre,10,3
2427,53,15,190,46,1019,227,207,110,912,cache_la_poudre,5,3
2427,66,8,335,37,845,229,224,128,841,cache_la_poudre,2,3
2427,100,21,192,73,890,249,206,74,1084,cache_la_poudre,5,3
2427,102,19,108,37,874,248,211,84,1026,cache_la_poudre,5,3
2427,115,27,175,43,725,254,202,56,1279,cache_la_poudre,5,3
2427,288,26,323,226,690,137,227,224,1610,cache_la_poudre,10,3
2427,298,28,242,147,242,131,217,220,1637,cache_la_poudre,10,3
2427,306,19,390,218,1142,163,225,201,810,cache_la_poudre,10,3
2427,309,29,201,110,342,131,208,211,757,cache_la_poudre,10,3
2427,322,21,268,40,228,161,213,190,649,cache_la_poudre,10,3
2427,336,8,150,80,362,202,229,166,638,cache_la_poudre,6,3
2428,24,6,120,49,968,217,227,147,646,cache_la_poudre,6,3
2428,111,14,85,17,725,243,224,107,1521,cache_la_poudre,6,3
2428,166,19,553,158,722,233,243,133,926,cache_la_poudre,3,3
2428,175,29,150,69,457,222,240,130,1106,cache_la_poudre,4,3
2428,195,26,120,68,424,205,250,165,1167,cache_la_poudre,4,3
2429,13,11,324,121,376,210,218,145,342,cache_la_poudre,10,3
2429,34,26,42,17,474,206,173,89,999,cache_la_poudre,10,3
2429,57,24,85,-2,807,228,181,72,874,cache_la_poudre,10,3
2429,63,8,309,39,819,227,224,131,816,cache_la_poudre,2,3
2429,79,10,67,14,962,234,222,119,1231,cache_la_poudre,6,3
2429,92,24,85,13,793,249,194,59,805,cache_la_poudre,1,3
2429,107,22,212,75,907,251,209,75,1062,cache_la_poudre,5,3
2429,126,32,108,53,484,253,200,49,1235,cache_la_poudre,4,3
2429,156,19,400,86,636,238,238,122,778,cache_la_poudre,3,3
2429,205,8,510,123,886,216,247,167,1222,cache_la_poudre,6,3
2429,240,5,510,123,875,210,244,172,1234,cache_la_poudre,6,3
2429,314,27,371,174,592,138,207,204,497,cache_la_poudre,10,3
2429,325,26,402,232,1194,147,202,190,755,cache_la_poudre,10,3
2429,349,15,67,14,870,191,213,160,1191,cache_la_poudre,10,3
2430,6,13,309,121,391,203,214,147,319,cache_la_poudre,10,3
2430,24,28,85,38,547,193,167,97,1032,cache_la_poudre,10,3
2430,30,20,0,0,720,210,192,111,350,cache_la_poudre,1,3
2430,48,22,42,-1,811,222,187,89,911,cache_la_poudre,10,3
2430,76,11,0,0,872,234,220,117,1284,cache_la_poudre,6,3
2430,78,24,361,242,870,243,190,64,1073,cache_la_poudre,6,3
2430,90,7,85,15,992,231,229,132,1215,cache_la_poudre,6,3
2430,173,10,330,86,1053,226,245,150,1387,cache_la_poudre,6,3
2430,286,21,67,16,342,158,234,214,870,cache_la_poudre,10,3
2430,312,17,285,-32,0,171,225,193,466,cache_la_poudre,10,3
2430,334,33,297,213,1176,129,178,177,962,cache_la_poudre,6,3
2430,357,16,295,118,404,193,210,153,297,cache_la_poudre,10,3
2431,23,4,256,41,824,218,231,151,830,cache_la_poudre,2,3
2431,23,24,256,80,666,198,180,109,1234,cache_la_poudre,10,3
2431,53,24,190,-11,819,225,180,75,794,cache_la_poudre,10,3
2431,166,8,540,125,859,227,243,149,1194,cache_la_poudre,6,3
2431,181,18,459,88,679,223,249,151,832,cache_la_poudre,3,3
2431,308,29,212,105,216,128,208,213,1530,cache_la_poudre,10,3
2431,343,24,228,113,297,165,196,166,242,cache_la_poudre,10,3
2431,346,15,402,226,1082,191,216,163,1012,cache_la_poudre,6,3
2432,57,28,277,69,671,226,170,60,691,cache_la_poudre,10,3
2432,90,4,108,26,780,226,233,143,1463,cache_la_poudre,6,3
2432,139,15,618,162,799,242,234,117,1048,cache_la_poudre,3,3
2432,305,15,240,102,793,177,231,193,573,cache_la_poudre,6,3
2432,314,24,446,212,907,151,214,200,210,cache_la_poudre,10,3
2432,317,29,395,181,633,131,200,202,457,cache_la_poudre,10,3
2432,349,21,537,242,1318,176,199,159,488,cache_la_poudre,10,3
2433,43,8,350,124,350,222,222,135,361,cache_la_poudre,2,3
2433,45,5,268,43,808,221,229,144,811,cache_la_poudre,2,3
2433,74,18,67,15,750,239,203,89,1140,cache_la_poudre,5,3
2433,92,8,212,90,631,233,227,126,564,cache_la_poudre,3,3
2433,297,16,120,46,840,175,234,199,1415,cache_la_poudre,10,3
2434,7,30,319,9,722,170,166,121,1544,cache_la_poudre,10,3
2434,81,11,277,80,258,235,221,117,446,cache_la_poudre,2,3
2434,95,14,242,76,212,241,219,104,492,cache_la_poudre,2,3
2434,188,13,503,128,899,220,249,160,1209,cache_la_poudre,6,3
2434,358,17,566,247,1364,191,206,151,547,cache_la_poudre,6,3
2435,54,17,0,0,750,228,202,102,324,cache_la_poudre,1,3
2435,75,13,0,0,510,236,215,108,1739,cache_la_poudre,6,3
2435,87,28,201,48,759,247,183,46,659,cache_la_poudre,1,3
2435,90,15,124,17,800,242,214,98,1110,cache_la_poudre,5,3
2435,132,20,297,173,1400,247,226,98,566,cache_la_poudre,6,3
2435,160,18,524,165,743,236,241,128,914,cache_la_poudre,3,3
2435,258,20,242,18,108,168,247,215,391,cache_la_poudre,10,3
2435,284,30,300,-7,451,123,224,233,1840,cache_la_poudre,10,3
2435,299,27,270,155,335,136,219,218,1767,cache_la_poudre,10,3
2435,302,25,443,198,757,143,219,213,342,cache_la_poudre,10,3
2435,310,27,85,34,782,135,209,208,1481,cache_la_poudre,10,3
2435,341,17,67,11,840,182,212,168,1233,cache_la_poudre,10,3
2436,9,3,0,0,402,216,233,154,1855,cache_la_poudre,6,3
2436,66,13,335,50,792,232,214,111,782,cache_la_poudre,2,3
2436,119,25,175,76,793,253,210,70,1191,cache_la_poudre,5,3
2436,305,22,300,204,1182,152,221,207,930,cache_la_poudre,6,3
2436,307,20,180,52,300,160,224,202,510,cache_la_poudre,6,3
2437,5,10,450,247,1040,207,220,150,1026,cache_la_poudre,6,3
2437,106,23,42,15,742,252,205,68,295,cache_la_poudre,1,3
2437,108,23,192,81,849,252,207,71,1126,cache_la_poudre,5,3
2437,202,8,351,131,1048,217,248,166,1338,cache_la_poudre,6,3
2437,286,27,256,157,256,134,227,228,1679,cache_la_poudre,10,3
2437,305,29,212,111,313,128,210,216,782,cache_la_poudre,10,3
2437,313,24,234,116,295,150,214,201,342,cache_la_poudre,10,3
2437,336,17,150,49,997,179,214,173,999,cache_la_poudre,6,3
2437,338,25,417,237,1167,158,197,173,752,cache_la_poudre,10,3
2437,357,13,108,22,840,198,215,154,1189,cache_la_poudre,10,3
2437,357,21,268,121,361,183,198,149,268,cache_la_poudre,10,3
2438,32,17,210,61,1006,213,199,116,955,cache_la_poudre,10,3
2438,66,17,306,48,1087,234,204,96,792,cache_la_poudre,10,3
2438,97,16,175,52,953,244,215,95,977,cache_la_poudre,5,3
2438,108,26,190,-11,677,253,200,58,509,cache_la_poudre,1,3
2438,185,13,379,132,1020,222,249,157,1310,cache_la_poudre,6,3
2438,273,26,300,3,630,141,236,229,1651,cache_la_poudre,10,3
2438,284,22,306,-24,180,155,234,217,582,cache_la_poudre,10,3
2438,349,20,342,195,1129,179,203,159,967,cache_la_poudre,6,3
2439,47,23,67,-3,830,221,183,85,902,cache_la_poudre,10,3
2439,53,26,212,-9,793,224,176,70,789,cache_la_poudre,10,3
2439,114,16,234,77,201,246,223,101,525,cache_la_poudre,2,3
2439,123,29,285,167,1168,254,204,57,787,cache_la_poudre,3,3
2439,129,6,0,0,430,230,236,139,1826,cache_la_poudre,6,3
2439,355,16,85,21,840,192,210,154,1211,cache_la_poudre,10,3
2440,16,26,134,62,607,188,177,115,1082,cache_la_poudre,10,3
2440,29,14,540,198,1368,214,208,126,582,cache_la_poudre,6,3
2440,82,11,283,82,255,235,220,115,450,cache_la_poudre,2,3
2440,118,28,277,106,1022,254,201,54,934,cache_la_poudre,3,3
2440,178,17,454,97,700,225,248,149,819,cache_la_poudre,3,3
2440,197,22,150,80,404,208,252,169,1140,cache_la_poudre,4,3
2440,289,16,376,148,361,174,237,202,926,cache_la_poudre,11,3
2440,327,19,124,50,810,169,215,183,1445,cache_la_poudre,10,3
2441,14,16,492,251,997,203,205,136,1006,cache_la_poudre,6,3
2441,57,20,85,11,661,230,194,89,433,cache_la_poudre,1,3
2441,58,7,67,11,819,226,225,133,1368,cache_la_poudre,6,3
2441,77,27,175,74,551,242,180,50,666,cache_la_poudre,10,3
2441,99,14,255,79,216,242,221,106,499,cache_la_poudre,2,3
2441,130,29,306,133,1126,252,209,62,830,cache_la_poudre,6,3
2441,132,31,124,65,458,251,206,57,1209,cache_la_poudre,4,3
2441,292,13,134,33,872,182,237,195,1124,cache_la_poudre,10,3
2441,311,25,400,186,607,143,213,206,485,cache_la_poudre,10,3
2441,320,26,467,219,924,144,205,196,212,cache_la_poudre,10,3
2441,356,18,417,225,1062,187,204,152,983,cache_la_poudre,6,3
2442,139,31,108,63,450,248,213,69,1199,cache_la_poudre,4,3
2442,144,14,577,136,849,239,237,124,1103,cache_la_poudre,3,3
2442,277,20,300,101,95,162,239,215,537,cache_la_poudre,10,3
2442,286,12,283,123,319,187,239,192,474,cache_la_poudre,10,3
2442,288,18,90,28,323,166,236,209,870,cache_la_poudre,10,3
2442,351,17,443,237,1040,188,209,158,990,cache_la_poudre,6,3
2443,66,10,342,89,319,230,220,122,384,cache_la_poudre,2,3
2443,262,20,300,-19,124,167,246,215,551,cache_la_poudre,10,3
2443,295,26,283,8,600,140,223,219,1678,cache_la_poudre,10,3
2443,318,14,150,53,319,184,227,183,484,cache_la_poudre,6,3
2443,359,19,577,253,1321,189,202,148,524,cache_la_poudre,6,3
2444,9,17,570,202,1345,199,205,140,553,cache_la_poudre,6,3
2444,35,18,342,118,1541,216,199,113,360,cache_la_poudre,6,3
2444,101,10,60,14,849,237,227,120,1350,cache_la_poudre,6,3
2444,116,13,30,2,417,242,227,111,1834,cache_la_poudre,6,3
2444,283,28,277,1,361,131,228,230,1809,cache_la_poudre,10,3
2444,291,19,134,30,277,165,234,207,806,cache_la_poudre,10,3
2444,307,19,417,212,1091,165,225,199,812,cache_la_poudre,10,3
2444,312,18,234,50,240,168,224,195,684,cache_la_poudre,10,3
2444,357,10,162,31,693,204,221,155,1546,cache_la_poudre,10,3
2445,71,26,67,2,834,238,179,57,819,cache_la_poudre,1,3
2445,89,20,42,8,655,245,205,80,1231,cache_la_poudre,5,3
2445,105,23,295,173,1189,251,206,71,768,cache_la_poudre,6,3
2445,111,21,95,23,730,250,213,81,277,cache_la_poudre,1,3
2445,298,21,127,26,560,158,228,209,1731,cache_la_poudre,10,3
2445,302,12,150,35,842,186,234,189,1146,cache_la_poudre,10,3
2445,318,19,247,-17,0,168,220,190,446,cache_la_poudre,10,3
2445,324,23,108,49,781,156,208,189,1478,cache_la_poudre,10,3
2445,343,27,543,242,1146,156,188,164,335,cache_la_poudre,10,3
2446,52,26,180,81,658,223,175,70,1282,cache_la_poudre,10,3
2446,74,17,85,21,713,238,205,92,1182,cache_la_poudre,5,3
2446,98,13,162,28,824,240,222,110,1106,cache_la_poudre,6,3
2446,104,19,30,-3,779,248,214,87,283,cache_la_poudre,1,3
2446,115,13,258,84,228,243,226,110,510,cache_la_poudre,2,3
2446,118,24,277,112,979,253,210,70,977,cache_la_poudre,6,3
2446,247,23,201,38,192,166,250,217,430,cache_la_poudre,10,3
2446,296,22,90,32,335,152,227,213,892,cache_la_poudre,10,3
2446,312,28,95,42,752,132,206,208,1511,cache_la_poudre,10,3
2446,326,9,60,8,457,198,230,172,1812,cache_la_poudre,6,3
2446,334,30,330,182,484,139,186,178,604,cache_la_poudre,10,3
2447,23,24,127,55,582,198,180,109,1074,cache_la_poudre,10,3
2447,85,11,295,85,258,236,221,114,458,cache_la_poudre,2,3
2447,114,27,212,63,711,254,203,58,1276,cache_la_poudre,5,3
2447,118,24,300,113,1041,252,211,72,914,cache_la_poudre,6,3
2447,183,9,430,141,979,223,246,157,1243,cache_la_poudre,6,3
2447,279,21,218,-15,90,157,237,218,365,cache_la_poudre,10,3
2448,49,27,234,-9,767,219,169,68,785,cache_la_poudre,10,3
2448,60,30,240,83,680,228,164,48,1276,cache_la_poudre,10,3
2448,98,15,201,58,947,244,217,99,997,cache_la_poudre,5,3
2448,281,14,300,129,339,182,241,198,466,cache_la_poudre,2,3
2448,289,18,124,34,285,167,235,207,828,cache_la_poudre,10,3
2449,21,16,420,219,891,208,205,130,1020,cache_la_poudre,6,3
2449,108,19,382,209,1600,249,214,85,365,cache_la_poudre,6,3
2449,180,9,488,143,927,224,246,155,1187,cache_la_poudre,6,3
2449,282,19,108,38,612,163,237,212,1667,cache_la_poudre,10,3
2449,311,24,474,218,816,146,214,205,301,cache_la_poudre,10,3
2449,333,10,30,6,350,197,228,169,1914,cache_la_poudre,6,3
2450,15,13,150,26,780,208,213,141,1230,cache_la_poudre,10,3
2450,29,12,170,25,655,216,213,131,1584,cache_la_poudre,6,3
2450,48,25,295,99,708,220,178,79,1275,cache_la_poudre,10,3
2450,67,11,350,92,319,231,218,119,391,cache_la_poudre,2,3
2450,69,15,30,7,350,235,209,101,1900,cache_la_poudre,6,3
2450,82,24,228,91,690,244,191,62,323,cache_la_poudre,2,3
2450,91,15,42,7,376,242,216,100,1871,cache_la_poudre,6,3
2450,107,17,30,9,560,247,217,92,1323,cache_la_poudre,5,3
2450,179,14,513,180,807,225,248,152,959,cache_la_poudre,6,3
2450,195,5,361,199,1549,219,244,161,446,cache_la_poudre,6,3
2450,276,5,361,195,1506,207,241,173,485,cache_la_poudre,6,3
2450,314,26,454,203,666,144,210,202,437,cache_la_poudre,10,3
2450,334,21,277,129,324,168,208,176,300,cache_la_poudre,10,3
2450,343,29,570,243,1062,150,183,163,277,cache_la_poudre,10,3
2450,351,11,170,32,781,199,221,159,1209,cache_la_poudre,6,3
2451,58,14,124,26,735,229,211,112,1176,cache_la_poudre,5,3
2451,73,15,366,124,1570,237,209,100,361,cache_la_poudre,6,3
2451,86,7,190,33,819,230,229,132,1126,cache_la_poudre,6,3
2451,166,15,543,145,890,232,244,139,1120,cache_la_poudre,6,3
2451,225,0,190,46,878,218,238,157,1082,cache_la_poudre,6,3
2451,288,18,127,40,582,166,236,209,1697,cache_la_poudre,10,3
2451,289,28,270,16,450,130,223,227,1828,cache_la_poudre,10,3
2451,292,26,108,45,696,138,225,222,1574,cache_la_poudre,10,3
2451,299,16,170,23,503,174,232,198,1790,cache_la_poudre,10,3
2451,315,10,382,234,1092,192,232,179,908,cache_la_poudre,6,3
2451,318,18,218,-11,0,171,221,189,418,cache_la_poudre,10,3
2451,345,8,420,145,1040,204,227,162,1208,cache_la_poudre,6,3
2452,52,26,150,-5,849,223,176,71,853,cache_la_poudre,10,3
2452,92,23,240,68,607,248,199,67,1406,cache_la_poudre,5,3
2452,97,20,255,96,858,248,206,77,1103,cache_la_poudre,6,3
2452,111,7,510,182,872,232,233,134,1006,cache_la_poudre,6,3
2452,278,19,270,-10,90,165,239,213,510,cache_la_poudre,10,3
2452,279,10,404,229,1074,192,242,189,878,cache_la_poudre,6,3
2453,5,13,127,29,780,204,215,148,1252,cache_la_poudre,10,3
2453,20,29,242,97,659,186,164,100,1195,cache_la_poudre,10,3
2453,107,19,85,31,765,248,214,87,256,cache_la_poudre,2,3
2453,134,29,134,74,433,250,213,68,1183,cache_la_poudre,4,3
2453,140,17,577,183,858,243,233,113,1053,cache_la_poudre,6,3
2453,198,10,484,147,942,217,249,166,1177,cache_la_poudre,6,3
2453,284,30,268,10,420,126,225,232,1855,cache_la_poudre,10,3
2453,288,18,162,39,247,166,235,208,785,cache_la_poudre,10,3
2453,312,26,404,187,1187,141,211,206,671,cache_la_poudre,10,3
2453,341,24,457,253,1127,162,196,169,721,cache_la_poudre,10,3
2453,354,19,67,21,781,186,204,154,1318,cache_la_poudre,10,3
2454,17,10,395,184,785,212,219,144,816,cache_la_poudre,6,3
2454,76,24,30,11,865,241,187,63,875,cache_la_poudre,1,3
2454,97,11,323,182,1167,239,224,114,792,cache_la_poudre,6,3
2454,121,10,361,207,1591,237,232,125,408,cache_la_poudre,6,3
2454,136,26,127,75,426,250,218,79,1173,cache_la_poudre,4,3
2454,150,9,395,148,1020,233,240,138,1262,cache_la_poudre,6,3
2454,289,17,201,40,240,169,235,206,722,cache_la_poudre,10,3
2454,323,20,277,133,335,167,216,187,331,cache_la_poudre,10,3
2454,334,6,408,184,828,206,232,164,874,cache_la_poudre,6,3
2454,344,15,162,64,779,188,214,164,1473,cache_la_poudre,6,3
2454,344,15,120,19,458,188,214,164,1830,cache_la_poudre,6,3
2454,346,2,420,148,1024,215,235,158,1216,cache_la_poudre,6,3
2455,13,21,60,5,751,194,191,128,361,cache_la_poudre,6,3
2455,14,22,175,77,641,193,188,125,1123,cache_la_poudre,10,3
2455,36,15,30,5,810,218,206,120,297,cache_la_poudre,2,3
2455,45,11,150,30,730,223,215,125,1195,cache_la_poudre,6,3
2455,52,10,376,137,342,226,218,125,376,cache_la_poudre,2,3
2455,116,24,216,95,782,253,209,70,1189,cache_la_poudre,5,3
2455,126,31,150,79,443,253,203,53,1195,cache_la_poudre,4,3
2455,294,17,297,20,661,171,234,202,1611,cache_la_poudre,6,3
2455,321,13,404,223,1068,185,227,181,912,cache_la_poudre,6,3
2456,207,11,365,150,1047,213,250,172,1290,cache_la_poudre,6,3
2456,304,17,42,14,362,170,229,198,1907,cache_la_poudre,6,3
2456,326,22,124,55,751,161,210,186,1507,cache_la_poudre,10,3
2456,344,3,457,186,849,213,234,159,940,cache_la_poudre,6,3
2456,358,12,150,26,771,201,217,154,1452,cache_la_poudre,6,3
2457,61,31,270,92,703,228,161,44,1289,cache_la_poudre,10,3
2457,73,23,242,73,598,239,190,70,1429,cache_la_poudre,5,3
2457,100,15,295,103,895,244,218,99,1062,cache_la_poudre,6,3
2457,110,26,242,73,618,253,200,57,1383,cache_la_poudre,5,3
2457,310,27,108,57,722,136,210,209,1541,cache_la_poudre,10,3
2457,314,17,190,-5,0,172,224,191,390,cache_la_poudre,10,3
2458,77,25,190,60,808,242,186,60,698,cache_la_poudre,1,3
2458,88,16,67,15,362,242,212,95,1879,cache_la_poudre,6,3
2458,105,15,319,124,1019,244,220,100,937,cache_la_poudre,6,3
2458,337,15,607,268,1237,185,218,171,485,cache_la_poudre,6,3
2459,13,9,192,22,722,211,221,146,1233,cache_la_poudre,6,3
2459,17,16,582,254,1168,205,205,133,402,cache_la_poudre,10,3
2459,36,23,323,108,732,211,182,96,1288,cache_la_poudre,10,3
2459,38,11,362,137,366,220,216,130,362,cache_la_poudre,2,3
2459,100,11,324,91,295,238,225,116,457,cache_la_poudre,2,3
2459,280,5,361,153,1061,205,240,174,1282,cache_la_poudre,6,3
2459,301,26,300,169,175,140,219,215,1613,cache_la_poudre,10,3
2459,313,24,459,212,642,148,214,202,466,cache_la_poudre,10,3
2459,314,23,437,204,600,153,215,199,503,cache_la_poudre,10,3
2459,315,22,470,250,1061,157,216,197,752,cache_la_poudre,10,3
2459,331,17,297,137,350,178,217,178,330,cache_la_poudre,10,3
2459,339,18,90,27,752,178,211,170,1360,cache_la_poudre,6,3
2460,76,16,60,17,335,239,207,94,1908,cache_la_poudre,6,3
2460,106,18,162,60,752,248,215,88,240,cache_la_poudre,2,3
2460,169,12,541,154,907,229,245,145,1110,cache_la_poudre,6,3
2460,285,17,242,25,571,169,237,207,1694,cache_la_poudre,6,3
2460,293,20,153,46,256,161,232,209,807,cache_la_poudre,10,3
2460,299,22,382,190,1177,152,225,211,641,cache_la_poudre,10,3
2460,342,16,150,64,750,185,214,167,1505,cache_la_poudre,6,3
2461,18,6,150,55,258,216,227,149,418,cache_la_poudre,6,3
2461,34,14,120,18,256,217,210,125,1874,cache_la_poudre,6,3
2461,61,12,95,18,268,230,214,115,1871,cache_la_poudre,6,3
2461,87,22,162,45,819,246,197,68,725,cache_la_poudre,1,3
2461,111,21,234,101,799,251,211,78,1167,cache_la_poudre,6,3
2461,111,28,242,-13,631,254,196,49,1360,cache_la_poudre,5,3
2461,266,7,480,155,973,202,243,180,1158,cache_la_poudre,6,3
2461,282,24,242,18,330,147,233,222,1806,cache_la_poudre,10,3
2461,358,14,474,231,999,197,212,152,931,cache_la_poudre,6,3
2462,16,13,598,72,1172,208,213,140,443,cache_la_poudre,6,3
2462,21,10,351,11,997,214,219,141,966,cache_la_poudre,6,3
2462,98,14,443,209,847,242,219,103,607,cache_la_poudre,1,3
2462,103,13,120,40,789,241,224,110,218,cache_la_poudre,2,3
2462,287,14,319,140,366,179,238,199,424,cache_la_poudre,10,3
2462,336,21,484,250,1073,169,207,174,721,cache_la_poudre,10,3
2462,359,16,95,30,751,193,208,150,1338,cache_la_poudre,10,3
2463,158,3,277,12,912,222,239,153,1050,cache_la_poudre,6,3
2463,285,18,240,0,85,167,237,209,484,cache_la_poudre,10,3
2463,293,19,170,52,547,165,233,207,1722,cache_la_poudre,10,3
2463,300,25,309,183,190,141,220,215,1655,cache_la_poudre,10,3
2463,313,34,60,30,408,113,193,210,979,cache_la_poudre,10,3
2463,328,27,390,202,516,146,198,186,579,cache_la_poudre,10,3
2464,281,22,247,1,120,154,236,219,534,cache_la_poudre,10,3
2464,308,25,270,138,150,143,215,208,1549,cache_la_poudre,10,3
2464,311,9,446,232,1026,196,234,177,888,cache_la_poudre,6,3
2465,8,15,234,36,636,201,208,143,1616,cache_la_poudre,6,3
2465,13,11,170,33,720,210,218,145,1294,cache_la_poudre,6,3
2465,69,13,85,22,283,233,214,110,1869,cache_la_poudre,6,3
2465,97,23,180,15,735,250,199,65,469,cache_la_poudre,1,3
2465,133,9,67,15,830,234,236,133,216,cache_la_poudre,2,3
2465,169,2,540,159,924,221,240,155,1101,cache_la_poudre,6,3
2465,295,17,210,37,466,171,233,202,1804,cache_la_poudre,10,3
2465,306,24,301,139,150,148,219,208,1591,cache_la_poudre,10,3
2466,14,25,170,74,618,189,181,120,1116,cache_la_poudre,10,3
2466,289,15,234,31,603,177,237,200,1655,cache_la_poudre,6,3
2466,290,22,256,3,120,153,231,215,553,cache_la_poudre,10,3
2466,311,31,120,52,324,122,201,212,895,cache_la_poudre,10,3
2466,313,25,285,174,376,146,213,203,711,cache_la_poudre,10,3
2466,315,17,210,3,42,174,224,190,443,cache_la_poudre,10,3
2467,274,18,150,61,663,169,242,211,1600,cache_la_poudre,6,3
2467,276,9,127,25,342,197,242,184,1953,cache_la_poudre,6,3
2468,49,4,342,17,976,222,230,144,984,cache_la_poudre,6,3
2468,93,22,124,25,872,248,199,68,769,cache_la_poudre,1,3
2468,249,9,361,146,408,201,247,184,451,cache_la_poudre,2,3
2468,268,8,85,26,350,199,243,184,1930,cache_la_poudre,6,3
2468,278,14,216,33,573,181,242,200,1682,cache_la_poudre,6,3
2468,299,18,192,55,518,168,231,202,1742,cache_la_poudre,10,3
2468,305,22,309,5,150,152,221,207,616,cache_la_poudre,10,3
2468,325,10,124,26,408,196,230,173,1889,cache_la_poudre,6,3
2469,12,13,85,19,871,206,212,142,283,cache_la_poudre,6,3
2469,14,14,569,79,1153,206,210,140,458,cache_la_poudre,6,3
2469,76,19,120,19,726,240,202,85,424,cache_la_poudre,1,3
2469,99,16,108,26,379,244,217,97,1860,cache_la_poudre,6,3
2469,119,12,484,216,886,241,229,117,626,cache_la_poudre,2,3
2469,310,16,134,6,30,174,227,192,335,cache_la_poudre,6,3
2469,355,15,499,222,957,193,211,155,911,cache_la_poudre,6,3
2469,358,16,474,222,934,192,208,151,920,cache_la_poudre,6,3
2470,2,13,108,20,900,201,215,150,268,cache_la_poudre,6,3
2470,15,8,216,38,684,213,223,147,1510,cache_la_poudre,6,3
2470,47,28,283,-6,716,217,167,68,781,cache_la_poudre,10,3
2470,50,12,134,33,666,225,213,120,1260,cache_la_poudre,6,3
2470,52,30,300,103,674,220,162,56,750,cache_la_poudre,10,3
2470,67,8,391,102,362,228,224,129,408,cache_la_poudre,2,3
2470,96,13,270,19,811,240,221,109,1146,cache_la_poudre,6,3
2470,301,20,212,35,481,161,227,205,1777,cache_la_poudre,10,3
2470,340,16,577,80,1242,184,214,169,524,cache_la_poudre,6,3
2470,349,30,600,263,1061,151,176,154,319,cache_la_poudre,10,3
2471,19,17,607,261,1126,206,203,130,391,cache_la_poudre,10,3
2471,52,11,426,229,891,226,217,124,942,cache_la_poudre,6,3
2471,75,15,108,28,268,237,212,103,1847,cache_la_poudre,6,3
2471,83,24,201,55,836,245,189,60,685,cache_la_poudre,1,3
2471,290,27,240,28,420,134,224,225,1844,cache_la_poudre,10,3
2471,294,23,285,28,212,150,227,215,1698,cache_la_poudre,10,3
2471,317,16,153,8,0,175,224,188,376,cache_la_poudre,10,3
2471,320,16,180,8,30,177,223,186,417,cache_la_poudre,10,3
2472,15,25,216,94,677,188,178,117,1165,cache_la_poudre,10,3
2472,49,29,242,-4,757,217,163,61,812,cache_la_poudre,10,3
2472,79,22,30,14,459,243,194,70,1431,cache_la_poudre,5,3
2472,272,17,228,58,182,172,243,209,722,cache_la_poudre,10,3
2472,293,20,242,29,270,159,231,211,1762,cache_la_poudre,10,3
2472,298,22,324,192,162,152,225,211,1634,cache_la_poudre,10,3
2473,7,21,603,267,1104,190,194,136,366,cache_la_poudre,10,3
2473,29,11,240,22,849,216,217,135,1110,cache_la_poudre,6,3
2473,30,14,579,83,1129,215,208,127,433,cache_la_poudre,6,3
2473,46,28,201,-3,799,216,168,71,845,cache_la_poudre,10,3
2473,86,15,270,113,792,240,215,101,1167,cache_la_poudre,6,3
2473,96,29,300,99,794,251,183,39,551,cache_la_poudre,1,3
2473,116,23,242,22,716,252,211,74,1252,cache_la_poudre,6,3
2473,159,8,404,95,382,229,242,145,454,cache_la_poudre,2,3
2473,278,19,212,30,330,166,240,212,1826,cache_la_poudre,10,3
2473,287,18,212,54,488,168,236,208,1762,cache_la_poudre,10,3
2473,305,15,190,38,514,178,231,193,1738,cache_la_poudre,6,3
2473,341,9,212,38,607,202,228,164,1643,cache_la_poudre,6,3
2474,39,10,258,70,626,221,217,130,1550,cache_la_poudre,6,3
2474,70,13,127,31,242,234,213,108,1826,cache_la_poudre,6,3
2474,84,17,67,16,514,242,209,92,1398,cache_la_poudre,5,3
2474,116,6,402,101,376,231,234,137,430,cache_la_poudre,2,3
2474,275,17,210,11,95,172,242,209,474,cache_la_poudre,10,3
2474,324,14,524,262,1033,184,224,179,693,cache_la_poudre,10,3
2475,7,10,212,32,212,208,221,150,1866,cache_la_poudre,6,3
2475,24,9,210,32,175,215,220,141,1818,cache_la_poudre,6,3
2475,80,13,124,32,342,237,217,109,1888,cache_la_poudre,6,3
2475,94,18,124,40,495,245,210,88,1746,cache_la_poudre,6,3
2475,274,7,170,73,661,202,242,179,1597,cache_la_poudre,6,3
2475,300,21,295,61,150,158,227,208,636,cache_la_poudre,10,3
2475,312,24,300,149,127,149,215,203,1570,cache_la_poudre,10,3
2476,290,14,170,34,339,179,237,198,1973,cache_la_poudre,6,3
2476,302,26,525,249,853,141,218,214,301,cache_la_poudre,10,3
2476,318,26,531,256,895,143,206,198,277,cache_la_poudre,10,3
2476,358,8,170,26,631,208,225,155,1321,cache_la_poudre,6,3
2477,52,23,0,0,924,225,183,80,920,cache_la_poudre,1,3
2477,279,25,228,34,390,144,234,225,1871,cache_la_poudre,6,3
2477,297,12,190,69,601,186,236,190,1637,cache_la_poudre,6,3
2477,308,11,182,42,484,189,233,184,1766,cache_la_poudre,6,3
2477,316,14,342,189,408,182,227,185,685,cache_la_poudre,10,3
2477,329,14,469,207,1103,186,223,176,661,cache_la_poudre,10,3
2477,333,8,210,26,806,202,230,167,1153,cache_la_poudre,6,3
2478,82,20,216,-13,541,243,200,78,1468,cache_la_poudre,5,3
2478,106,11,277,91,780,239,227,117,242,cache_la_poudre,2,3
2478,295,19,210,35,300,163,231,207,1804,cache_la_poudre,10,3
2478,313,15,180,15,60,178,227,189,433,cache_la_poudre,10,3
2478,340,15,532,88,1158,186,216,168,499,cache_la_poudre,6,3
2479,50,30,67,17,537,218,162,59,1082,cache_la_poudre,10,3
2479,62,24,67,10,900,232,182,69,825,cache_la_poudre,10,3
2479,95,13,150,44,430,240,221,110,1812,cache_la_poudre,6,3
2479,113,6,240,28,807,231,234,136,1149,cache_la_poudre,6,3
2479,289,18,283,65,150,168,235,207,658,cache_la_poudre,10,3
2479,294,11,201,71,571,189,237,189,1657,cache_la_poudre,6,3
2479,305,22,283,16,120,155,223,205,594,cache_la_poudre,10,3
2480,12,25,190,88,626,186,180,122,1134,cache_la_poudre,10,3
2480,33,8,240,29,828,219,222,139,1129,cache_la_poudre,6,3
2480,58,3,153,45,488,222,233,147,1756,cache_la_poudre,6,3
2480,90,9,150,45,459,233,227,125,1784,cache_la_poudre,6,3
2480,92,16,240,29,750,243,214,96,1209,cache_la_poudre,6,3
2480,93,10,300,93,780,237,224,118,258,cache_la_poudre,2,3
2481,5,8,182,49,661,210,225,152,1400,cache_la_poudre,6,3
2481,21,8,150,31,601,215,223,145,1345,cache_la_poudre,6,3
2481,50,26,150,4,858,221,176,74,908,cache_la_poudre,10,3
2481,297,17,256,38,210,170,232,202,1718,cache_la_poudre,10,3
2481,308,27,180,67,258,137,212,210,834,cache_la_poudre,10,3
2481,314,35,120,67,342,107,188,210,918,cache_la_poudre,10,3
2482,31,16,564,92,1087,214,203,121,426,cache_la_poudre,6,3
2482,50,29,268,5,732,219,165,62,811,cache_la_poudre,10,3
2482,67,12,170,39,201,232,215,113,1784,cache_la_poudre,6,3
2482,111,12,30,0,331,241,227,114,1565,cache_la_poudre,5,3
2482,299,19,242,19,90,164,229,204,552,cache_la_poudre,10,3
2482,302,18,551,244,765,168,229,200,390,cache_la_poudre,10,3
2482,347,32,624,271,1018,143,171,155,319,cache_la_poudre,10,3
2483,41,26,190,6,816,212,172,80,875,cache_la_poudre,10,3
2483,47,11,210,32,745,224,215,124,1211,cache_la_poudre,6,3
2483,78,24,42,14,916,242,189,63,854,cache_la_poudre,10,3
2483,279,17,190,20,60,170,240,208,488,cache_la_poudre,6,3
2483,355,5,180,32,743,211,230,157,1214,cache_la_poudre,6,3
2483,357,12,240,40,170,200,217,154,1824,cache_la_poudre,6,3
2484,88,16,30,11,424,242,211,93,1473,cache_la_poudre,5,3
2484,303,15,324,41,124,178,231,194,1634,cache_la_poudre,10,3
2484,307,14,210,41,421,180,231,191,1833,cache_la_poudre,6,3
2484,327,16,351,187,384,180,220,180,713,cache_la_poudre,10,3
2484,330,21,552,262,914,166,210,180,285,cache_la_poudre,10,3
2485,8,7,247,83,600,212,227,152,1592,cache_la_poudre,6,3
2485,23,14,192,35,964,211,209,131,306,cache_la_poudre,6,3
2485,92,28,268,87,845,250,184,44,618,cache_la_poudre,1,3
2485,123,12,212,63,811,240,231,120,182,cache_la_poudre,2,3
2485,301,15,234,74,511,178,233,195,1698,cache_la_poudre,6,3
2486,8,10,180,35,722,208,219,148,1233,cache_la_poudre,6,3
2486,40,22,30,9,942,216,185,95,949,cache_la_poudre,10,3
2486,91,13,443,239,895,240,219,108,864,cache_la_poudre,6,3
2486,152,24,503,233,912,241,233,107,684,cache_la_poudre,2,3
2486,324,7,180,43,301,203,233,169,1825,cache_la_poudre,6,3
2487,23,24,240,122,743,199,182,111,1359,cache_la_poudre,10,3
2487,114,18,182,0,577,248,219,92,1401,cache_la_poudre,5,3
2487,339,15,513,240,949,187,218,169,808,cache_la_poudre,6,3
2488,0,27,342,126,767,169,178,137,1291,cache_la_poudre,10,3
2488,20,28,162,13,607,189,170,106,1129,cache_la_poudre,10,3
2488,294,11,283,45,150,188,237,189,1676,cache_la_poudre,6,3
2488,315,17,268,45,255,174,224,190,1922,cache_la_poudre,10,3
2488,342,19,573,275,934,178,208,168,295,cache_la_poudre,10,3
2489,70,27,330,124,768,237,175,51,1342,cache_la_poudre,10,3
2489,330,23,516,265,983,161,206,182,765,cache_la_poudre,6,3
2490,1,11,514,100,1231,204,219,152,577,cache_la_poudre,6,3
2490,105,16,42,7,330,245,219,98,1581,cache_la_poudre,5,3
2490,108,7,234,47,134,232,232,133,1722,cache_la_poudre,6,3
2490,246,9,351,47,30,203,247,182,1650,cache_la_poudre,6,3
2490,331,6,295,47,67,206,233,165,1687,cache_la_poudre,6,3
2490,356,4,201,47,212,214,233,157,1761,cache_la_poudre,6,3
2490,358,6,485,243,924,210,228,156,816,cache_la_poudre,6,3
2491,38,29,95,29,564,205,162,74,1104,cache_la_poudre,10,3
2491,67,10,134,33,540,230,221,123,1410,cache_la_poudre,6,3
2491,83,15,30,8,300,240,213,99,1606,cache_la_poudre,5,3
2491,99,14,42,8,391,243,220,103,1514,cache_la_poudre,5,3
2491,105,17,190,24,649,247,216,91,1315,cache_la_poudre,6,3
2491,270,1,277,48,120,215,239,161,1677,cache_la_poudre,6,3
2491,310,12,258,80,510,187,232,185,1676,cache_la_poudre,6,3
2492,17,5,297,49,90,216,229,151,1657,cache_la_poudre,6,3
2492,319,30,180,78,277,129,197,200,858,cache_la_poudre,10,3
2493,28,10,180,42,703,216,217,136,1253,cache_la_poudre,6,3
2493,295,11,600,262,806,190,237,187,395,cache_la_poudre,6,3
2493,315,17,330,167,85,173,224,190,1570,cache_la_poudre,10,3
2493,323,10,594,271,912,194,230,175,323,cache_la_poudre,10,3
2493,350,16,532,281,957,189,211,159,771,cache_la_poudre,6,3
2493,351,10,301,50,85,203,224,159,1740,cache_la_poudre,6,3
2494,0,9,309,86,510,208,224,154,1634,cache_la_poudre,6,3
2494,32,8,201,21,570,219,224,141,1425,cache_la_poudre,6,3
2494,45,10,162,21,540,223,218,129,1429,cache_la_poudre,6,3
2494,56,22,42,17,966,228,188,82,940,cache_la_poudre,1,3
2494,73,23,127,25,939,239,190,70,779,cache_la_poudre,1,3
2494,310,17,277,27,90,171,226,194,595,cache_la_poudre,10,3
2495,302,22,240,81,192,152,223,209,774,cache_la_poudre,10,3
2495,309,3,242,12,541,210,237,165,1487,cache_la_poudre,6,3
2495,347,6,466,105,1148,208,230,160,558,cache_la_poudre,6,3
2496,101,19,162,2,537,248,212,85,1443,cache_la_poudre,6,3
2496,318,7,616,276,891,201,234,172,351,cache_la_poudre,6,3
2497,302,17,277,54,258,171,230,199,1989,cache_la_poudre,10,3
2498,27,4,124,25,618,218,230,149,1338,cache_la_poudre,6,3
2498,73,14,95,25,450,236,213,105,1482,cache_la_poudre,6,3
2498,90,5,153,31,642,227,232,139,1316,cache_la_poudre,6,3
2498,308,18,408,218,424,168,226,197,693,cache_la_poudre,10,3
2499,0,3,582,109,787,215,233,156,459,cache_la_poudre,6,3
2499,55,22,390,136,816,227,186,81,1370,cache_la_poudre,10,3
2499,102,15,67,16,390,244,219,100,1531,cache_la_poudre,5,3
2499,342,9,201,16,510,202,227,164,1490,cache_la_poudre,6,3
2500,81,20,240,50,837,243,199,77,470,cache_la_poudre,1,3
2500,89,26,228,57,892,248,187,51,664,cache_la_poudre,1,3
2500,90,17,60,17,300,243,211,92,1622,cache_la_poudre,5,3
2501,3,26,335,128,778,175,180,134,1282,cache_la_poudre,10,3
2501,27,23,270,136,764,204,184,107,1371,cache_la_poudre,10,3
2501,52,5,134,26,600,223,228,141,1358,cache_la_poudre,6,3
2501,216,4,573,111,914,216,243,165,402,cache_la_poudre,6,3
2501,314,20,306,87,108,163,220,195,691,cache_la_poudre,10,3
2501,350,12,283,18,466,198,220,160,1614,cache_la_poudre,6,3
2502,99,6,120,9,541,230,232,136,1421,cache_la_poudre,6,3
2503,13,12,182,53,853,208,216,143,402,cache_la_poudre,6,3
2503,300,13,618,113,955,184,235,191,350,cache_la_poudre,6,3
2503,335,9,295,20,446,200,228,167,1657,cache_la_poudre,6,3
2504,85,11,108,21,240,236,221,114,1689,cache_la_poudre,5,3
2505,8,18,607,115,1019,195,200,139,361,cache_la_poudre,6,3
2505,46,27,242,28,768,216,171,73,871,cache_la_poudre,10,3
2506,46,27,283,29,726,217,170,72,840,cache_la_poudre,10,3
2507,66,23,95,38,967,235,188,74,837,cache_la_poudre,10,3
2507,74,20,150,38,966,240,197,79,771,cache_la_poudre,1,3
2507,116,8,124,14,470,235,232,129,1506,cache_la_poudre,6,3
2507,299,13,295,72,306,183,235,192,1869,cache_la_poudre,10,3
2509,45,1,95,11,443,219,236,155,1527,cache_la_poudre,6,3
2509,308,17,324,66,212,172,227,195,1956,cache_la_poudre,10,3
2509,323,10,335,26,390,194,230,175,1742,cache_la_poudre,6,3
2510,56,17,390,146,834,229,202,100,1390,cache_la_poudre,10,3
2510,109,23,192,41,942,252,206,69,713,cache_la_poudre,1,3
2510,287,6,258,41,30,202,240,177,582,cache_la_poudre,6,3
2511,38,10,150,28,450,220,217,131,1518,cache_la_poudre,6,3
2511,306,13,309,73,277,182,232,189,1891,cache_la_poudre,10,3
2511,350,11,361,68,108,200,221,160,1781,cache_la_poudre,6,3
2512,9,11,175,29,450,207,217,146,1537,cache_la_poudre,6,3
2512,21,10,247,62,895,214,219,141,446,cache_la_poudre,6,3
2512,61,21,134,43,979,232,190,81,800,cache_la_poudre,10,3
2512,314,16,319,69,216,176,226,189,1997,cache_la_poudre,10,3
2512,324,10,256,29,408,194,229,175,1660,cache_la_poudre,6,3
2514,2,20,426,152,849,187,197,143,1318,cache_la_poudre,10,3
2514,30,22,95,37,957,207,187,108,997,cache_la_poudre,10,3
2514,32,28,108,39,604,201,166,86,1146,cache_la_poudre,10,3
2514,39,23,190,37,830,213,182,93,932,cache_la_poudre,10,3
2514,49,23,153,37,872,222,183,83,964,cache_la_poudre,10,3
2514,315,11,295,45,30,190,231,181,618,cache_la_poudre,6,3
2514,345,13,201,31,451,193,218,164,1556,cache_la_poudre,6,3
2515,92,25,268,72,911,249,191,55,626,cache_la_poudre,1,3
2515,315,14,350,72,192,183,228,185,1940,cache_la_poudre,10,3
2515,322,15,362,72,180,180,223,183,1899,cache_la_poudre,10,3
2516,13,25,323,138,779,188,181,122,1273,cache_la_poudre,10,3
2516,33,8,162,33,420,219,222,139,1560,cache_la_poudre,6,3
2516,46,26,268,39,745,218,173,75,870,cache_la_poudre,10,3
2516,77,18,175,47,993,240,204,88,765,cache_la_poudre,1,3
2516,95,24,323,100,895,250,195,59,569,cache_la_poudre,1,3
2516,106,20,192,47,981,250,210,79,735,cache_la_poudre,1,3
2516,319,10,335,81,272,193,231,177,1871,cache_la_poudre,6,3
2517,7,17,283,67,983,198,205,142,424,cache_la_poudre,6,3
2517,23,18,450,161,865,206,199,124,1324,cache_la_poudre,10,3
2517,307,12,342,74,192,187,233,186,1981,cache_la_poudre,10,3
2518,43,25,228,41,787,215,176,82,900,cache_la_poudre,10,3
2519,345,9,272,36,361,202,225,162,1725,cache_la_poudre,6,3
2520,11,8,598,148,624,211,223,148,600,cache_la_poudre,11,3
2520,321,13,518,262,534,186,227,180,636,cache_la_poudre,11,3
2520,333,13,384,16,124,190,223,172,1790,cache_la_poudre,6,3
2520,336,8,242,37,351,203,230,166,1706,cache_la_poudre,6,3
2521,59,19,162,52,1006,231,197,91,794,cache_la_poudre,10,3
2522,328,12,362,18,150,190,226,175,1883,cache_la_poudre,6,3
2522,349,8,240,39,323,206,227,160,1729,cache_la_poudre,6,3
2523,36,17,127,46,997,217,201,114,983,cache_la_poudre,10,3
2523,64,20,120,54,1008,234,195,84,859,cache_la_poudre,10,3
2524,49,22,150,47,892,223,188,89,994,cache_la_poudre,10,3
2524,290,6,379,41,210,202,239,176,1898,cache_la_poudre,6,3
2525,312,32,150,111,361,118,198,211,949,cache_la_poudre,10,3
2526,80,5,255,43,134,227,230,137,1839,cache_la_poudre,6,3
2526,91,11,216,43,190,237,223,117,1789,cache_la_poudre,6,3
2527,18,9,404,158,914,213,220,144,1385,cache_la_poudre,10,3
2527,45,12,450,153,900,223,214,123,1339,cache_la_poudre,10,3
2527,103,5,277,44,108,229,233,138,1864,cache_la_poudre,6,3
2527,355,19,319,89,1019,186,204,153,451,cache_la_poudre,6,3
2528,67,19,120,59,1024,235,199,87,888,cache_la_poudre,10,3
2528,306,8,361,24,108,197,235,178,2002,cache_la_poudre,6,3
2529,26,20,134,52,955,207,193,116,1019,cache_la_poudre,10,3
2529,40,20,212,52,828,217,191,101,960,cache_la_poudre,10,3
2529,92,24,309,86,931,248,196,63,589,cache_la_poudre,6,3
2529,315,7,362,46,180,202,235,172,1902,cache_la_poudre,6,3
2530,88,9,277,47,150,234,226,124,1856,cache_la_poudre,6,3
2530,284,8,323,47,210,198,240,181,1860,cache_la_poudre,6,3
2531,96,9,297,48,120,234,228,125,1880,cache_la_poudre,6,3
2531,349,14,418,44,900,193,216,160,1259,cache_la_poudre,10,3
2532,18,30,247,45,741,181,161,101,1233,cache_la_poudre,10,3
2532,329,8,402,49,150,200,230,169,1944,cache_la_poudre,6,3
2532,350,10,309,28,90,202,224,159,1853,cache_la_poudre,6,3
2533,0,3,306,29,85,215,233,156,1947,cache_la_poudre,6,3
2533,59,7,469,165,942,226,226,134,1319,cache_la_poudre,10,3
2533,131,10,342,29,67,237,235,127,1964,cache_la_poudre,6,3
2534,78,9,228,51,228,232,223,123,1782,cache_la_poudre,6,3
2534,100,11,242,51,201,238,226,118,1806,cache_la_poudre,6,3
2534,279,3,360,30,90,211,239,166,1992,cache_la_poudre,6,3
2535,59,15,182,66,1047,230,207,105,819,cache_la_poudre,6,3
2535,80,7,60,9,437,230,228,131,1053,cache_la_poudre,6,3
2535,121,4,283,52,182,227,236,144,1848,cache_la_poudre,6,3
2536,81,6,300,53,153,228,230,136,1873,cache_la_poudre,6,3
2536,148,8,67,10,466,231,240,141,1044,cache_la_poudre,6,3
2536,275,5,361,32,90,206,241,174,1974,cache_la_poudre,6,3
2536,327,34,210,122,300,119,181,190,890,cache_la_poudre,10,3
2536,328,6,268,32,60,205,233,167,1865,cache_la_poudre,6,3
2536,331,9,272,32,42,200,230,169,1959,cache_la_poudre,6,3
2536,339,3,324,53,153,212,234,160,1890,cache_la_poudre,6,3
2537,321,7,366,54,120,203,234,170,1932,cache_la_poudre,6,3
2537,330,8,285,33,90,202,231,168,1906,cache_la_poudre,6,3
2538,9,7,430,161,968,212,225,151,1282,cache_la_poudre,10,3
2538,33,18,162,61,930,214,198,114,1048,cache_la_poudre,10,3
2538,47,22,210,61,849,221,188,91,990,cache_la_poudre,10,3
2538,51,25,323,61,700,223,177,75,872,cache_la_poudre,10,3
2538,58,9,90,12,446,227,221,127,1025,cache_la_poudre,6,3
2538,343,21,362,51,854,173,204,166,1248,cache_la_poudre,10,3
2538,358,8,459,167,977,208,225,155,1271,cache_la_poudre,10,3
2539,86,16,153,70,1065,242,211,95,912,cache_la_poudre,6,3
2539,124,2,268,56,212,222,237,151,1824,cache_la_poudre,6,3
2540,93,9,124,14,485,234,227,125,987,cache_la_poudre,6,3
2541,62,15,212,72,1073,231,209,106,815,cache_la_poudre,6,3
2541,109,21,255,72,987,250,212,80,671,cache_la_poudre,1,3
2541,241,2,365,37,90,214,241,164,1956,cache_la_poudre,6,3
2541,329,10,268,15,604,196,228,172,1176,cache_la_poudre,6,3
2542,10,15,192,65,953,202,209,141,1036,cache_la_poudre,6,3
2542,330,7,242,38,30,204,232,167,1945,cache_la_poudre,6,3
2543,42,16,351,93,977,220,202,112,518,cache_la_poudre,6,3
2543,54,14,120,17,457,228,209,111,997,cache_la_poudre,6,3
2543,122,19,258,74,1025,248,222,94,696,cache_la_poudre,1,3
2543,321,3,201,17,560,212,236,163,1154,cache_la_poudre,6,3
2543,359,10,466,166,949,205,221,154,1243,cache_la_poudre,10,3
2544,93,13,201,75,1033,240,220,108,967,cache_la_poudre,6,3
2544,342,14,459,57,960,189,217,166,1216,cache_la_poudre,10,3
2545,5,32,182,58,698,161,160,122,1200,cache_la_poudre,10,3
2545,29,12,212,68,966,216,214,133,1031,cache_la_poudre,6,3
2545,40,17,190,68,902,219,200,111,1052,cache_la_poudre,6,3
2546,40,20,212,69,864,218,192,102,1020,cache_la_poudre,6,3
2546,76,2,162,20,541,222,235,150,1130,cache_la_poudre,6,3
2546,332,34,240,132,283,124,178,182,875,cache_la_poudre,10,3
2547,44,21,240,70,825,220,189,95,990,cache_la_poudre,6,3
2547,86,3,150,21,560,224,234,145,1071,cache_la_poudre,6,3
2547,331,27,300,133,228,146,195,182,819,cache_la_poudre,10,3
2549,90,2,153,23,569,223,235,148,1041,cache_la_poudre,6,3
2550,135,5,134,24,552,228,238,144,1019,cache_la_poudre,6,3
2551,20,15,201,74,914,208,208,134,1071,cache_la_poudre,6,3
2552,127,15,283,83,1053,244,229,110,693,cache_la_poudre,6,3
2552,320,33,210,138,324,118,189,201,916,cache_la_poudre,10,3
2554,47,16,124,28,402,224,203,109,1020,cache_la_poudre,6,3
2555,135,10,170,29,569,236,236,131,960,cache_la_poudre,6,3
2556,43,17,242,79,836,221,200,108,1020,cache_la_poudre,6,3
2558,38,27,150,71,685,208,170,82,1170,cache_la_poudre,10,3
2558,329,18,395,71,930,174,216,180,1172,cache_la_poudre,10,3
2561,332,22,342,74,875,164,207,179,1189,cache_la_poudre,10,3
2561,335,29,300,147,256,142,187,177,845,cache_la_poudre,10,3
2563,96,9,247,37,564,235,227,123,864,cache_la_poudre,6,3
2564,55,15,210,38,497,228,207,109,914,cache_la_poudre,6,3
2566,313,32,212,152,350,120,198,209,942,cache_la_poudre,10,3
2566,339,23,313,79,847,163,199,171,1184,cache_la_poudre,10,3
2568,53,14,210,42,470,227,209,112,926,cache_la_poudre,6,3
2569,98,8,258,43,631,234,228,126,866,cache_la_poudre,6,3
2570,12,32,228,83,765,169,157,108,1173,cache_la_poudre,10,3
2571,348,27,285,84,819,160,186,158,1180,cache_la_poudre,10,3
2573,1,30,256,86,792,164,171,133,1176,cache_la_poudre,10,3
2573,40,14,190,47,402,220,208,120,979,cache_la_poudre,6,3
2574,327,5,418,67,685,208,234,165,1065,cache_la_poudre,6,3
2577,297,29,218,163,376,125,216,224,967,cache_la_poudre,10,3
2577,332,24,306,90,859,156,202,180,1154,cache_la_poudre,10,3
2580,38,27,162,93,726,209,172,84,1140,cache_la_poudre,10,3
2582,320,22,331,95,882,159,214,192,1130,cache_la_poudre,10,3
2583,33,13,228,57,391,217,212,128,967,cache_la_poudre,6,3
2584,63,13,216,58,350,231,213,112,1008,cache_la_poudre,6,3
2584,338,25,277,97,832,158,196,172,1150,cache_la_poudre,10,3
2586,1,17,525,200,808,194,206,148,1103,cache_la_poudre,10,3
2587,12,8,256,61,408,212,224,149,942,cache_la_poudre,6,3
2590,323,21,301,103,872,162,213,189,1124,cache_la_poudre,10,3
2591,310,12,360,104,808,186,231,185,1048,cache_la_poudre,10,3
2601,342,17,511,114,750,184,213,167,1036,cache_la_poudre,10,3
2602,72,3,331,115,741,223,233,146,983,cache_la_poudre,11,3
2603,279,6,300,116,787,204,241,176,1036,cache_la_poudre,11,3
2605,345,18,481,118,750,183,210,164,1025,cache_la_poudre,10,3
2607,358,17,451,120,750,192,206,150,1015,cache_la_poudre,11,3
2615,12,14,566,235,685,205,210,140,1006,cache_la_poudre,10,3
2615,347,14,543,104,691,193,217,162,993,cache_la_poudre,11,3
2622,17,14,571,111,658,208,210,137,979,cache_la_poudre,11,3
2622,325,8,323,208,390,201,232,170,981,cache_la_poudre,6,3
2622,353,11,541,111,661,200,220,158,966,cache_la_poudre,11,3
2626,14,15,558,245,646,205,208,137,994,cache_la_poudre,11,3
2627,2,16,534,244,636,196,208,148,1008,cache_la_poudre,10,3
2628,21,6,540,117,631,216,227,148,939,cache_la_poudre,11,3
2644,20,12,552,257,569,211,213,137,973,cache_la_poudre,11,3
1989,302,18,0,0,150,167,229,201,537,cache_la_poudre,4,4
1997,45,25,0,0,150,218,177,81,234,cache_la_poudre,14,4
2003,5,22,0,0,210,185,191,137,484,cache_la_poudre,10,4
2003,355,6,0,0,127,211,230,157,283,cache_la_poudre,17,4
2004,106,10,0,0,240,238,228,120,285,cache_la_poudre,6,4
2005,159,28,30,1,210,236,232,107,247,cache_la_poudre,6,4
2006,79,16,0,0,192,240,209,95,339,cache_la_poudre,17,4
2010,70,23,0,0,212,238,188,69,361,cache_la_poudre,10,4
2012,155,27,30,3,240,239,230,101,277,cache_la_poudre,6,4
2014,59,4,0,0,488,223,231,143,484,cache_la_poudre,17,4
2015,93,12,0,0,330,239,222,111,402,cache_la_poudre,14,4
2016,328,6,0,0,424,205,233,167,466,cache_la_poudre,10,4
2021,115,10,30,6,360,237,231,124,443,cache_la_poudre,6,4
2021,343,13,0,0,360,192,219,165,458,cache_la_poudre,14,4
2025,51,9,30,-1,518,225,220,128,537,cache_la_poudre,10,4
2027,19,11,0,0,420,212,217,141,525,cache_la_poudre,14,4
2027,61,23,0,0,268,232,186,75,518,cache_la_poudre,1,4
2036,39,16,42,9,481,219,203,114,604,cache_la_poudre,10,4
2038,137,19,30,1,591,246,229,104,636,cache_la_poudre,1,4
2039,358,30,42,19,531,159,169,137,543,cache_la_poudre,10,4
2041,112,25,30,2,510,253,203,62,685,cache_la_poudre,1,4
2044,13,14,0,0,331,205,209,139,350,cache_la_poudre,3,4
2044,92,15,30,8,480,242,215,98,658,cache_la_poudre,1,4
2044,133,8,30,0,858,233,236,135,573,cache_la_poudre,17,4
2044,139,5,0,0,816,228,238,144,607,cache_la_poudre,17,4
2045,308,8,0,0,853,197,235,178,601,cache_la_poudre,17,4
2046,91,26,30,13,532,249,189,52,626,cache_la_poudre,1,4
2046,102,22,0,0,335,251,204,70,601,cache_la_poudre,1,4
2047,50,8,0,0,949,224,223,134,481,cache_la_poudre,17,4
2048,297,10,60,2,768,193,237,184,666,cache_la_poudre,17,4
2049,87,24,0,0,480,247,194,63,552,cache_la_poudre,14,4
2050,287,21,42,12,691,159,234,214,663,cache_la_poudre,17,4
2051,132,29,30,14,579,251,211,66,641,cache_la_poudre,1,4
2052,93,15,30,8,365,242,215,99,309,cache_la_poudre,3,4
2054,176,7,0,0,895,224,244,154,323,cache_la_poudre,17,4
2054,311,10,0,0,451,194,233,179,255,cache_la_poudre,4,4
2055,164,19,30,1,907,234,242,131,514,cache_la_poudre,17,4
2056,22,11,30,1,960,213,217,139,371,cache_la_poudre,17,4
2059,311,17,30,7,807,170,225,194,661,cache_la_poudre,17,4
2060,254,12,30,-6,895,193,248,193,210,cache_la_poudre,17,4
2061,204,26,0,0,942,195,252,178,459,cache_la_poudre,17,4
2062,199,29,0,0,966,197,250,170,408,cache_la_poudre,17,4
2062,322,21,30,3,882,162,214,189,247,cache_la_poudre,17,4
2063,100,18,30,1,912,247,212,87,190,cache_la_poudre,1,4
2063,120,13,0,0,933,241,229,115,192,cache_la_poudre,1,4
2063,349,10,0,0,955,202,224,160,216,cache_la_poudre,17,4
2064,88,36,30,13,400,246,159,0,268,cache_la_poudre,3,4
2067,103,21,0,0,853,250,208,76,182,cache_la_poudre,1,4
2070,319,10,0,0,960,195,231,176,228,cache_la_poudre,17,4
2071,116,26,30,-4,912,253,206,63,175,cache_la_poudre,1,4
2072,56,17,42,-1,1074,229,202,100,351,cache_la_poudre,17,4
2073,312,18,0,0,573,168,224,195,162,cache_la_poudre,4,4
2073,312,24,0,0,541,150,215,202,201,cache_la_poudre,4,4
2074,354,10,0,0,778,204,223,157,899,cache_la_poudre,14,4
2075,98,5,0,0,1315,228,233,138,636,cache_la_poudre,17,4
2078,85,13,0,0,735,238,218,109,108,cache_la_poudre,3,4
2078,90,27,67,25,488,249,187,50,192,cache_la_poudre,3,4
2079,80,7,30,5,819,230,228,131,859,cache_la_poudre,3,4
2079,120,16,30,6,1288,246,225,103,607,cache_la_poudre,1,4
2080,47,22,42,11,1015,221,187,90,306,cache_la_poudre,10,4
2080,62,8,0,0,765,227,223,130,134,cache_la_poudre,4,4
2080,95,18,30,6,805,245,211,89,872,cache_la_poudre,3,4
2080,337,8,0,0,834,203,229,165,847,cache_la_poudre,14,4
2081,144,13,0,0,1240,238,237,126,532,cache_la_poudre,17,4
2084,113,14,0,0,182,243,225,108,677,cache_la_poudre,14,4
2087,138,11,0,0,309,237,236,129,571,cache_la_poudre,14,4
2089,109,27,67,24,524,254,197,52,150,cache_la_poudre,3,4
2094,9,17,0,0,824,198,203,139,190,cache_la_poudre,4,4
2094,100,37,85,43,351,251,164,0,313,cache_la_poudre,3,4
2094,136,14,30,7,808,241,234,119,150,cache_la_poudre,3,4
2094,341,13,0,0,916,192,220,166,769,cache_la_poudre,14,4
2095,41,21,0,0,256,217,188,97,859,cache_la_poudre,1,4
2095,89,41,60,44,437,243,143,0,228,cache_la_poudre,3,4
2096,338,8,0,0,1377,204,229,165,872,cache_la_poudre,17,4
2097,47,10,0,0,983,224,219,129,702,cache_la_poudre,3,4
2100,76,27,30,19,1430,241,179,50,811,cache_la_poudre,1,4
2101,39,19,0,0,630,217,195,106,684,cache_la_poudre,5,4
2102,31,14,30,-2,1383,216,209,127,849,cache_la_poudre,17,4
2102,85,10,0,0,1342,235,223,119,900,cache_la_poudre,17,4
2102,347,6,0,0,1290,208,230,160,960,cache_la_poudre,17,4
2103,109,30,85,35,532,254,191,41,134,cache_la_poudre,3,4
2104,82,7,0,0,930,230,228,132,268,cache_la_poudre,4,4
2104,98,15,0,0,1008,243,218,100,674,cache_la_poudre,3,4
2104,328,13,0,0,1358,187,224,176,872,cache_la_poudre,17,4
2106,0,5,0,0,1123,213,231,156,582,cache_la_poudre,3,4
2106,52,13,0,0,1277,227,212,117,960,cache_la_poudre,17,4
2106,194,23,30,7,1385,209,251,165,785,cache_la_poudre,1,4
2107,86,9,0,0,1115,234,225,122,1415,cache_la_poudre,17,4
2107,354,7,0,0,1260,209,228,157,1006,cache_la_poudre,17,4
2108,155,7,30,-1,1248,228,241,146,1114,cache_la_poudre,1,4
2109,188,2,0,0,638,219,240,157,516,cache_la_poudre,4,4
2110,60,9,0,0,1261,228,221,126,1025,cache_la_poudre,17,4
2110,128,9,0,0,684,235,235,131,552,cache_la_poudre,4,4
2110,129,24,30,10,902,251,218,81,242,cache_la_poudre,3,4
2110,138,28,30,10,864,249,217,76,201,cache_la_poudre,3,4
2111,111,6,0,0,1177,230,234,137,1307,cache_la_poudre,17,4
2112,236,3,30,-8,1187,213,242,166,1250,cache_la_poudre,17,4
2112,337,23,0,0,1260,164,202,174,990,cache_la_poudre,17,4
2113,11,17,0,0,1328,201,204,138,902,cache_la_poudre,17,4
2113,184,7,30,3,1269,222,245,157,1060,cache_la_poudre,1,4
2114,135,18,0,0,1205,245,230,107,1282,cache_la_poudre,1,4
2115,104,36,95,64,474,252,170,13,190,cache_la_poudre,3,4
2116,8,2,30,0,1266,217,235,155,1048,cache_la_poudre,1,4
2116,77,16,0,0,1273,238,210,98,960,cache_la_poudre,17,4
2116,168,16,0,0,1216,231,244,139,1224,cache_la_poudre,1,4
2116,353,13,0,0,1103,196,216,157,443,cache_la_poudre,4,4
2118,299,9,30,7,1138,196,237,181,1317,cache_la_poudre,17,4
2118,317,11,60,4,1129,191,231,179,1302,cache_la_poudre,17,4
2118,342,8,0,0,1201,203,228,164,1195,cache_la_poudre,17,4
2119,83,34,124,68,335,244,161,18,335,cache_la_poudre,10,4
2119,122,17,0,0,1187,247,224,100,1323,cache_la_poudre,17,4
2119,303,19,60,-1,1150,163,227,202,1262,cache_la_poudre,17,4
2120,127,12,0,0,1127,240,232,121,474,cache_la_poudre,3,4
2121,0,9,0,0,768,206,222,154,553,cache_la_poudre,14,4
2121,83,11,30,8,1302,235,221,116,930,cache_la_poudre,17,4
2121,331,27,0,0,1213,148,196,182,1127,cache_la_poudre,17,4
2122,49,24,0,0,309,221,180,80,882,cache_la_poudre,1,4
2122,127,17,30,3,1170,246,226,102,1365,cache_la_poudre,17,4
2122,129,19,30,7,1155,247,226,99,1406,cache_la_poudre,17,4
2122,138,22,30,9,1087,247,226,95,433,cache_la_poudre,3,4
2122,352,13,0,0,1236,196,217,158,1075,cache_la_poudre,17,4
2123,107,26,30,12,981,253,199,58,324,cache_la_poudre,3,4
2123,354,15,0,0,1249,193,212,156,481,cache_la_poudre,14,4
2124,145,19,30,8,1237,242,234,113,1183,cache_la_poudre,1,4
2126,101,12,0,0,1234,240,224,112,582,cache_la_poudre,4,4
2127,87,10,0,0,1298,235,224,119,421,cache_la_poudre,3,4
2128,27,9,0,0,1154,217,221,140,1448,cache_la_poudre,17,4
2128,190,13,60,-3,1333,219,250,161,1302,cache_la_poudre,17,4
2129,309,3,30,-2,1291,211,237,165,1337,cache_la_poudre,17,4
2132,38,21,0,0,1114,215,190,102,1473,cache_la_poudre,17,4
2132,203,17,60,0,1317,210,253,173,1307,cache_la_poudre,1,4
2132,252,14,30,2,940,188,249,198,1438,cache_la_poudre,17,4
2133,42,17,0,0,1224,220,200,110,1401,cache_la_poudre,17,4
2133,233,9,30,0,1235,205,249,181,1377,cache_la_poudre,17,4
2133,339,7,0,0,1328,204,230,164,674,cache_la_poudre,4,4
2136,45,11,30,1,1332,223,217,127,1328,cache_la_poudre,17,4
2136,108,35,124,85,485,254,177,20,182,cache_la_poudre,3,4
2136,203,20,0,0,1326,206,253,175,1351,cache_la_poudre,17,4
2137,18,6,0,0,1369,216,227,149,716,cache_la_poudre,4,4
2137,27,8,0,0,1406,217,223,142,331,cache_la_poudre,14,4
2137,100,36,124,65,579,251,168,0,90,cache_la_poudre,3,4
2137,140,33,42,24,1060,247,210,63,408,cache_la_poudre,3,4
2138,136,33,67,38,886,249,206,57,234,cache_la_poudre,3,4
2138,252,20,42,8,968,170,249,214,1410,cache_la_poudre,17,4
2139,129,31,67,35,926,252,204,54,277,cache_la_poudre,3,4
2139,181,17,0,0,1266,224,248,152,1293,cache_la_poudre,1,4
2140,342,15,0,0,1321,188,217,167,1410,cache_la_poudre,17,4
2142,103,12,0,0,1431,240,224,112,301,cache_la_poudre,3,4
2143,24,21,0,0,1240,204,190,115,1396,cache_la_poudre,10,4
2143,110,28,42,18,1154,254,196,50,511,cache_la_poudre,3,4
2143,110,32,67,32,966,254,187,35,319,cache_la_poudre,3,4
2143,135,2,0,0,937,222,238,151,721,cache_la_poudre,14,4
2143,243,16,30,5,837,187,251,200,1499,cache_la_poudre,17,4
2144,249,27,60,14,931,152,247,225,1426,cache_la_poudre,17,4
2145,114,25,42,15,1288,253,206,65,642,cache_la_poudre,3,4
2147,116,22,30,11,1355,251,213,77,708,cache_la_poudre,3,4
2147,122,31,42,21,1221,254,199,48,576,cache_la_poudre,3,4
2148,146,21,30,6,1231,244,232,106,1233,cache_la_poudre,1,4
2148,150,33,60,28,1073,241,217,77,426,cache_la_poudre,3,4
2149,68,9,0,0,916,229,223,126,819,cache_la_poudre,14,4
2151,67,12,0,0,1273,232,216,115,582,cache_la_poudre,14,4
2151,113,25,42,15,1329,253,205,64,684,cache_la_poudre,3,4
2151,139,25,30,9,1415,248,222,86,300,cache_la_poudre,3,4
2151,328,22,0,0,1317,160,208,184,1218,cache_la_poudre,17,4
2151,349,12,30,1,932,198,220,161,808,cache_la_poudre,14,4
2153,0,7,0,0,953,210,228,155,765,cache_la_poudre,14,4
2153,5,15,0,0,1221,200,210,145,990,cache_la_poudre,17,4
2153,116,27,134,75,713,254,203,59,67,cache_la_poudre,3,4
2153,158,24,0,0,900,237,236,114,741,cache_la_poudre,14,4
2153,326,20,0,0,1329,165,213,185,1194,cache_la_poudre,17,4
2155,184,18,0,0,1266,222,249,154,1077,cache_la_poudre,17,4
2156,9,9,0,0,1425,210,222,149,876,cache_la_poudre,3,4
2157,129,25,150,70,752,251,215,76,108,cache_la_poudre,3,4
2158,125,21,30,10,1288,249,221,89,1159,cache_la_poudre,1,4
2159,36,25,30,3,1155,210,178,92,895,cache_la_poudre,17,4
2160,105,27,67,35,1168,253,195,51,531,cache_la_poudre,10,4
2160,114,8,30,4,1082,235,232,129,771,cache_la_poudre,17,4
2160,145,21,30,9,1482,244,232,107,242,cache_la_poudre,3,4
2161,74,8,0,0,1150,230,224,127,741,cache_la_poudre,17,4
2163,130,19,0,0,1380,247,226,100,914,cache_la_poudre,3,4
2165,66,5,30,-17,1318,225,230,141,979,cache_la_poudre,4,4
2167,145,34,85,47,1101,244,212,68,467,cache_la_poudre,3,4
2169,146,27,30,12,1273,245,225,91,1130,cache_la_poudre,1,4
2169,338,11,0,0,1224,195,224,168,819,cache_la_poudre,17,4
2170,129,31,42,24,1410,252,205,56,768,cache_la_poudre,3,4
2171,114,27,85,35,1317,254,200,55,680,cache_la_poudre,3,4
2172,115,36,153,94,658,253,179,20,67,cache_la_poudre,3,4
2172,283,22,30,11,1167,153,234,219,797,cache_la_poudre,17,4
2173,25,21,0,0,1590,205,189,114,175,cache_la_poudre,14,4
2175,18,24,30,6,1262,194,183,117,859,cache_la_poudre,17,4
2175,147,32,95,55,1061,243,217,76,424,cache_la_poudre,3,4
2175,223,10,0,0,1233,208,250,178,847,cache_la_poudre,17,4
2175,336,11,0,0,1033,194,225,169,525,cache_la_poudre,14,4
2176,129,29,175,98,698,252,208,61,90,cache_la_poudre,3,4
2176,130,29,127,76,845,252,210,65,216,cache_la_poudre,3,4
2177,192,19,0,0,1243,215,251,163,875,cache_la_poudre,17,4
2177,284,23,30,12,1036,149,233,221,592,cache_la_poudre,14,4
2179,204,23,0,0,1254,200,253,178,902,cache_la_poudre,10,4
2180,14,7,30,0,1149,213,225,149,1149,cache_la_poudre,4,4
2180,51,7,0,0,1020,224,225,137,484,cache_la_poudre,14,4
2180,133,17,0,0,1146,245,230,108,1146,cache_la_poudre,3,4
2180,141,34,108,60,1116,246,209,61,488,cache_la_poudre,3,4
2182,91,16,0,0,1485,243,212,93,541,cache_la_poudre,2,4
2182,107,30,124,69,994,254,189,39,361,cache_la_poudre,3,4
2182,326,17,0,0,1047,176,219,182,499,cache_la_poudre,10,4
2183,150,31,42,25,1443,241,221,83,850,cache_la_poudre,3,4
2184,108,26,108,48,1333,253,200,58,700,cache_la_poudre,3,4
2184,116,9,0,0,1062,236,231,126,1231,cache_la_poudre,3,4
2184,332,6,30,0,1064,207,233,165,1233,cache_la_poudre,4,4
2185,113,32,134,74,967,254,188,35,342,cache_la_poudre,3,4
2185,121,28,150,85,819,254,205,59,201,cache_la_poudre,3,4
2187,138,19,134,62,1173,246,229,103,553,cache_la_poudre,10,4
2187,326,7,42,6,1087,202,232,169,1214,cache_la_poudre,4,4
2188,128,31,182,110,671,252,203,52,95,cache_la_poudre,3,4
2188,328,9,67,4,1068,199,230,170,1237,cache_la_poudre,4,4
2189,113,5,0,0,957,230,234,138,1338,cache_la_poudre,4,4
2189,114,27,0,0,1464,254,200,55,525,cache_la_poudre,2,4
2190,105,37,201,118,551,252,169,10,162,cache_la_poudre,3,4
2190,141,19,0,0,983,244,232,109,430,cache_la_poudre,14,4
2191,342,8,42,5,1003,203,228,164,1298,cache_la_poudre,4,4
2192,122,29,175,92,793,254,204,57,190,cache_la_poudre,3,4
2192,159,16,0,0,816,235,241,131,420,cache_la_poudre,4,4
2192,207,19,0,0,907,205,254,178,400,cache_la_poudre,4,4
2193,48,7,0,0,1442,223,225,138,553,cache_la_poudre,14,4
2193,78,18,150,67,1215,240,204,87,595,cache_la_poudre,10,4
2193,338,12,30,4,960,194,223,168,1341,cache_la_poudre,4,4
2194,124,13,0,0,892,241,231,117,1401,cache_la_poudre,3,4
2194,324,4,0,0,492,209,235,164,1233,cache_la_poudre,16,4
2195,98,22,134,69,1240,249,204,72,616,cache_la_poudre,3,4
2195,254,10,0,0,469,197,247,189,1256,cache_la_poudre,16,4
2196,76,15,30,8,1702,237,211,101,153,cache_la_poudre,3,4
2196,144,33,127,76,1091,245,212,67,469,cache_la_poudre,3,4
2196,329,10,30,0,853,196,228,172,1445,cache_la_poudre,4,4
2197,160,25,0,0,957,236,236,116,418,cache_la_poudre,14,4
2198,124,14,30,4,1452,243,229,111,531,cache_la_poudre,2,4
2198,126,13,0,0,787,242,231,115,395,cache_la_poudre,14,4
2199,82,19,190,73,1207,242,204,84,600,cache_la_poudre,10,4
2199,333,4,0,0,792,210,234,163,1510,cache_la_poudre,4,4
2200,77,25,210,149,474,242,186,60,247,cache_la_poudre,3,4
2200,131,19,30,7,955,247,226,100,1337,cache_la_poudre,3,4
2200,245,4,0,0,1328,212,243,169,722,cache_la_poudre,17,4
2200,341,24,0,0,1082,164,198,169,576,cache_la_poudre,10,4
2201,131,21,30,7,870,249,223,91,1421,cache_la_poudre,3,4
2203,128,34,170,99,875,252,196,41,268,cache_la_poudre,3,4
2203,155,4,0,0,1296,224,240,150,680,cache_la_poudre,17,4
2204,110,12,30,2,1385,241,226,112,743,cache_la_poudre,17,4
2204,114,34,162,91,983,254,185,29,366,cache_la_poudre,3,4
2204,216,11,0,0,1299,209,250,176,703,cache_la_poudre,17,4
2205,75,26,175,79,1231,241,183,57,618,cache_la_poudre,10,4
2205,141,31,42,25,1146,247,214,70,1146,cache_la_poudre,3,4
2206,141,28,85,48,1442,247,220,82,849,cache_la_poudre,3,4
2207,118,31,192,107,808,254,197,45,218,cache_la_poudre,3,4
2207,121,21,42,14,976,250,218,85,1315,cache_la_poudre,3,4
2207,125,35,170,96,916,252,190,32,309,cache_la_poudre,3,4
2207,219,16,30,4,1478,199,254,187,830,cache_la_poudre,17,4
2208,106,20,60,11,785,250,211,80,1506,cache_la_poudre,3,4
2208,151,26,67,27,1082,242,229,99,1209,cache_la_poudre,3,4
2208,163,8,30,-23,1500,228,242,147,934,cache_la_poudre,10,4
2209,128,25,60,16,933,252,214,74,1358,cache_la_poudre,3,4
2209,140,24,95,51,1431,247,225,92,806,cache_la_poudre,3,4
2211,134,28,42,14,849,251,214,70,1442,cache_la_poudre,3,4
2211,146,32,42,28,1230,244,217,75,1061,cache_la_poudre,3,4
2212,98,36,228,140,566,250,165,10,175,cache_la_poudre,3,4
2212,119,25,67,25,997,253,210,69,1294,cache_la_poudre,3,4
2212,151,24,0,0,1477,242,231,104,937,cache_la_poudre,17,4
2212,164,8,0,0,1120,228,243,147,272,cache_la_poudre,17,4
2212,182,22,0,0,1495,220,248,149,912,cache_la_poudre,17,4
2214,127,31,162,101,1024,253,202,51,408,cache_la_poudre,3,4
2214,146,14,0,0,782,239,237,125,342,cache_la_poudre,14,4
2214,173,22,242,88,1176,228,244,137,592,cache_la_poudre,3,4
2215,148,32,67,35,1124,243,218,78,1167,cache_la_poudre,3,4
2215,193,12,0,0,1110,219,249,163,450,cache_la_poudre,1,4
2216,122,33,192,116,849,254,193,37,256,cache_la_poudre,3,4
2216,284,10,0,0,1095,191,240,189,612,cache_la_poudre,1,4
2217,120,25,67,24,955,253,209,67,1337,cache_la_poudre,3,4
2217,215,8,30,3,1114,213,247,170,285,cache_la_poudre,1,4
2217,340,12,0,0,1140,195,223,166,366,cache_la_poudre,17,4
2218,138,28,95,55,1421,249,216,75,870,cache_la_poudre,3,4
2219,56,3,30,-2,1296,222,232,146,454,cache_la_poudre,17,4
2219,96,12,30,-10,1423,239,223,113,983,cache_la_poudre,10,4
2219,110,10,0,0,1159,237,230,123,301,cache_la_poudre,17,4
2220,63,17,85,13,684,233,204,98,1614,cache_la_poudre,3,4
2220,144,32,67,37,1209,245,214,70,1082,cache_la_poudre,3,4
2220,340,15,0,0,1146,186,216,168,306,cache_la_poudre,17,4
2221,135,8,0,0,577,233,237,135,1748,cache_la_poudre,4,4
2221,163,27,0,0,738,233,236,115,417,cache_la_poudre,4,4
2221,194,13,30,0,1112,218,250,164,295,cache_la_poudre,1,4
2222,103,20,42,11,633,249,211,82,1682,cache_la_poudre,3,4
2223,36,6,0,0,537,220,226,143,1790,cache_la_poudre,4,4
2223,75,27,201,93,1249,241,178,50,642,cache_la_poudre,10,4
2223,302,4,0,0,1213,207,238,169,360,cache_la_poudre,17,4
2224,162,28,85,43,1103,234,233,109,1189,cache_la_poudre,3,4
2224,167,20,30,5,1110,232,243,133,361,cache_la_poudre,1,4
2225,100,18,60,18,649,247,212,87,1660,cache_la_poudre,3,4
2226,120,33,228,148,633,254,193,38,150,cache_la_poudre,3,4
2227,137,35,175,107,1040,248,202,50,433,cache_la_poudre,3,4
2228,83,20,0,0,1541,243,201,78,306,cache_la_poudre,3,4
2228,95,9,0,0,470,234,227,124,1852,cache_la_poudre,3,4
2228,130,33,242,128,757,252,200,47,210,cache_la_poudre,3,4
2229,72,10,30,8,1369,231,221,122,564,cache_la_poudre,2,4
2229,130,15,30,8,592,243,230,112,1725,cache_la_poudre,3,4
2229,344,14,0,0,849,190,217,165,342,cache_la_poudre,14,4
2230,120,8,0,0,1415,234,234,132,573,cache_la_poudre,1,4
2230,160,32,192,110,1099,234,227,99,499,cache_la_poudre,3,4
2231,190,26,258,106,1153,209,249,157,577,cache_la_poudre,3,4
2232,119,20,30,7,484,250,218,88,1829,cache_la_poudre,3,4
2232,141,29,0,0,1434,248,218,77,949,cache_la_poudre,17,4
2233,114,28,95,40,933,254,199,51,1358,cache_la_poudre,3,4
2233,121,36,212,129,865,253,185,25,285,cache_la_poudre,3,4
2233,153,11,30,2,1495,233,241,137,636,cache_la_poudre,1,4
2234,121,28,108,47,997,254,205,59,1296,cache_la_poudre,3,4
2234,151,12,0,0,1451,236,240,132,600,cache_la_poudre,1,4
2235,174,31,212,110,1116,221,238,126,525,cache_la_poudre,3,4
2236,70,10,0,0,1533,231,221,123,895,cache_la_poudre,17,4
2236,94,10,0,0,1626,236,226,120,779,cache_la_poudre,17,4
2236,133,27,85,48,1273,251,216,75,1019,cache_la_poudre,3,4
2236,168,19,150,55,1084,231,244,135,1214,cache_la_poudre,3,4
2237,113,17,30,6,854,247,221,96,1121,cache_la_poudre,4,4
2238,97,23,0,0,990,250,201,68,984,cache_la_poudre,6,4
2238,102,21,0,0,828,250,207,75,421,cache_la_poudre,14,4
2238,173,17,30,4,1455,228,246,144,601,cache_la_poudre,1,4
2239,36,17,0,0,1507,217,200,113,947,cache_la_poudre,17,4
2239,128,30,85,45,891,252,205,56,1401,cache_la_poudre,3,4
2240,27,17,0,0,882,211,202,123,1150,cache_la_poudre,10,4
2240,83,16,0,0,1507,241,211,96,342,cache_la_poudre,3,4
2241,80,18,124,30,618,241,205,87,1677,cache_la_poudre,3,4
2241,162,28,108,61,1124,234,234,112,1168,cache_la_poudre,3,4
2242,113,35,234,142,841,254,181,23,277,cache_la_poudre,3,4
2243,141,30,108,62,1167,247,216,75,1126,cache_la_poudre,3,4
2244,60,9,0,0,892,228,221,126,1158,cache_la_poudre,10,4
2244,330,13,0,0,1167,188,224,175,484,cache_la_poudre,10,4
2245,94,28,150,48,700,250,186,44,1591,cache_la_poudre,3,4
2245,358,8,0,0,1575,208,225,155,1020,cache_la_poudre,17,4
2246,120,25,42,18,458,253,210,69,1849,cache_la_poudre,3,4
2247,106,16,0,0,849,246,218,96,484,cache_la_poudre,10,4
2247,119,17,0,0,1475,247,222,97,379,cache_la_poudre,3,4
2247,127,28,127,54,977,253,209,65,1318,cache_la_poudre,3,4
2247,133,27,108,59,1252,251,215,74,1041,cache_la_poudre,3,4
2248,64,20,255,112,1284,234,195,85,691,cache_la_poudre,10,4
2249,105,11,0,0,390,239,226,116,741,cache_la_poudre,1,4
2249,116,29,150,52,721,254,198,49,1570,cache_la_poudre,3,4
2249,134,26,175,91,1416,250,217,78,811,cache_la_poudre,3,4
2250,313,12,0,0,1155,189,231,182,454,cache_la_poudre,10,4
2251,131,29,108,57,870,251,211,66,1423,cache_la_poudre,3,4
2252,10,27,0,0,1506,180,175,121,997,cache_la_poudre,10,4
2252,113,31,268,174,624,254,192,41,192,cache_la_poudre,3,4
2252,115,26,218,112,1350,254,205,61,750,cache_la_poudre,3,4
2252,128,35,295,165,708,252,195,39,218,cache_la_poudre,3,4
2252,136,32,285,174,666,249,207,58,201,cache_la_poudre,3,4
2252,196,32,255,127,1110,194,246,164,537,cache_la_poudre,3,4
2253,117,41,234,149,882,251,168,0,313,cache_la_poudre,3,4
2253,170,5,0,0,404,224,242,153,474,cache_la_poudre,10,4
2254,50,19,0,0,395,225,196,97,1733,cache_la_poudre,4,4
2254,138,24,162,91,1380,248,224,91,918,cache_la_poudre,3,4
2255,12,10,0,0,395,210,220,146,671,cache_la_poudre,16,4
2255,40,21,0,0,371,216,189,99,1749,cache_la_poudre,4,4
2256,44,19,277,120,1302,221,195,102,716,cache_la_poudre,10,4
2256,85,32,295,184,576,246,170,28,234,cache_la_poudre,3,4
2256,191,25,150,76,1126,210,249,159,1172,cache_la_poudre,3,4
2257,76,22,30,9,942,241,192,70,1146,cache_la_poudre,4,4
2259,24,3,0,0,752,218,233,152,607,cache_la_poudre,4,4
2259,127,27,150,66,957,252,211,68,1341,cache_la_poudre,3,4
2260,115,25,127,66,892,253,206,65,1403,cache_la_poudre,3,4
2260,118,21,124,39,553,250,217,84,1740,cache_la_poudre,3,4
2260,126,4,0,0,295,227,237,145,366,cache_la_poudre,10,4
2260,352,27,30,1,1683,164,184,151,872,cache_la_poudre,10,4
2262,111,13,0,0,1300,242,225,110,577,cache_la_poudre,3,4
2263,93,31,180,66,679,250,177,32,1613,cache_la_poudre,3,4
2264,99,29,180,67,658,252,186,40,1634,cache_la_poudre,3,4
2264,109,30,180,67,700,254,190,39,1592,cache_la_poudre,3,4
2264,115,20,150,81,1296,250,215,84,1003,cache_la_poudre,3,4
2265,9,21,0,0,391,191,192,133,658,cache_la_poudre,10,4
2265,118,25,85,37,450,253,209,67,1847,cache_la_poudre,3,4
2265,127,31,134,68,807,253,202,51,1487,cache_la_poudre,3,4
2266,114,23,228,120,1368,252,210,73,774,cache_la_poudre,3,4
2266,354,27,30,8,1653,166,183,147,850,cache_la_poudre,10,4
2267,106,26,175,46,594,253,200,58,1697,cache_la_poudre,3,4
2267,121,44,234,156,924,247,164,0,351,cache_la_poudre,3,4
2268,140,24,201,110,1445,247,225,92,858,cache_la_poudre,3,4
2268,325,17,0,0,361,177,220,182,685,cache_la_poudre,16,4
2269,110,28,60,28,350,254,196,49,1812,cache_la_poudre,3,4
2269,125,28,67,28,408,253,208,62,1879,cache_la_poudre,3,4
2270,148,12,60,8,283,236,239,131,342,cache_la_poudre,10,4
2271,207,33,277,151,1087,180,248,182,524,cache_la_poudre,3,4
2272,347,13,0,0,1205,196,219,162,671,cache_la_poudre,14,4
2273,132,21,192,90,1341,248,224,94,966,cache_la_poudre,3,4
2274,109,17,170,86,1276,247,218,94,1026,cache_la_poudre,3,4
2275,197,18,361,155,1082,212,252,168,560,cache_la_poudre,3,4
2275,264,9,0,0,331,197,245,186,713,cache_la_poudre,16,4
2277,58,9,0,0,1101,227,221,128,1208,cache_la_poudre,10,4
2277,61,13,30,1,1443,230,212,112,558,cache_la_poudre,17,4
2277,115,37,297,177,811,253,179,18,300,cache_la_poudre,3,4
2278,80,20,0,0,1044,242,201,80,1194,cache_la_poudre,10,4
2278,115,28,127,53,488,254,199,51,1803,cache_la_poudre,3,4
2279,10,4,0,0,255,215,231,153,424,cache_la_poudre,10,4
2279,306,9,30,5,997,196,235,179,418,cache_la_poudre,16,4
2280,59,25,60,26,360,229,179,68,1666,cache_la_poudre,4,4
2280,110,26,190,59,573,253,201,58,1718,cache_la_poudre,3,4
2280,128,16,497,122,1403,244,229,109,911,cache_la_poudre,2,4
2281,119,19,212,93,1279,249,220,92,1032,cache_la_poudre,3,4
2281,307,12,30,1,1026,187,233,186,408,cache_la_poudre,16,4
2282,212,20,470,136,1358,199,254,184,854,cache_la_poudre,2,4
2284,34,5,0,0,531,219,228,145,832,cache_la_poudre,4,4
2284,98,30,210,87,658,252,184,37,1635,cache_la_poudre,3,4
2284,112,29,150,59,509,254,196,47,1782,cache_la_poudre,3,4
2284,231,3,240,22,170,214,242,166,301,cache_la_poudre,10,4
2284,267,4,210,22,192,209,241,170,306,cache_la_poudre,10,4
2285,113,30,90,44,324,254,194,44,1802,cache_la_poudre,3,4
2285,142,21,228,122,1406,245,229,101,907,cache_la_poudre,3,4
2286,113,14,256,128,1406,244,224,107,824,cache_la_poudre,3,4
2286,161,16,30,6,1501,235,242,133,592,cache_la_poudre,3,4
2289,81,9,30,6,1101,233,224,123,778,cache_la_poudre,5,4
2289,120,23,216,96,942,252,213,75,1368,cache_la_poudre,3,4
2289,133,21,234,106,1345,248,225,95,973,cache_la_poudre,3,4
2289,157,16,297,109,1165,236,241,130,1173,cache_la_poudre,3,4
2290,84,22,0,0,1328,245,197,70,824,cache_la_poudre,17,4
2290,111,29,175,65,531,254,196,48,1761,cache_la_poudre,3,4
2290,116,17,212,107,1237,247,222,97,1074,cache_la_poudre,3,4
2290,171,6,300,28,127,225,243,153,301,cache_la_poudre,10,4
2290,193,10,30,1,162,219,249,163,426,cache_la_poudre,11,4
2290,201,26,457,150,1337,200,252,173,825,cache_la_poudre,2,4
2291,84,6,0,0,127,229,229,133,361,cache_la_poudre,11,4
2291,109,27,277,110,1099,254,199,55,1231,cache_la_poudre,3,4
2291,118,23,510,133,1425,252,213,76,940,cache_la_poudre,2,4
2291,131,22,234,108,1302,249,222,88,1015,cache_la_poudre,3,4
2292,109,26,192,98,876,253,201,58,1429,cache_la_poudre,3,4
2293,118,21,234,105,1260,251,215,82,1057,cache_la_poudre,6,4
2294,117,31,150,69,467,254,195,43,1824,cache_la_poudre,3,4
2295,119,24,234,102,966,252,211,73,1350,cache_la_poudre,3,4
2295,185,8,30,0,1230,222,246,158,949,cache_la_poudre,17,4
2296,100,22,537,138,1406,250,205,72,931,cache_la_poudre,2,4
2296,112,29,201,75,552,254,194,45,1740,cache_la_poudre,3,4
2297,97,17,85,24,330,246,212,89,1599,cache_la_poudre,4,4
2297,183,20,319,116,1190,221,249,151,1158,cache_la_poudre,3,4
2298,174,9,0,0,1290,226,245,152,892,cache_la_poudre,17,4
2299,135,0,0,0,994,219,238,156,930,cache_la_poudre,17,4
2301,93,9,0,0,1320,235,226,123,854,cache_la_poudre,3,4
2302,100,32,240,105,661,253,179,29,1637,cache_la_poudre,3,4
2302,116,26,255,109,990,254,204,61,1332,cache_la_poudre,3,4
2302,226,22,484,162,1316,184,254,200,816,cache_la_poudre,6,4
2303,77,13,0,0,162,236,216,108,1103,cache_la_poudre,14,4
2303,112,31,228,82,573,254,190,39,1719,cache_la_poudre,3,4
2303,236,27,474,9,1298,163,251,216,830,cache_la_poudre,6,4
2304,122,9,0,0,108,235,233,129,170,cache_la_poudre,11,4
2305,34,10,0,0,1144,219,218,134,212,cache_la_poudre,16,4
2305,124,5,0,0,108,229,236,140,127,cache_la_poudre,11,4
2305,126,19,277,122,1350,248,223,95,983,cache_la_poudre,3,4
2305,131,11,0,0,890,238,234,126,842,cache_la_poudre,3,4
2305,137,9,0,0,849,234,237,134,815,cache_la_poudre,17,4
2306,100,30,240,109,684,252,184,36,1617,cache_la_poudre,3,4
2306,109,31,192,81,509,254,187,35,1782,cache_la_poudre,3,4
2306,111,26,212,109,858,253,203,61,1452,cache_la_poudre,3,4
2308,94,24,319,127,1106,249,196,61,1240,cache_la_poudre,3,4
2308,114,26,242,111,708,254,203,59,1598,cache_la_poudre,3,4
2308,129,30,365,14,1082,252,207,60,607,cache_la_poudre,3,4
2308,250,25,366,195,997,159,248,221,488,cache_la_poudre,3,4
2309,112,4,0,0,95,227,235,142,30,cache_la_poudre,11,4
2310,104,25,234,116,882,252,199,59,1434,cache_la_poudre,3,4
2310,114,14,300,127,1374,243,225,108,967,cache_la_poudre,6,4
2310,140,14,30,5,85,240,235,121,108,cache_la_poudre,11,4
2310,191,23,339,129,1214,212,250,160,1142,cache_la_poudre,3,4
2311,21,4,0,0,85,217,231,151,30,cache_la_poudre,10,4
2311,52,8,0,0,968,225,223,132,912,cache_la_poudre,14,4
2311,135,18,30,7,85,245,230,107,150,cache_la_poudre,11,4
2311,260,21,418,17,1260,164,246,218,819,cache_la_poudre,2,4
2312,344,8,0,0,1172,203,227,163,190,cache_la_poudre,16,4
2313,258,10,0,0,600,197,246,188,598,cache_la_poudre,17,4
2314,2,5,0,0,524,212,229,155,659,cache_la_poudre,17,4
2314,97,36,319,210,872,251,166,12,361,cache_la_poudre,3,4
2314,121,15,0,0,644,244,227,107,702,cache_la_poudre,17,4
2315,92,19,0,0,484,246,207,82,592,cache_la_poudre,17,4
2315,123,27,277,122,973,253,209,65,1357,cache_la_poudre,3,4
2315,211,21,488,21,1273,198,254,184,779,cache_la_poudre,6,4
2316,99,21,474,22,1357,249,206,76,938,cache_la_poudre,2,4
2318,103,24,319,134,1064,252,201,63,1282,cache_la_poudre,6,4
2318,120,36,376,231,700,253,184,24,295,cache_la_poudre,3,4
2318,131,27,247,121,732,251,214,73,1579,cache_la_poudre,3,4
2318,207,10,30,4,537,214,249,170,644,cache_la_poudre,17,4
2319,115,34,150,78,404,254,186,30,1888,cache_la_poudre,3,4
2319,119,26,277,125,932,253,207,64,1398,cache_la_poudre,3,4
2319,183,19,391,25,1273,222,249,152,872,cache_la_poudre,2,4
2320,229,20,324,207,999,187,254,199,466,cache_la_poudre,3,4
2321,104,22,272,124,691,251,205,71,1621,cache_la_poudre,3,4
2321,224,25,350,27,955,178,254,202,481,cache_la_poudre,3,4
2322,100,30,270,125,642,252,184,36,1660,cache_la_poudre,3,4
2322,149,26,313,28,1019,243,227,95,571,cache_la_poudre,3,4
2322,208,17,362,28,1224,206,253,178,812,cache_la_poudre,2,4
2323,137,30,451,197,1209,249,213,68,713,cache_la_poudre,3,4
2325,28,12,0,0,1260,215,213,133,162,cache_la_poudre,6,4
2325,130,30,300,214,937,252,208,61,400,cache_la_poudre,6,4
2325,137,46,361,225,785,238,175,12,335,cache_la_poudre,3,4
2325,248,28,437,31,1256,150,247,226,794,cache_la_poudre,6,4
2325,302,8,95,23,1184,199,237,177,162,cache_la_poudre,6,4
2326,261,6,404,143,1242,205,243,177,1140,cache_la_poudre,6,4
2327,96,19,516,33,1398,247,209,84,972,cache_la_poudre,2,4
2327,107,24,319,140,1022,252,204,65,1323,cache_la_poudre,6,4
2327,270,28,408,33,1237,137,236,232,789,cache_la_poudre,6,4
2328,2,19,0,0,866,191,201,145,1036,cache_la_poudre,10,4
2328,8,3,0,0,376,216,232,154,1343,cache_la_poudre,14,4
2328,50,12,0,0,924,225,214,121,967,cache_la_poudre,5,4
2328,112,26,277,134,890,253,203,61,1440,cache_la_poudre,3,4
2330,76,2,0,0,402,222,235,150,1356,cache_la_poudre,14,4
2331,135,3,0,0,361,225,238,148,1316,cache_la_poudre,14,4
2331,265,11,124,29,1180,192,245,192,134,cache_la_poudre,6,4
2332,30,4,484,251,1406,218,231,149,997,cache_la_poudre,2,4
2332,93,20,361,148,1068,247,206,79,1291,cache_la_poudre,6,4
2332,95,13,0,0,216,240,221,110,782,cache_la_poudre,4,4
2332,100,22,339,145,1045,250,205,72,1307,cache_la_poudre,6,4
2333,70,7,0,0,417,228,226,132,1396,cache_la_poudre,14,4
2333,172,24,454,39,1231,228,243,133,742,cache_la_poudre,6,4
2333,229,26,366,39,933,171,253,208,451,cache_la_poudre,6,4
2334,111,24,319,223,914,253,206,67,395,cache_la_poudre,6,4
2335,68,8,499,256,1423,228,225,130,1001,cache_la_poudre,2,4
2335,114,34,201,107,446,254,184,27,1847,cache_la_poudre,3,4
2336,65,14,511,251,1440,233,210,106,1006,cache_la_poudre,2,4
2336,121,22,319,143,979,251,216,81,1365,cache_la_poudre,6,4
2337,93,25,300,140,624,249,193,58,1682,cache_la_poudre,3,4
2337,137,30,421,43,1189,249,212,67,706,cache_la_poudre,6,4
2337,206,11,342,226,934,213,250,171,424,cache_la_poudre,6,4
2339,38,17,0,0,830,218,202,114,1061,cache_la_poudre,10,4
2339,114,23,297,142,872,252,209,71,1465,cache_la_poudre,3,4
2339,126,21,518,264,1476,250,220,87,1019,cache_la_poudre,2,4
2339,134,25,285,142,741,250,219,81,1584,cache_la_poudre,3,4
2340,99,21,404,159,1116,249,206,75,1262,cache_la_poudre,6,4
2341,88,20,0,0,853,245,203,79,1050,cache_la_poudre,5,4
2342,180,12,258,48,914,224,247,154,514,cache_la_poudre,6,4
2342,348,6,0,0,1448,209,231,160,351,cache_la_poudre,6,4
2343,43,12,0,0,930,222,213,123,1458,cache_la_poudre,5,4
2343,117,19,342,150,960,249,219,91,1390,cache_la_poudre,6,4
2343,124,33,182,102,277,253,196,42,1805,cache_la_poudre,3,4
2344,113,35,228,119,469,254,180,22,1826,cache_la_poudre,3,4
2344,117,17,404,160,1074,247,222,97,1302,cache_la_poudre,6,4
2345,157,24,240,104,192,239,235,111,1732,cache_la_poudre,3,4
2346,107,13,404,159,1032,241,224,110,1343,cache_la_poudre,6,4
2347,112,37,192,106,404,253,174,13,1889,cache_la_poudre,3,4
2347,240,19,277,53,892,181,252,205,484,cache_la_poudre,6,4
2347,267,25,400,53,1214,149,241,226,760,cache_la_poudre,6,4
2349,7,6,0,0,847,213,229,153,1513,cache_la_poudre,5,4
2349,62,8,0,0,484,227,223,130,850,cache_la_poudre,2,4
2350,82,21,330,129,607,244,197,73,1706,cache_la_poudre,3,4
2350,85,12,424,166,1099,237,220,112,1288,cache_la_poudre,6,4
2351,108,24,319,154,853,252,206,68,1489,cache_la_poudre,3,4
2353,114,8,424,160,1015,235,232,129,1370,cache_la_poudre,6,4
2353,117,9,228,59,960,236,232,128,573,cache_la_poudre,6,4
2353,117,13,424,166,1057,241,228,114,1329,cache_la_poudre,6,4
2355,79,11,0,0,1207,234,220,117,659,cache_la_poudre,16,4
2355,100,11,384,162,966,238,225,116,1399,cache_la_poudre,6,4
2355,253,17,365,61,1172,180,249,206,726,cache_la_poudre,6,4
2356,111,11,0,0,785,240,228,117,1132,cache_la_poudre,5,4
2356,129,43,376,66,764,246,174,9,342,cache_la_poudre,3,4
2358,55,8,0,0,566,225,223,132,850,cache_la_poudre,2,4
2358,130,29,212,117,255,252,209,62,1797,cache_la_poudre,3,4
2358,234,15,234,68,853,194,252,194,495,cache_la_poudre,6,4
2359,83,11,0,0,1234,236,220,114,633,cache_la_poudre,6,4
2360,75,19,350,139,592,239,201,84,1729,cache_la_poudre,3,4
2360,82,10,0,0,752,234,222,119,1173,cache_la_poudre,5,4
2360,119,36,192,119,361,253,184,25,1900,cache_la_poudre,3,4
2360,257,11,228,66,1107,193,247,192,752,cache_la_poudre,6,4
2362,107,22,324,165,811,251,208,73,1531,cache_la_poudre,3,4
2362,274,13,218,68,1082,184,243,198,722,cache_la_poudre,6,4
2363,254,24,277,73,850,159,247,222,459,cache_la_poudre,6,4
2365,85,15,30,6,1194,241,212,97,674,cache_la_poudre,6,4
2365,320,4,0,0,765,210,236,164,1572,cache_la_poudre,11,4
2366,84,16,390,145,595,241,211,95,1734,cache_la_poudre,6,4
2366,129,20,335,169,768,249,223,93,1573,cache_la_poudre,3,4
2367,111,18,391,170,618,247,218,93,1716,cache_la_poudre,6,4
2368,102,26,242,74,1026,252,196,55,631,cache_la_poudre,6,4
2370,92,17,382,173,882,244,212,91,1482,cache_la_poudre,6,4
2374,84,17,0,0,755,242,208,90,1112,cache_la_poudre,10,4
2374,131,20,362,177,750,248,225,96,1598,cache_la_poudre,6,4
2376,129,39,350,86,785,249,186,25,371,cache_la_poudre,3,4
2377,55,13,424,180,890,228,211,113,1492,cache_la_poudre,6,4
2377,253,16,272,83,1092,183,249,203,690,cache_la_poudre,6,4
2382,57,16,361,157,531,229,205,104,1794,cache_la_poudre,6,4
2385,207,5,459,188,633,217,245,164,1684,cache_la_poudre,6,4
2386,49,13,426,189,849,225,211,117,1519,cache_la_poudre,6,4
2386,76,17,335,161,509,238,207,93,1813,cache_la_poudre,6,4
2388,65,21,0,0,722,234,193,81,1140,cache_la_poudre,10,4
2390,55,21,0,0,626,228,190,85,408,cache_la_poudre,1,4
2391,6,14,0,0,510,202,213,146,1351,cache_la_poudre,11,4
2393,49,19,0,0,693,224,195,97,1170,cache_la_poudre,10,4
2397,158,19,324,107,806,237,239,125,400,cache_la_poudre,6,4
2400,90,2,443,203,767,223,235,148,1570,cache_la_poudre,6,4
2401,16,16,30,3,470,204,204,133,1320,cache_la_poudre,11,4
2410,71,10,0,0,446,231,221,121,1320,cache_la_poudre,6,4
2414,43,8,0,0,400,222,222,135,1293,cache_la_poudre,6,4
2426,92,17,30,8,702,245,211,89,1173,cache_la_poudre,5,4
2438,87,9,30,4,400,234,225,123,1318,cache_la_poudre,6,4
2439,34,9,0,0,371,219,221,138,1289,cache_la_poudre,6,4
2457,77,19,0,0,466,240,202,84,1415,cache_la_poudre,5,4
2476,85,3,0,0,433,223,234,147,1261,cache_la_poudre,6,4
2479,2,7,0,0,417,210,226,154,1234,cache_la_poudre,6,4
2483,60,10,0,0,301,228,219,123,1590,cache_la_poudre,5,4
2483,109,11,0,0,365,240,227,116,1523,cache_la_poudre,5,4
1871,36,19,134,26,120,215,194,107,797,cache_la_poudre,2,6
1872,12,27,85,25,60,182,174,118,577,cache_la_poudre,5,6
1872,35,21,120,18,85,213,189,104,797,cache_la_poudre,1,6
1874,18,14,0,0,90,208,209,135,793,cache_la_poudre,5,6
1879,18,14,0,0,120,208,210,137,767,cache_la_poudre,5,6
1880,38,21,150,38,120,215,189,100,787,cache_la_poudre,2,6
1886,11,19,85,18,67,197,199,135,771,cache_la_poudre,1,6
1886,43,20,30,12,124,220,193,100,752,cache_la_poudre,5,6
1888,20,22,120,38,90,200,189,119,696,cache_la_poudre,2,6
1888,344,22,124,32,95,170,199,164,793,cache_la_poudre,5,6
1890,14,28,108,43,90,181,169,112,607,cache_la_poudre,5,6
1894,47,22,42,15,153,221,187,90,726,cache_la_poudre,1,6
1895,21,16,42,5,180,208,205,130,716,cache_la_poudre,1,6
1895,26,22,153,45,120,204,188,112,730,cache_la_poudre,2,6
1896,337,12,30,6,175,195,224,168,732,cache_la_poudre,5,6
1898,10,22,95,28,85,191,191,132,742,cache_la_poudre,1,6
1900,20,25,124,49,108,193,177,110,641,cache_la_poudre,5,6
1903,1,21,150,52,120,184,195,144,721,cache_la_poudre,2,6
1903,26,18,67,13,210,209,198,121,691,cache_la_poudre,1,6
1905,19,27,134,58,120,188,171,108,636,cache_la_poudre,5,6
1905,27,22,182,56,150,205,188,111,760,cache_la_poudre,2,6
1906,316,26,162,50,134,143,209,201,805,cache_la_poudre,5,6
1909,21,22,180,60,150,199,187,117,755,cache_la_poudre,2,6
1909,31,26,201,67,162,203,174,94,794,cache_la_poudre,2,6
1910,262,24,0,0,182,154,244,224,745,cache_la_poudre,1,6
1910,350,19,85,32,67,181,204,158,706,cache_la_poudre,1,6
1911,9,21,108,39,95,192,194,134,713,cache_la_poudre,1,6
1914,359,19,180,63,153,189,202,148,750,cache_la_poudre,5,6
1916,351,21,180,65,150,178,199,156,755,cache_la_poudre,5,6
1917,6,25,180,66,150,180,182,131,751,cache_la_poudre,2,6
1921,308,31,175,64,150,122,204,215,792,cache_la_poudre,5,6
1922,4,15,30,2,272,200,211,147,679,cache_la_poudre,1,6
1923,38,30,108,33,242,204,158,71,649,cache_la_poudre,1,6
1924,35,32,228,76,210,198,152,68,866,cache_la_poudre,5,6
1926,2,36,124,80,108,147,148,120,663,cache_la_poudre,5,6
1927,16,31,175,77,150,179,161,104,663,cache_la_poudre,5,6
1927,50,26,108,53,201,221,173,71,671,cache_la_poudre,1,6
1928,36,28,95,29,268,206,168,82,642,cache_la_poudre,1,6
1930,37,24,85,21,285,211,180,94,638,cache_la_poudre,1,6
1932,251,26,30,10,240,154,247,224,743,cache_la_poudre,1,6
1933,5,30,210,82,180,167,167,125,781,cache_la_poudre,5,6
1935,2,15,150,48,120,198,211,149,636,cache_la_poudre,1,6
1936,10,13,30,7,331,206,213,144,638,cache_la_poudre,1,6
1936,48,28,127,57,190,217,168,68,644,cache_la_poudre,1,6
1937,36,35,153,82,150,195,142,59,890,cache_la_poudre,5,6
1938,345,26,240,87,212,159,189,161,808,cache_la_poudre,5,6
1939,40,32,124,40,240,204,153,64,624,cache_la_poudre,1,6
1940,48,27,201,89,190,219,172,71,730,cache_la_poudre,1,6
1940,355,33,95,26,120,149,163,138,850,cache_la_poudre,5,6
1941,39,31,190,86,180,205,158,68,900,cache_la_poudre,5,6
1942,15,30,240,91,210,178,163,107,812,cache_la_poudre,5,6
1942,342,37,150,93,120,119,157,160,721,cache_la_poudre,5,6
1944,341,32,247,89,218,137,175,166,886,cache_la_poudre,5,6
1946,49,17,30,4,330,225,202,105,595,cache_la_poudre,1,6
1948,1,15,90,28,330,198,211,150,732,cache_la_poudre,1,6
1951,33,36,150,96,150,188,137,60,907,cache_la_poudre,5,6
1952,46,28,108,10,270,216,167,69,595,cache_la_poudre,1,6
1953,305,19,124,62,95,166,227,200,579,cache_la_poudre,1,6
1954,30,28,277,103,256,199,168,90,824,cache_la_poudre,5,6
1957,11,36,270,106,240,160,145,103,845,cache_la_poudre,5,6
1957,345,31,268,102,242,145,177,160,926,cache_la_poudre,5,6
1958,298,13,153,38,390,185,235,191,752,cache_la_poudre,1,6
1961,33,33,228,112,201,193,148,70,722,cache_la_poudre,5,6
1962,4,20,0,0,361,189,196,140,582,cache_la_poudre,1,6
1963,30,38,285,118,247,180,132,61,883,cache_la_poudre,5,6
1964,233,31,90,42,240,153,249,218,787,cache_la_poudre,1,6
1965,63,16,30,5,301,232,205,100,534,cache_la_poudre,1,6
1966,359,35,190,117,175,147,154,128,721,cache_la_poudre,5,6
1966,360,31,301,115,277,158,165,132,859,cache_la_poudre,5,6
1967,7,39,150,112,150,146,137,106,892,cache_la_poudre,5,6
1967,40,35,180,112,180,199,143,54,918,cache_la_poudre,5,6
1968,21,11,0,0,306,212,216,139,516,cache_la_poudre,1,6
1968,42,19,134,39,420,219,195,104,711,cache_la_poudre,1,6
1968,354,37,134,46,150,136,152,136,870,cache_la_poudre,5,6
1969,271,21,182,47,390,160,242,218,778,cache_la_poudre,1,6
1970,340,35,285,115,256,127,168,167,902,cache_la_poudre,5,6
1971,18,30,306,120,285,182,163,103,853,cache_la_poudre,5,6
1971,288,30,247,122,210,125,222,230,825,cache_la_poudre,5,6
1972,3,36,180,123,150,147,147,119,730,cache_la_poudre,5,6
1972,61,26,85,12,270,231,178,64,552,cache_la_poudre,1,6
1973,43,22,124,13,240,218,185,91,553,cache_la_poudre,1,6
1973,346,11,216,44,480,199,223,162,741,cache_la_poudre,1,6
1974,336,29,295,119,272,144,187,174,953,cache_la_poudre,5,6
1976,76,24,67,16,270,241,188,64,531,cache_la_poudre,1,6
1977,336,35,295,122,268,122,170,174,892,cache_la_poudre,5,6
1979,34,21,190,41,480,211,189,105,713,cache_la_poudre,1,6
1980,38,14,150,20,210,219,208,121,534,cache_la_poudre,1,6
1982,237,31,150,60,270,149,248,222,816,cache_la_poudre,1,6
1982,320,4,170,14,180,209,236,165,516,cache_la_poudre,1,6
1983,17,21,228,45,510,197,190,123,731,cache_la_poudre,1,6
1983,61,34,295,132,283,225,149,29,815,cache_la_poudre,1,6
1983,337,20,30,15,342,172,208,173,525,cache_la_poudre,10,6
1986,242,24,210,64,360,166,251,216,819,cache_la_poudre,1,6
1986,327,33,306,130,270,122,182,188,882,cache_la_poudre,5,6
1986,356,35,331,135,306,145,157,134,888,cache_la_poudre,5,6
1987,328,23,124,65,180,157,206,184,850,cache_la_poudre,1,6
1988,354,18,150,28,474,188,206,154,607,cache_la_poudre,10,6
1989,13,34,300,138,270,166,150,102,870,cache_la_poudre,5,6
1989,291,28,272,140,240,130,222,226,845,cache_la_poudre,5,6
1990,30,7,95,22,212,218,226,143,467,cache_la_poudre,1,6
1990,252,21,120,68,210,168,249,216,830,cache_la_poudre,1,6
1991,50,34,283,145,256,213,145,40,782,cache_la_poudre,1,6
1991,342,34,210,142,180,132,168,162,771,cache_la_poudre,5,6
1992,288,17,247,70,420,169,236,206,819,cache_la_poudre,1,6
1994,260,19,268,74,480,170,247,213,797,cache_la_poudre,1,6
1995,41,21,210,73,240,217,189,98,882,cache_la_poudre,1,6
1995,357,20,0,0,309,184,199,149,443,cache_la_poudre,10,6
1997,274,18,256,75,450,170,242,210,808,cache_la_poudre,1,6
1998,326,15,295,69,540,182,222,179,779,cache_la_poudre,1,6
1999,28,15,270,77,330,213,207,127,886,cache_la_poudre,1,6
1999,299,6,150,77,210,202,238,175,853,cache_la_poudre,1,6
1999,310,4,180,77,240,209,237,166,858,cache_la_poudre,1,6
2000,324,29,330,145,331,135,195,193,939,cache_la_poudre,1,6
2001,54,17,67,16,228,228,202,102,426,cache_la_poudre,1,6
2002,49,32,351,151,335,214,153,50,875,cache_la_poudre,1,6
2003,298,12,323,82,540,185,236,190,808,cache_la_poudre,1,6
2005,322,17,300,83,360,175,221,185,899,cache_la_poudre,1,6
2005,332,20,192,55,532,171,211,178,664,cache_la_poudre,10,6
2008,0,36,247,159,228,146,151,125,781,cache_la_poudre,5,6
2008,272,16,313,86,450,176,243,206,864,cache_la_poudre,1,6
2008,339,22,0,0,324,168,203,170,430,cache_la_poudre,10,6
2014,31,18,30,6,319,213,199,117,390,cache_la_poudre,10,6
2014,324,22,212,52,541,160,211,188,655,cache_la_poudre,10,6
2016,25,24,108,40,430,200,182,108,541,cache_la_poudre,10,6
2016,344,34,240,167,210,133,165,158,794,cache_la_poudre,5,6
2017,296,16,60,19,277,172,233,200,485,cache_la_poudre,10,6
2018,324,23,0,0,342,155,209,190,418,cache_la_poudre,10,6
2020,354,37,240,171,210,135,150,135,789,cache_la_poudre,5,6
2024,327,35,330,175,300,116,178,190,895,cache_la_poudre,5,6
2025,13,19,120,3,212,198,197,132,342,cache_la_poudre,10,6
2028,22,35,360,183,323,175,144,83,934,cache_la_poudre,5,6
2029,4,37,391,178,365,147,145,116,947,cache_la_poudre,5,6
2030,9,25,90,45,417,183,181,127,503,cache_la_poudre,10,6
2030,349,20,384,88,660,179,203,159,785,cache_la_poudre,10,6
2031,31,22,295,69,618,208,186,105,700,cache_la_poudre,10,6
2031,58,33,323,182,306,223,151,35,841,cache_la_poudre,1,6
2032,19,31,285,183,268,180,158,98,810,cache_la_poudre,5,6
2034,22,23,108,12,234,199,185,115,324,cache_la_poudre,10,6
2034,247,26,335,-23,573,156,248,223,888,cache_la_poudre,1,6
2034,324,29,270,185,240,136,196,193,824,cache_la_poudre,5,6
2035,318,29,60,16,270,132,199,201,366,cache_la_poudre,10,6
2036,61,29,30,14,319,229,168,52,351,cache_la_poudre,1,6
2038,237,20,295,-19,607,179,253,206,912,cache_la_poudre,1,6
2038,292,26,361,116,395,140,225,221,942,cache_la_poudre,1,6
2040,3,21,365,78,690,186,194,141,752,cache_la_poudre,10,6
2041,282,27,366,-16,514,136,230,228,902,cache_la_poudre,1,6
2042,37,23,301,82,631,212,181,94,696,cache_la_poudre,10,6
2042,41,32,371,-21,400,206,154,62,932,cache_la_poudre,1,6
2044,312,28,60,24,324,133,206,208,560,cache_la_poudre,10,6
2044,331,24,30,8,351,158,203,181,607,cache_la_poudre,10,6
2044,337,37,360,195,330,116,163,170,924,cache_la_poudre,5,6
2046,7,28,90,51,433,173,172,125,495,cache_la_poudre,10,6
2046,38,30,313,197,295,205,161,73,840,cache_la_poudre,5,6
2046,234,19,268,-11,612,185,253,202,942,cache_la_poudre,1,6
2047,287,25,361,-10,488,143,230,222,940,cache_la_poudre,1,6
2047,326,17,30,8,524,176,219,182,666,cache_la_poudre,14,6
2048,322,30,60,33,270,129,193,195,384,cache_la_poudre,10,6
2049,321,17,242,-8,700,173,220,186,932,cache_la_poudre,1,6
2050,322,28,42,18,424,139,200,195,558,cache_la_poudre,14,6
2052,53,28,60,30,297,222,168,62,323,cache_la_poudre,10,6
2052,321,28,42,19,459,137,200,196,600,cache_la_poudre,10,6
2053,14,34,390,202,360,168,150,101,962,cache_la_poudre,5,6
2054,252,23,324,-3,547,163,248,219,924,cache_la_poudre,1,6
2054,273,22,228,-3,648,156,240,220,967,cache_la_poudre,1,6
2054,330,33,42,27,300,125,181,185,426,cache_la_poudre,10,6
2055,325,26,85,42,342,147,202,190,569,cache_la_poudre,10,6
2055,352,35,362,-8,408,139,159,142,967,cache_la_poudre,5,6
2056,341,16,162,58,404,184,214,168,604,cache_la_poudre,10,6
2057,352,29,390,-123,720,157,177,149,781,cache_la_poudre,10,6
2057,355,17,270,0,726,189,207,154,900,cache_la_poudre,1,6
2059,6,27,360,1,720,176,178,129,811,cache_la_poudre,10,6
2059,332,31,42,20,379,135,185,181,636,cache_la_poudre,10,6
2060,287,25,339,2,495,142,228,223,968,cache_la_poudre,1,6
2060,328,32,60,26,395,128,186,188,534,cache_la_poudre,10,6
2060,341,27,0,0,404,152,188,168,361,cache_la_poudre,10,6
2061,35,27,90,39,277,205,169,84,295,cache_la_poudre,10,6
2062,16,30,190,-80,558,180,165,107,571,cache_la_poudre,10,6
2062,360,30,300,213,272,162,171,135,845,cache_la_poudre,5,6
2063,41,29,306,-117,659,210,165,73,691,cache_la_poudre,10,6
2063,221,24,258,5,589,184,254,197,977,cache_la_poudre,1,6
2064,316,33,85,32,376,118,193,206,618,cache_la_poudre,10,6
2065,34,34,108,71,180,194,147,66,451,cache_la_poudre,10,6
2065,312,16,30,12,579,174,226,192,745,cache_la_poudre,14,6
2066,36,22,190,98,192,212,185,99,430,cache_la_poudre,4,6
2067,0,15,0,0,450,196,210,150,721,cache_la_poudre,10,6
2067,318,29,330,218,300,132,200,201,878,cache_la_poudre,5,6
2068,315,14,228,70,469,183,228,185,659,cache_la_poudre,10,6
2069,22,29,42,21,60,188,166,99,765,cache_la_poudre,4,6
2069,323,35,360,220,330,114,182,195,912,cache_la_poudre,5,6
2070,330,34,67,43,365,120,176,183,511,cache_la_poudre,10,6
2072,4,36,366,8,424,152,149,116,1006,cache_la_poudre,5,6
2073,58,20,201,81,216,230,193,87,443,cache_la_poudre,4,6
2073,338,27,247,-69,607,150,189,171,631,cache_la_poudre,10,6
2074,8,36,420,223,390,156,147,109,990,cache_la_poudre,5,6
2074,12,31,420,223,390,172,162,112,990,cache_la_poudre,5,6
2074,294,23,384,10,418,151,228,214,1025,cache_la_poudre,5,6
2075,9,5,180,17,738,215,230,153,891,cache_la_poudre,2,6
2075,36,33,134,67,492,197,148,63,514,cache_la_poudre,10,6
2075,106,23,30,9,421,251,206,71,693,cache_la_poudre,1,6
2075,266,23,361,11,446,155,243,223,1015,cache_la_poudre,1,6
2075,340,29,0,0,424,147,185,169,360,cache_la_poudre,10,6
2075,340,38,420,224,390,116,158,164,992,cache_la_poudre,5,6
2076,27,24,30,5,175,201,180,105,516,cache_la_poudre,15,6
2077,53,32,127,32,212,219,155,46,492,cache_la_poudre,10,6
2078,6,21,240,20,789,189,194,138,930,cache_la_poudre,1,6
2078,18,30,182,-64,576,182,163,103,570,cache_la_poudre,10,6
2079,324,32,360,230,330,126,189,193,908,cache_la_poudre,5,6
2080,334,34,85,51,335,125,175,177,488,cache_la_poudre,10,6
2081,66,34,150,35,216,230,153,28,484,cache_la_poudre,10,6
2082,322,35,95,38,402,113,182,197,648,cache_la_poudre,10,6
2084,22,29,330,26,781,187,164,98,841,cache_la_poudre,10,6
2084,28,32,120,62,277,191,154,81,256,cache_la_poudre,10,6
2085,5,22,134,65,408,185,191,137,636,cache_la_poudre,10,6
2086,323,33,30,26,446,118,185,196,390,cache_la_poudre,10,6
2086,330,36,379,22,360,115,173,184,942,cache_la_poudre,5,6
2086,356,30,309,-94,716,159,173,142,721,cache_la_poudre,10,6
2087,94,30,150,37,210,251,179,34,466,cache_la_poudre,10,6
2087,274,28,319,23,480,136,234,231,1034,cache_la_poudre,1,6
2087,325,35,85,48,418,116,180,192,671,cache_la_poudre,10,6
2088,27,27,283,-92,691,197,169,95,691,cache_la_poudre,10,6
2089,58,22,30,16,484,230,189,82,755,cache_la_poudre,10,6
2089,274,25,342,25,450,145,237,227,1044,cache_la_poudre,1,6
2089,325,33,95,55,371,121,184,192,531,cache_la_poudre,10,6
2089,326,29,42,22,481,136,194,190,750,cache_la_poudre,10,6
2089,356,21,30,5,234,182,197,149,458,cache_la_poudre,10,6
2090,13,11,30,-5,297,210,218,145,418,cache_la_poudre,10,6
2090,38,25,42,6,95,211,178,90,742,cache_la_poudre,4,6
2090,44,30,120,39,180,212,160,64,481,cache_la_poudre,10,6
2090,349,33,335,-90,741,142,167,151,751,cache_la_poudre,10,6
2090,359,24,201,77,469,177,188,142,685,cache_la_poudre,10,6
2091,26,34,90,40,108,183,146,78,677,cache_la_poudre,10,6
2091,34,32,85,40,150,196,153,72,612,cache_la_poudre,10,6
2091,338,27,0,0,446,151,191,172,361,cache_la_poudre,10,6
2092,15,33,192,112,216,172,155,102,474,cache_la_poudre,10,6
2092,279,26,297,28,510,139,232,228,1026,cache_la_poudre,1,6
2093,54,34,150,46,234,217,146,36,469,cache_la_poudre,10,6
2093,325,34,362,29,390,117,182,193,977,cache_la_poudre,5,6
2094,358,22,42,16,216,180,193,146,474,cache_la_poudre,10,6
2095,15,27,300,37,812,185,173,114,872,cache_la_poudre,10,6
2096,312,27,350,32,420,137,209,207,1012,cache_la_poudre,5,6
2096,325,32,85,41,459,125,187,192,722,cache_la_poudre,10,6
2096,339,35,424,32,420,125,168,168,1022,cache_la_poudre,5,6
2096,340,20,30,8,890,173,206,169,797,cache_la_poudre,14,6
2096,351,36,295,32,474,132,154,143,1024,cache_la_poudre,5,6
2098,102,28,180,48,240,253,190,45,430,cache_la_poudre,10,6
2098,348,38,361,34,451,123,150,147,1006,cache_la_poudre,5,6
2099,56,31,120,21,242,223,158,46,467,cache_la_poudre,10,6
2099,309,26,30,16,782,140,212,208,902,cache_la_poudre,10,6
2099,359,21,30,4,541,184,196,145,812,cache_la_poudre,10,6
2100,4,26,268,96,514,176,180,133,738,cache_la_poudre,10,6
2100,28,26,256,-80,666,199,173,98,661,cache_la_poudre,10,6
2100,45,1,30,-8,1040,219,236,154,655,cache_la_poudre,14,6
2101,54,33,330,37,400,219,152,42,960,cache_la_poudre,1,6
2101,57,31,120,50,182,224,161,48,480,cache_la_poudre,10,6
2101,59,39,90,79,339,216,131,13,272,cache_la_poudre,1,6
2101,354,37,309,37,466,133,148,135,1026,cache_la_poudre,5,6
2102,17,18,30,7,242,202,199,129,845,cache_la_poudre,10,6
2103,26,29,42,12,446,194,165,93,335,cache_la_poudre,10,6
2104,36,32,124,2,531,199,152,68,510,cache_la_poudre,10,6
2104,77,32,180,52,240,240,163,27,446,cache_la_poudre,10,6
2104,285,27,324,40,450,137,229,226,1041,cache_la_poudre,1,6
2104,319,20,67,23,192,165,218,191,793,cache_la_poudre,10,6
2104,340,13,30,0,1057,192,220,167,648,cache_la_poudre,10,6
2104,347,31,295,-76,732,145,173,156,722,cache_la_poudre,10,6
2104,358,27,60,8,297,169,181,141,402,cache_la_poudre,10,6
2105,8,25,60,14,277,183,182,128,417,cache_la_poudre,10,6
2105,32,25,361,41,365,205,178,97,932,cache_la_poudre,5,6
2105,323,12,42,8,973,189,227,178,721,cache_la_poudre,14,6
2106,5,14,60,11,234,201,211,147,811,cache_la_poudre,10,6
2107,47,21,30,-5,660,222,189,92,713,cache_la_poudre,5,6
2107,325,31,85,44,592,130,190,191,785,cache_la_poudre,10,6
2107,329,34,351,43,390,120,178,187,972,cache_la_poudre,5,6
2108,16,32,242,79,277,176,158,103,510,cache_la_poudre,10,6
2108,35,35,150,-34,573,193,141,58,541,cache_la_poudre,10,6
2108,51,30,127,55,192,218,161,56,518,cache_la_poudre,10,6
2108,312,14,67,4,990,182,229,187,713,cache_la_poudre,10,6
2109,334,22,67,37,716,165,206,177,912,cache_la_poudre,10,6
2110,32,30,127,60,192,198,159,79,553,cache_la_poudre,10,6
2110,51,31,150,26,258,218,158,53,446,cache_la_poudre,10,6
2110,304,25,85,43,633,145,219,211,828,cache_la_poudre,10,6
2111,336,30,67,9,488,141,185,174,450,cache_la_poudre,10,6
2112,333,21,95,44,691,166,207,177,892,cache_la_poudre,10,6
2113,32,23,30,12,630,208,182,100,693,cache_la_poudre,5,6
2113,42,37,272,49,466,199,136,43,1020,cache_la_poudre,1,6
2113,59,40,90,81,361,216,129,9,270,cache_la_poudre,1,6
2114,4,32,256,50,513,162,161,123,1015,cache_la_poudre,5,6
2114,34,5,30,-6,511,219,228,145,379,cache_la_poudre,10,6
2114,65,30,67,19,495,232,164,43,765,cache_la_poudre,10,6
2114,66,33,134,63,201,230,155,31,484,cache_la_poudre,4,6
2114,239,11,127,56,660,200,249,186,949,cache_la_poudre,1,6
2115,258,24,170,51,600,155,245,224,999,cache_la_poudre,1,6
2115,319,28,134,74,484,138,202,199,680,cache_la_poudre,10,6
2116,61,7,30,-8,474,226,225,133,402,cache_la_poudre,10,6
2117,23,31,330,59,841,186,157,90,845,cache_la_poudre,10,6
2117,34,21,216,83,324,212,189,104,541,cache_la_poudre,10,6
2118,322,33,108,60,566,121,188,196,765,cache_la_poudre,10,6
2118,352,12,30,6,1158,199,219,158,573,cache_la_poudre,14,6
2119,0,25,90,19,339,174,184,140,362,cache_la_poudre,10,6
2119,2,36,319,55,484,148,149,120,983,cache_la_poudre,5,6
2119,37,25,42,18,660,210,178,91,721,cache_la_poudre,5,6
2119,319,35,127,72,474,112,185,201,730,cache_la_poudre,10,6
2119,323,31,60,24,570,129,192,195,841,cache_la_poudre,10,6
2121,18,28,175,77,484,186,170,108,721,cache_la_poudre,10,6
2121,22,30,272,63,787,187,162,96,900,cache_la_poudre,10,6
2121,23,34,60,30,469,180,148,84,342,cache_la_poudre,10,6
2121,29,19,134,31,283,210,195,114,424,cache_la_poudre,10,6
2121,121,1,0,0,430,221,237,152,450,cache_la_poudre,10,6
2121,278,30,297,47,418,125,228,235,726,cache_la_poudre,5,6
2122,22,26,170,67,256,194,174,105,524,cache_la_poudre,10,6
2122,288,1,30,-5,443,216,238,159,433,cache_la_poudre,10,6
2122,323,16,234,27,421,177,221,183,808,cache_la_poudre,10,6
2122,329,21,108,18,984,166,210,181,735,cache_la_poudre,10,6
2123,6,36,300,59,488,153,147,112,990,cache_la_poudre,5,6
2123,81,31,210,73,270,243,170,33,418,cache_la_poudre,2,6
2124,59,33,150,72,216,224,153,36,488,cache_la_poudre,4,6
2124,323,26,162,85,458,144,203,193,661,cache_la_poudre,10,6
2124,342,25,108,52,708,161,195,167,914,cache_la_poudre,10,6
2125,14,24,85,22,404,191,184,122,335,cache_la_poudre,10,6
2125,243,27,216,61,540,158,249,221,1050,cache_la_poudre,1,6
2126,24,29,228,-54,703,190,164,95,666,cache_la_poudre,10,6
2126,293,27,127,59,624,134,222,223,830,cache_la_poudre,10,6
2126,316,17,60,14,1153,172,223,190,601,cache_la_poudre,10,6
2126,321,34,108,64,518,116,186,199,782,cache_la_poudre,10,6
2127,36,29,301,63,424,204,163,78,992,cache_la_poudre,1,6
2127,320,31,67,40,858,127,195,200,845,cache_la_poudre,10,6
2128,2,21,60,17,474,186,195,142,331,cache_la_poudre,10,6
2128,10,27,90,26,531,178,174,122,481,cache_la_poudre,10,6
2128,24,34,150,106,300,181,147,82,212,cache_la_poudre,10,6
2128,39,16,150,28,350,219,203,115,342,cache_la_poudre,2,6
2129,39,34,242,65,495,201,147,58,1036,cache_la_poudre,1,6
2130,1,20,216,35,420,186,197,145,834,cache_la_poudre,10,6
2130,9,17,228,66,541,198,203,139,987,cache_la_poudre,5,6
2130,327,20,212,97,391,167,213,184,600,cache_la_poudre,10,6
2131,8,19,60,3,484,195,199,137,391,cache_la_poudre,10,6
2132,11,12,30,5,1195,207,214,144,570,cache_la_poudre,14,6
2132,325,26,190,93,433,148,203,190,642,cache_la_poudre,10,6
2133,4,28,268,11,480,173,175,130,805,cache_la_poudre,10,6
2133,19,34,150,-47,636,174,148,90,577,cache_la_poudre,10,6
2133,292,26,150,70,642,139,225,221,853,cache_la_poudre,10,6
2134,37,38,85,43,450,190,131,48,313,cache_la_poudre,10,6
2135,21,33,331,77,845,179,151,90,849,cache_la_poudre,10,6
2135,332,29,95,61,750,139,189,182,949,cache_la_poudre,10,6
2136,15,21,30,3,365,197,192,126,488,cache_la_poudre,10,6
2136,297,18,150,11,216,168,232,203,703,cache_la_poudre,10,6
2137,9,25,120,34,404,184,182,127,313,cache_la_poudre,10,6
2137,38,21,218,73,532,215,190,102,997,cache_la_poudre,1,6
2137,301,27,85,25,1129,136,217,217,631,cache_la_poudre,10,6
2138,38,31,240,88,300,203,157,70,361,cache_la_poudre,10,6
2138,51,24,228,42,309,224,181,79,391,cache_la_poudre,10,6
2138,343,21,90,17,516,174,204,166,306,cache_la_poudre,10,6
2138,355,22,90,19,492,177,194,150,301,cache_la_poudre,10,6
2139,24,28,42,6,319,192,166,97,824,cache_la_poudre,10,6
2139,34,31,277,81,779,199,157,76,882,cache_la_poudre,10,6
2139,318,30,85,51,834,128,197,201,874,cache_la_poudre,10,6
2139,356,25,90,28,469,170,185,146,300,cache_la_poudre,10,6
2140,13,25,297,76,514,186,179,121,953,cache_la_poudre,5,6
2140,24,17,190,44,319,209,202,125,384,cache_la_poudre,10,6
2140,43,33,210,90,272,205,148,54,390,cache_la_poudre,10,6
2140,53,24,60,12,720,225,180,75,779,cache_la_poudre,5,6
2140,303,26,95,52,876,140,217,213,837,cache_la_poudre,10,6
2141,49,32,182,90,247,215,155,51,421,cache_la_poudre,10,6
2141,57,35,90,46,532,221,147,32,800,cache_la_poudre,10,6
2142,30,30,108,47,192,196,162,85,636,cache_la_poudre,10,6
2142,318,22,285,78,450,157,214,194,1027,cache_la_poudre,1,6
2143,30,20,150,43,384,210,193,112,309,cache_la_poudre,10,6
2144,306,27,95,37,1087,136,213,212,663,cache_la_poudre,10,6
2145,329,17,30,4,661,178,218,179,932,cache_la_poudre,10,6
2147,26,31,170,96,228,189,156,85,569,cache_la_poudre,10,6
2147,34,34,150,125,324,194,146,65,210,cache_la_poudre,10,6
2147,51,24,255,101,323,223,180,78,376,cache_la_poudre,10,6
2147,298,29,67,10,1149,128,216,222,630,cache_la_poudre,10,6
2148,22,29,85,15,319,189,166,99,782,cache_la_poudre,10,6
2148,123,27,270,98,330,253,208,64,351,cache_la_poudre,2,6
2148,310,30,60,30,630,126,204,211,900,cache_la_poudre,10,6
2149,51,25,90,21,720,223,178,76,787,cache_la_poudre,5,6
2149,349,33,306,-31,792,141,167,151,760,cache_la_poudre,10,6
2150,4,27,60,14,371,173,176,131,469,cache_la_poudre,10,6
2150,5,23,210,50,402,184,190,137,297,cache_la_poudre,10,6
2150,11,28,134,43,446,177,170,118,277,cache_la_poudre,10,6
2150,34,13,0,0,1473,218,212,128,277,cache_la_poudre,14,6
2150,291,28,190,87,638,132,222,225,858,cache_la_poudre,10,6
2151,47,23,180,48,408,221,184,87,283,cache_la_poudre,2,6
2151,58,13,0,0,1253,229,212,114,577,cache_la_poudre,14,6
2151,62,32,192,99,258,228,158,40,466,cache_la_poudre,4,6
2152,6,32,234,116,551,162,159,120,787,cache_la_poudre,10,6
2152,358,22,150,24,600,180,194,147,268,cache_la_poudre,10,6
2153,328,29,0,0,573,139,194,188,446,cache_la_poudre,10,6
2153,333,27,228,114,426,148,194,179,649,cache_la_poudre,10,6
2154,329,20,30,6,691,168,212,181,962,cache_la_poudre,10,6
2155,19,24,216,89,324,194,181,114,579,cache_la_poudre,10,6
2155,35,22,247,55,350,211,186,100,350,cache_la_poudre,10,6
2155,84,21,270,109,330,245,199,73,362,cache_la_poudre,2,6
2155,231,15,218,91,511,196,252,192,1047,cache_la_poudre,2,6
2157,13,33,180,135,309,170,155,104,180,cache_la_poudre,10,6
2157,301,28,60,26,660,133,216,218,930,cache_la_poudre,10,6
2157,350,31,242,-23,765,150,172,150,706,cache_la_poudre,10,6
2158,51,33,120,63,541,215,151,46,808,cache_la_poudre,10,6
2158,53,32,67,17,390,218,155,47,957,cache_la_poudre,10,6
2158,310,29,201,88,658,131,207,210,882,cache_la_poudre,10,6
2158,350,29,67,24,1350,154,178,152,424,cache_la_poudre,10,6
2159,41,25,95,31,750,214,178,85,816,cache_la_poudre,5,6
2159,52,36,60,54,612,213,140,32,883,cache_la_poudre,10,6
2160,148,8,212,96,514,231,240,141,1033,cache_la_poudre,2,6
2162,1,25,30,8,1489,176,184,139,285,cache_la_poudre,10,6
2162,49,33,150,140,350,214,151,48,212,cache_la_poudre,10,6
2162,354,28,85,33,1326,162,179,146,454,cache_la_poudre,10,6
2163,19,30,182,-17,721,184,163,101,648,cache_la_poudre,10,6
2163,23,30,108,22,339,187,160,94,767,cache_la_poudre,10,6
2163,33,33,313,105,800,194,151,72,888,cache_la_poudre,10,6
2163,317,29,127,74,787,131,200,202,931,cache_la_poudre,10,6
2164,341,30,190,92,700,145,181,166,924,cache_la_poudre,10,6
2165,86,27,330,115,390,247,185,50,277,cache_la_poudre,2,6
2166,291,29,60,21,1230,126,220,228,641,cache_la_poudre,10,6
2167,20,27,162,78,268,191,173,107,552,cache_la_poudre,10,6
2167,288,29,212,100,616,128,223,228,841,cache_la_poudre,10,6
2168,43,22,240,61,458,218,186,92,234,cache_la_poudre,2,6
2168,106,28,330,62,390,254,194,48,285,cache_la_poudre,2,6
2168,353,23,85,28,379,174,193,152,450,cache_la_poudre,10,6
2169,33,41,120,78,458,178,120,45,295,cache_la_poudre,10,6
2169,34,14,228,96,366,217,208,123,618,cache_la_poudre,10,6
2169,42,32,242,119,306,206,153,60,361,cache_la_poudre,10,6
2169,349,30,67,27,1416,151,176,153,371,cache_la_poudre,10,6
2170,40,27,180,47,598,210,170,80,258,cache_la_poudre,10,6
2170,301,27,150,83,850,135,217,217,888,cache_la_poudre,10,6
2170,339,32,0,0,595,136,177,169,457,cache_la_poudre,10,6
2171,35,31,300,121,361,200,157,74,300,cache_la_poudre,10,6
2171,51,36,120,76,569,212,140,34,837,cache_la_poudre,10,6
2171,54,36,42,7,402,216,142,31,942,cache_la_poudre,10,6
2171,312,30,60,7,1294,125,202,210,626,cache_la_poudre,10,6
2171,340,28,150,50,531,149,187,169,242,cache_la_poudre,10,6
2171,354,31,90,38,437,154,170,143,404,cache_la_poudre,10,6
2172,16,27,134,25,324,186,172,111,700,cache_la_poudre,10,6
2172,58,34,153,140,376,222,149,34,218,cache_la_poudre,10,6
2173,15,29,150,32,342,180,166,110,726,cache_la_poudre,10,6
2173,47,33,85,9,418,211,151,51,983,cache_la_poudre,10,6
2173,296,31,90,55,661,118,213,227,930,cache_la_poudre,10,6
2174,12,19,270,71,417,196,197,133,283,cache_la_poudre,10,6
2174,303,31,67,23,1252,119,207,221,648,cache_la_poudre,10,6
2174,309,27,124,37,1104,138,211,209,690,cache_la_poudre,10,6
2174,334,15,0,0,1421,185,219,173,577,cache_la_poudre,14,6
2175,4,21,283,80,404,186,194,140,644,cache_la_poudre,10,6
2175,6,23,270,68,469,184,188,135,234,cache_la_poudre,10,6
2175,98,21,301,72,390,249,206,76,295,cache_la_poudre,2,6
2175,315,24,162,71,1062,151,213,199,721,cache_la_poudre,10,6
2175,332,23,180,46,573,159,204,180,218,cache_la_poudre,10,6
2175,351,28,95,33,1368,158,179,151,430,cache_la_poudre,10,6
2177,0,12,30,-11,1464,202,217,152,566,cache_la_poudre,14,6
2177,2,30,42,14,1531,165,170,130,268,cache_la_poudre,10,6
2178,0,26,30,6,752,173,182,138,1024,cache_la_poudre,10,6
2178,38,26,95,31,335,210,174,86,659,cache_la_poudre,10,6
2178,358,27,95,14,1345,169,181,141,459,cache_la_poudre,10,6
2180,23,31,127,30,361,186,159,92,752,cache_la_poudre,10,6
2180,30,25,201,69,469,204,178,99,228,cache_la_poudre,10,6
2182,36,20,134,87,283,214,193,107,564,cache_la_poudre,10,6
2182,319,28,30,15,1401,136,201,199,604,cache_la_poudre,10,6
2182,330,34,201,127,569,123,179,184,824,cache_la_poudre,10,6
2183,17,31,30,10,1581,180,161,103,216,cache_la_poudre,14,6
2184,323,24,30,10,1443,152,207,191,592,cache_la_poudre,14,6
2185,28,15,268,90,426,213,207,127,671,cache_la_poudre,10,6
2186,46,32,108,22,446,211,153,55,993,cache_la_poudre,10,6
2186,350,19,283,147,446,183,205,158,685,cache_la_poudre,10,6
2187,353,32,95,36,1434,150,167,143,379,cache_la_poudre,10,6
2188,27,16,295,67,525,212,205,126,170,cache_la_poudre,10,6
2189,10,26,182,68,509,183,179,124,212,cache_la_poudre,10,6
2189,36,28,182,167,362,205,166,80,190,cache_la_poudre,10,6
2189,49,32,134,35,840,215,155,51,902,cache_la_poudre,5,6
2189,50,28,201,94,339,220,169,66,470,cache_la_poudre,10,6
2189,52,28,150,61,810,222,169,63,882,cache_la_poudre,5,6
2189,354,30,108,47,1410,155,172,144,408,cache_la_poudre,10,6
2190,350,21,216,81,1018,178,200,158,781,cache_la_poudre,10,6
2191,20,29,127,6,366,186,166,102,711,cache_la_poudre,10,6
2191,68,26,212,96,551,236,179,59,808,cache_la_poudre,1,6
2191,83,17,390,70,450,241,208,91,212,cache_la_poudre,2,6
2191,296,30,120,54,1146,125,216,225,693,cache_la_poudre,10,6
2191,330,17,268,141,488,177,216,178,726,cache_la_poudre,10,6
2191,354,27,120,58,474,165,182,148,361,cache_la_poudre,10,6
2193,51,37,90,88,648,209,135,29,918,cache_la_poudre,10,6
2193,321,17,258,140,531,175,222,186,767,cache_la_poudre,10,6
2193,334,28,192,110,764,145,190,178,983,cache_la_poudre,10,6
2193,357,30,67,12,636,159,171,139,532,cache_la_poudre,10,6
2194,12,10,283,99,469,210,220,146,711,cache_la_poudre,10,6
2194,12,28,85,19,404,179,171,117,805,cache_la_poudre,10,6
2194,359,33,60,12,782,154,162,132,1054,cache_la_poudre,10,6
2195,67,17,285,74,541,235,203,94,150,cache_la_poudre,2,6
2196,1,33,67,28,1548,155,161,128,283,cache_la_poudre,10,6
2196,21,30,150,32,384,186,163,99,738,cache_la_poudre,10,6
2196,53,32,201,66,571,219,156,48,255,cache_la_poudre,10,6
2196,278,24,120,65,722,146,235,224,990,cache_la_poudre,10,6
2196,282,28,120,78,693,133,229,229,960,cache_la_poudre,10,6
2197,60,28,42,12,390,228,169,55,631,cache_la_poudre,1,6
2198,338,11,283,139,511,195,224,168,752,cache_la_poudre,10,6
2198,345,19,212,61,1040,178,206,164,780,cache_la_poudre,10,6
2199,49,30,210,104,577,216,161,60,836,cache_la_poudre,1,6
2200,30,29,42,1,446,198,166,88,859,cache_la_poudre,10,6
2200,43,27,190,168,390,213,169,75,201,cache_la_poudre,10,6
2200,295,31,216,112,870,121,215,227,908,cache_la_poudre,10,6
2201,31,18,85,27,1383,213,198,116,474,cache_la_poudre,10,6
2201,332,27,240,80,616,147,195,181,162,cache_la_poudre,10,6
2202,34,43,108,77,525,174,111,36,350,cache_la_poudre,10,6
2202,343,31,270,21,828,143,178,163,750,cache_la_poudre,10,6
2202,351,18,330,81,510,185,206,157,175,cache_la_poudre,10,6
2203,60,21,242,108,566,231,192,84,819,cache_la_poudre,1,6
2203,346,23,210,78,552,168,195,161,180,cache_la_poudre,10,6
2205,41,26,170,14,495,212,172,80,942,cache_la_poudre,10,6
2205,292,28,124,68,1211,131,221,225,706,cache_la_poudre,10,6
2205,302,28,150,110,666,130,214,218,932,cache_la_poudre,10,6
2205,321,13,297,142,576,187,227,180,819,cache_la_poudre,10,6
2205,349,23,150,69,480,172,196,158,342,cache_la_poudre,10,6
2206,15,23,391,156,454,193,185,122,212,cache_la_poudre,10,6
2206,43,26,285,155,351,215,174,80,342,cache_la_poudre,2,6
2206,57,30,228,73,573,224,162,50,234,cache_la_poudre,10,6
2206,61,18,247,85,534,232,200,94,162,cache_la_poudre,2,6
2206,94,14,360,85,480,241,219,105,190,cache_la_poudre,2,6
2206,136,21,30,-1,1461,247,227,98,509,cache_la_poudre,2,6
2206,319,27,283,136,661,139,203,198,900,cache_la_poudre,10,6
2206,334,23,30,13,1405,162,203,177,595,cache_la_poudre,10,6
2207,4,35,67,4,488,153,152,119,532,cache_la_poudre,10,6
2208,37,39,95,73,566,188,127,44,391,cache_la_poudre,10,6
2208,326,21,67,26,1419,164,212,185,624,cache_la_poudre,10,6
2209,13,30,85,10,446,177,165,112,819,cache_la_poudre,10,6
2211,22,27,192,20,524,192,171,103,930,cache_la_poudre,10,6
2211,30,14,272,116,582,215,209,128,832,cache_la_poudre,10,6
2211,341,34,60,30,658,131,170,165,541,cache_la_poudre,10,6
2212,34,25,201,167,417,207,176,92,216,cache_la_poudre,10,6
2212,37,33,210,117,604,198,149,64,864,cache_la_poudre,10,6
2212,314,28,120,61,1276,134,205,205,693,cache_la_poudre,10,6
2213,30,19,313,163,379,211,194,113,313,cache_la_poudre,2,6
2213,114,27,42,24,1465,254,201,56,484,cache_la_poudre,2,6
2213,285,32,153,82,755,116,220,235,1022,cache_la_poudre,10,6
2214,49,17,335,86,600,225,202,105,85,cache_la_poudre,2,6
2215,68,23,234,115,384,236,189,73,417,cache_la_poudre,2,6
2215,137,23,30,7,1471,248,224,92,488,cache_la_poudre,2,6
2215,350,12,30,-1,1150,198,219,160,301,cache_la_poudre,17,6
2216,46,30,150,25,503,214,161,63,969,cache_la_poudre,10,6
2216,342,14,42,5,1376,190,218,166,576,cache_la_poudre,10,6
2217,43,18,342,167,408,220,197,105,285,cache_la_poudre,2,6
2217,299,31,234,130,850,118,211,224,938,cache_la_poudre,10,6
2218,0,35,60,15,819,148,153,126,1090,cache_la_poudre,10,6
2218,4,31,42,8,824,164,164,125,1095,cache_la_poudre,10,6
2218,27,24,365,168,430,202,181,105,247,cache_la_poudre,2,6
2218,51,17,95,44,1425,226,200,101,457,cache_la_poudre,10,6
2218,133,24,60,24,1489,250,219,82,488,cache_la_poudre,2,6
2219,30,22,446,91,514,207,186,106,153,cache_la_poudre,10,6
2219,38,24,30,-8,513,212,181,92,618,cache_la_poudre,10,6
2219,44,33,67,28,470,207,149,53,979,cache_la_poudre,10,6
2219,100,21,67,30,1445,249,207,76,470,cache_la_poudre,2,6
2220,7,29,331,39,878,173,170,123,816,cache_la_poudre,10,6
2220,60,16,277,120,391,231,205,102,376,cache_la_poudre,2,6
2220,119,28,60,31,1507,254,204,58,474,cache_la_poudre,2,6
2220,303,29,85,46,1425,128,212,218,659,cache_la_poudre,10,6
2221,33,27,85,18,417,203,169,87,685,cache_la_poudre,10,6
2221,107,19,30,9,1438,249,213,85,499,cache_la_poudre,2,6
2221,311,19,108,39,1383,166,223,196,666,cache_la_poudre,10,6
2221,347,22,300,18,624,173,199,161,872,cache_la_poudre,10,6
2222,12,31,234,6,582,172,161,111,911,cache_la_poudre,10,6
2222,65,34,127,-18,900,229,152,28,960,cache_la_poudre,5,6
2222,66,30,85,40,684,233,165,42,953,cache_la_poudre,4,6
2222,314,27,150,71,1256,137,207,205,721,cache_la_poudre,10,6
2223,311,15,85,11,1320,178,228,190,624,cache_la_poudre,10,6
2224,3,24,127,35,1471,181,188,138,402,cache_la_poudre,10,6
2224,40,39,124,89,551,192,126,37,366,cache_la_poudre,10,6
2224,43,15,400,103,571,221,205,114,90,cache_la_poudre,2,6
2224,54,31,30,8,492,221,159,50,914,cache_la_poudre,10,6
2224,134,23,42,16,1482,249,222,88,469,cache_la_poudre,2,6
2225,344,31,256,159,636,144,176,161,888,cache_la_poudre,10,6
2226,9,32,218,45,828,168,160,114,713,cache_la_poudre,10,6
2226,31,29,170,10,532,198,163,85,959,cache_la_poudre,10,6
2226,55,37,124,44,664,214,135,23,931,cache_la_poudre,10,6
2226,300,31,285,-21,960,118,209,223,900,cache_la_poudre,10,6
2227,46,19,247,87,547,222,196,102,242,cache_la_poudre,10,6
2227,68,11,255,127,408,232,218,117,391,cache_la_poudre,2,6
2227,291,24,180,90,1149,145,227,219,760,cache_la_poudre,10,6
2227,332,33,60,31,684,126,179,181,525,cache_la_poudre,10,6
2228,2,30,283,173,641,164,168,130,895,cache_la_poudre,10,6
2228,16,35,85,32,649,167,145,94,474,cache_la_poudre,10,6
2228,52,16,300,107,618,227,204,106,90,cache_la_poudre,2,6
2228,109,23,0,0,497,252,208,71,655,cache_la_poudre,1,6
2228,332,23,300,102,658,159,203,179,108,cache_la_poudre,10,6
2228,342,14,60,7,1304,190,218,166,633,cache_la_poudre,10,6
2228,343,26,277,47,870,158,190,165,769,cache_la_poudre,10,6
2230,23,33,190,49,806,182,150,86,685,cache_la_poudre,10,6
2230,45,17,430,107,573,222,200,106,95,cache_la_poudre,2,6
2230,345,25,330,94,648,162,192,162,134,cache_la_poudre,10,6
2231,329,30,255,142,787,137,190,185,1001,cache_la_poudre,10,6
2232,15,20,454,111,547,198,194,128,134,cache_la_poudre,10,6
2232,319,11,30,-7,1559,192,230,178,700,cache_la_poudre,17,6
2233,19,33,90,52,700,177,151,93,579,cache_la_poudre,10,6
2233,22,31,192,17,560,185,159,95,949,cache_la_poudre,10,6
2233,60,19,330,110,642,231,197,90,60,cache_la_poudre,2,6
2233,306,30,175,88,1237,125,208,216,750,cache_la_poudre,10,6
2233,307,30,255,145,830,124,206,215,967,cache_la_poudre,10,6
2233,317,8,30,-8,1595,198,233,174,735,cache_la_poudre,17,6
2234,33,19,400,184,466,213,196,112,228,cache_la_poudre,2,6
2234,46,20,391,108,631,221,191,96,30,cache_la_poudre,2,6
2234,317,30,134,68,1321,127,198,202,713,cache_la_poudre,10,6
2234,348,26,277,31,649,162,187,157,899,cache_la_poudre,10,6
2235,296,25,67,35,1624,143,223,217,256,cache_la_poudre,10,6
2235,328,17,67,7,1276,177,218,179,659,cache_la_poudre,10,6
2235,355,15,30,1,1478,195,213,154,631,cache_la_poudre,17,6
2236,321,21,90,28,1328,161,214,190,638,cache_la_poudre,10,6
2237,61,28,42,21,516,230,169,53,942,cache_la_poudre,10,6
2238,29,33,162,54,510,189,148,74,430,cache_la_poudre,10,6
2238,57,25,42,-2,960,228,177,68,999,cache_la_poudre,5,6
2238,58,20,360,112,660,230,193,87,30,cache_la_poudre,2,6
2238,72,23,0,0,537,239,188,68,677,cache_la_poudre,10,6
2238,283,11,30,7,1206,191,241,190,365,cache_la_poudre,10,6
2238,326,24,67,45,1657,153,205,187,242,cache_la_poudre,10,6
2239,113,31,67,36,721,254,193,42,990,cache_la_poudre,4,6
2239,336,14,30,8,1475,187,220,171,633,cache_la_poudre,17,6
2240,340,26,240,103,1087,155,191,169,815,cache_la_poudre,10,6
2241,20,14,330,115,661,209,209,134,67,cache_la_poudre,2,6
2241,26,28,42,3,552,194,167,95,641,cache_la_poudre,10,6
2241,31,34,162,60,785,190,145,69,658,cache_la_poudre,10,6
2241,62,21,0,0,990,232,191,81,1008,cache_la_poudre,6,6
2242,316,33,67,46,703,115,191,206,551,cache_la_poudre,10,6
2242,328,12,30,12,1441,192,226,174,612,cache_la_poudre,17,6
2242,335,23,67,14,1489,163,203,175,360,cache_la_poudre,10,6
2242,358,39,85,32,849,134,142,125,1120,cache_la_poudre,10,6
2243,31,34,127,73,618,190,148,72,426,cache_la_poudre,10,6
2243,47,18,421,113,633,223,199,104,42,cache_la_poudre,2,6
2243,334,31,277,40,691,136,184,178,939,cache_la_poudre,10,6
2243,359,23,95,55,1657,180,191,144,258,cache_la_poudre,10,6
2244,351,10,30,-6,1415,202,223,159,437,cache_la_poudre,14,6
2245,52,20,390,115,661,226,193,92,0,cache_la_poudre,2,6
2245,72,12,90,14,1332,233,217,114,560,cache_la_poudre,2,6
2245,291,24,175,56,1342,147,228,218,732,cache_la_poudre,10,6
2245,309,20,120,34,1300,162,223,199,661,cache_la_poudre,10,6
2245,317,21,85,33,1530,159,216,195,335,cache_la_poudre,10,6
2245,346,20,360,109,684,176,203,163,95,cache_la_poudre,10,6
2246,22,28,371,65,842,190,168,102,864,cache_la_poudre,10,6
2246,25,12,430,125,582,213,213,134,127,cache_la_poudre,10,6
2246,36,15,360,116,684,218,205,119,42,cache_la_poudre,2,6
2247,20,25,95,66,721,193,177,110,591,cache_la_poudre,10,6
2247,55,35,134,44,674,217,144,32,940,cache_la_poudre,10,6
2247,62,14,124,53,1533,231,211,110,408,cache_la_poudre,10,6
2247,111,20,85,28,1489,250,214,84,443,cache_la_poudre,2,6
2247,129,17,85,16,1396,246,227,103,513,cache_la_poudre,2,6
2247,337,21,108,50,1310,169,205,173,679,cache_la_poudre,10,6
2247,356,18,162,70,1579,187,204,152,361,cache_la_poudre,10,6
2248,39,27,30,-4,564,209,169,80,671,cache_la_poudre,10,6
2248,302,16,60,6,1640,175,232,196,794,cache_la_poudre,17,6
2249,2,26,342,68,872,174,180,135,836,cache_la_poudre,10,6
2249,306,31,134,75,1387,119,205,218,711,cache_la_poudre,10,6
2250,112,4,30,3,1218,227,235,142,684,cache_la_poudre,2,6
2250,294,16,60,14,1617,175,235,200,824,cache_la_poudre,6,6
2250,301,21,108,50,1597,158,226,206,295,cache_la_poudre,10,6
2250,304,21,67,8,1618,157,224,205,760,cache_la_poudre,6,6
2251,46,25,30,1,990,219,178,80,983,cache_la_poudre,5,6
2251,125,19,108,39,1517,248,224,97,417,cache_la_poudre,10,6
2251,134,19,108,43,1532,246,228,102,408,cache_la_poudre,10,6
2251,312,34,272,3,1008,110,193,213,902,cache_la_poudre,10,6
2251,327,21,108,23,1237,165,212,184,700,cache_la_poudre,10,6
2253,55,8,0,0,1348,225,224,133,524,cache_la_poudre,14,6
2253,114,30,85,50,731,254,195,46,997,cache_la_poudre,4,6
2253,285,23,67,17,1440,152,233,218,626,cache_la_poudre,6,6
2253,301,32,216,105,832,117,208,222,1114,cache_la_poudre,10,6
2254,118,17,124,23,1358,247,223,98,524,cache_la_poudre,2,6
2255,346,30,162,69,870,149,179,159,1140,cache_la_poudre,10,6
2255,353,21,390,119,663,179,198,154,120,cache_la_poudre,10,6
2256,76,14,60,9,1150,237,212,104,730,cache_la_poudre,2,6
2256,76,29,108,53,702,241,172,41,968,cache_la_poudre,10,6
2256,96,26,30,16,525,251,193,55,713,cache_la_poudre,1,6
2256,250,31,42,23,1290,139,244,232,474,cache_la_poudre,2,6
2256,270,16,60,16,1595,176,244,206,853,cache_la_poudre,6,6
2256,292,34,212,151,765,106,210,233,1027,cache_la_poudre,10,6
2256,313,12,42,8,1172,188,231,183,759,cache_la_poudre,10,6
2256,320,19,95,26,1500,167,218,190,677,cache_la_poudre,6,6
2256,353,33,30,16,902,146,165,143,1172,cache_la_poudre,10,6
2257,55,13,420,121,693,228,211,114,42,cache_la_poudre,2,6
2257,301,19,124,54,1567,164,228,203,323,cache_la_poudre,10,6
2258,317,31,190,107,1284,125,196,203,769,cache_la_poudre,10,6
2258,339,30,242,10,774,143,182,170,1020,cache_la_poudre,10,6
2258,354,36,42,23,895,138,153,136,1165,cache_la_poudre,10,6
2258,360,34,192,86,872,151,157,129,1140,cache_la_poudre,10,6
2259,7,23,108,78,743,186,188,133,604,cache_la_poudre,10,6
2259,15,11,170,51,1599,210,216,142,342,cache_la_poudre,10,6
2259,60,18,30,8,90,231,201,96,953,cache_la_poudre,10,6
2259,105,20,60,12,1180,249,211,80,700,cache_la_poudre,2,6
2259,130,15,127,47,1544,244,230,111,391,cache_la_poudre,10,6
2259,245,20,67,26,1592,176,251,209,878,cache_la_poudre,2,6
2259,349,31,212,96,872,149,173,152,1142,cache_la_poudre,10,6
2261,31,15,0,0,1050,215,207,125,953,cache_la_poudre,6,6
2261,45,27,60,4,990,216,171,74,957,cache_la_poudre,5,6
2261,177,23,30,15,1591,224,246,141,932,cache_la_poudre,2,6
2261,295,23,85,29,1613,150,227,214,755,cache_la_poudre,6,6
2261,350,26,256,45,655,163,186,154,953,cache_la_poudre,10,6
2261,353,30,120,65,732,155,173,145,558,cache_la_poudre,10,6
2262,2,12,42,9,1321,203,216,151,541,cache_la_poudre,10,6
2262,311,9,150,55,1507,196,234,178,379,cache_la_poudre,10,6
2262,328,22,120,34,1209,161,208,183,726,cache_la_poudre,10,6
2262,350,28,323,81,900,158,182,154,819,cache_la_poudre,10,6
2263,13,22,400,119,607,193,190,128,182,cache_la_poudre,10,6
2264,54,15,60,13,124,228,207,110,939,cache_la_poudre,10,6
2264,318,27,60,33,1578,140,205,200,722,cache_la_poudre,6,6
2264,353,22,170,65,1266,178,197,153,743,cache_la_poudre,10,6
2265,327,25,108,69,745,150,202,187,592,cache_la_poudre,10,6
2265,328,20,108,18,1396,168,213,182,451,cache_la_poudre,10,6
2265,348,13,150,49,1475,194,217,161,400,cache_la_poudre,10,6
2265,349,20,192,72,1259,178,202,159,765,cache_la_poudre,10,6
2266,111,14,124,47,1451,243,224,107,446,cache_la_poudre,2,6
2266,119,25,85,35,808,253,210,70,1072,cache_la_poudre,4,6
2266,293,20,190,55,1224,159,231,210,745,cache_la_poudre,10,6
2267,11,32,150,53,573,168,157,110,484,cache_la_poudre,10,6
2267,66,6,30,-3,1034,226,228,137,1224,cache_la_poudre,10,6
2267,235,20,60,25,1591,181,253,204,904,cache_la_poudre,2,6
2267,266,3,162,64,1541,211,241,167,362,cache_la_poudre,10,6
2267,293,36,228,19,924,99,206,235,960,cache_la_poudre,10,6
2267,307,21,85,19,1142,159,223,202,797,cache_la_poudre,10,6
2268,14,35,134,72,700,167,148,98,511,cache_la_poudre,10,6
2268,16,8,30,-9,1063,214,224,147,1230,cache_la_poudre,10,6
2268,39,18,90,21,1116,218,198,110,755,cache_la_poudre,10,6
2268,134,24,60,20,847,249,222,87,1110,cache_la_poudre,4,6
2268,295,13,90,28,1663,184,236,192,994,cache_la_poudre,2,6
2269,30,33,162,53,579,191,149,74,1006,cache_la_poudre,10,6
2269,284,34,228,138,792,107,217,238,1087,cache_la_poudre,10,6
2270,1,33,120,32,589,155,161,128,573,cache_la_poudre,10,6
2270,81,26,0,0,566,244,184,53,735,cache_la_poudre,1,6
2270,228,21,0,0,1385,185,254,200,531,cache_la_poudre,17,6
2271,49,19,162,24,1293,224,196,98,573,cache_la_poudre,2,6
2271,197,22,30,7,1608,208,252,169,1068,cache_la_poudre,17,6
2271,263,8,150,27,1712,201,244,182,875,cache_la_poudre,2,6
2271,284,16,30,5,1524,175,239,204,721,cache_la_poudre,1,6
2271,305,27,247,134,1158,135,213,213,830,cache_la_poudre,10,6
2272,9,20,30,9,1050,194,197,136,927,cache_la_poudre,5,6
2272,222,7,108,32,1702,211,247,173,934,cache_la_poudre,2,6
2272,283,16,60,21,968,173,239,205,1237,cache_la_poudre,10,6
2272,302,22,95,25,1154,153,224,209,780,cache_la_poudre,10,6
2272,328,19,30,10,1254,172,215,181,618,cache_la_poudre,14,6
2272,328,22,124,41,1182,161,208,183,752,cache_la_poudre,10,6
2273,1,19,124,38,1563,189,201,146,726,cache_la_poudre,6,6
2273,11,29,95,3,607,175,167,116,633,cache_la_poudre,10,6
2273,80,30,60,25,953,243,172,37,1116,cache_la_poudre,4,6
2273,171,16,134,27,1687,229,245,142,841,cache_la_poudre,2,6
2273,205,31,30,18,1689,186,249,179,957,cache_la_poudre,1,6
2273,209,10,170,29,1682,213,249,171,845,cache_la_poudre,2,6
2273,310,24,218,61,1195,149,216,204,768,cache_la_poudre,10,6
2273,318,26,272,136,1116,145,208,198,853,cache_la_poudre,10,6
2273,322,31,201,109,1308,125,191,197,780,cache_la_poudre,10,6
2273,358,14,150,45,1442,198,214,153,424,cache_la_poudre,10,6
2274,13,31,190,58,607,175,162,109,997,cache_la_poudre,10,6
2274,57,31,30,19,997,224,161,49,1154,cache_la_poudre,4,6
2274,305,15,108,22,1687,176,230,194,997,cache_la_poudre,2,6
2275,57,31,108,59,582,224,160,47,987,cache_la_poudre,1,6
2275,62,19,124,28,1266,232,197,90,607,cache_la_poudre,2,6
2275,75,19,124,8,190,239,201,85,942,cache_la_poudre,3,6
2275,295,34,218,27,949,106,207,231,960,cache_la_poudre,10,6
2275,312,26,90,54,1230,142,211,205,430,cache_la_poudre,10,6
2275,312,27,120,65,875,138,209,206,674,cache_la_poudre,10,6
2275,317,24,108,42,1167,151,211,197,765,cache_la_poudre,10,6
2276,93,16,201,29,1318,243,214,96,541,cache_la_poudre,2,6
2276,98,22,95,29,1206,250,202,69,666,cache_la_poudre,2,6
2276,240,7,170,36,1711,208,246,176,878,cache_la_poudre,2,6
2276,334,23,60,14,1260,162,204,177,607,cache_la_poudre,10,6
2277,0,28,218,61,636,168,177,137,990,cache_la_poudre,10,6
2277,28,32,90,7,618,189,153,81,663,cache_la_poudre,10,6
2277,155,16,124,35,1690,237,240,128,840,cache_la_poudre,2,6
2277,267,23,85,44,1260,155,242,223,457,cache_la_poudre,2,6
2277,348,21,192,80,1237,176,200,159,764,cache_la_poudre,10,6
2278,10,23,361,97,870,189,187,129,859,cache_la_poudre,10,6
2278,112,18,127,56,752,248,219,93,1015,cache_la_poudre,11,6
2278,233,32,42,12,1536,152,248,219,765,cache_la_poudre,1,6
2278,236,14,192,38,1710,195,252,193,883,cache_la_poudre,2,6
2278,288,15,150,26,1729,178,238,200,972,cache_la_poudre,2,6
2279,214,34,42,19,1572,167,248,195,807,cache_la_poudre,1,6
2279,324,17,127,34,1332,175,220,183,514,cache_la_poudre,10,6
2279,328,16,30,7,1177,181,220,178,698,cache_la_poudre,14,6
2279,331,23,201,60,1177,159,204,181,774,cache_la_poudre,10,6
2280,37,32,124,64,573,200,152,66,911,cache_la_poudre,10,6
2280,178,8,120,38,1676,224,245,155,841,cache_la_poudre,2,6
2280,257,22,90,29,990,165,247,218,1259,cache_la_poudre,10,6
2280,305,28,256,143,1182,133,213,214,837,cache_la_poudre,10,6
2280,331,26,60,26,1084,149,197,182,845,cache_la_poudre,10,6
2280,343,16,150,40,1406,187,215,166,451,cache_la_poudre,10,6
2280,355,22,67,42,1570,178,195,151,720,cache_la_poudre,6,6
2281,51,18,150,34,1263,226,197,99,603,cache_la_poudre,2,6
2281,60,22,42,11,558,231,190,80,771,cache_la_poudre,10,6
2281,222,6,150,64,1350,213,245,169,577,cache_la_poudre,2,6
2281,350,13,0,0,1470,196,218,160,551,cache_la_poudre,17,6
2282,5,13,150,49,1593,203,214,148,755,cache_la_poudre,6,6
2282,12,21,60,19,1050,194,193,130,900,cache_la_poudre,5,6
2282,311,25,277,145,1140,146,214,204,859,cache_la_poudre,10,6
2282,344,30,85,23,1261,147,179,161,598,cache_la_poudre,10,6
2283,7,13,182,61,752,203,213,146,1008,cache_la_poudre,11,6
2283,14,25,192,113,658,187,179,119,446,cache_la_poudre,6,6
2283,179,39,30,25,1666,205,230,123,891,cache_la_poudre,1,6
2283,279,20,190,31,1770,162,238,215,947,cache_la_poudre,2,6
2283,321,15,150,36,1371,180,224,183,480,cache_la_poudre,10,6
2284,86,18,150,17,218,243,208,88,957,cache_la_poudre,3,6
2284,285,20,90,36,960,161,235,212,1230,cache_la_poudre,10,6
2284,304,29,212,36,973,126,210,218,962,cache_la_poudre,10,6
2284,356,18,212,114,644,187,204,152,426,cache_la_poudre,6,6
2285,39,26,60,31,1061,210,172,83,819,cache_la_poudre,10,6
2285,73,18,134,38,1233,238,203,91,633,cache_la_poudre,2,6
2285,144,2,170,40,1622,222,238,152,785,cache_la_poudre,2,6
2285,167,13,153,45,1660,231,244,143,810,cache_la_poudre,2,6
2285,348,21,30,5,1440,175,200,160,525,cache_la_poudre,17,6
2286,12,35,153,90,741,162,147,103,553,cache_la_poudre,10,6
2286,14,31,234,105,870,175,161,108,726,cache_la_poudre,6,6
2286,47,24,30,19,134,220,181,82,1020,cache_la_poudre,10,6
2286,69,16,134,19,212,235,207,99,983,cache_la_poudre,3,6
2286,289,21,60,20,977,157,233,213,457,cache_la_poudre,5,6
2286,307,30,270,197,713,124,206,214,1036,cache_la_poudre,10,6
2286,329,23,162,90,792,158,206,184,624,cache_la_poudre,10,6
2287,27,35,234,73,551,182,143,74,420,cache_la_poudre,10,6
2287,273,17,30,6,1371,174,243,208,782,cache_la_poudre,10,6
2287,316,21,30,6,1055,159,217,196,400,cache_la_poudre,16,6
2287,337,22,162,56,1142,167,204,174,793,cache_la_poudre,10,6
2288,243,21,90,55,1320,174,251,211,524,cache_la_poudre,2,6
2288,265,15,120,48,1634,181,245,202,781,cache_la_poudre,2,6
2288,335,20,216,88,1208,171,209,175,785,cache_la_poudre,10,6
2288,342,27,30,13,1410,155,189,166,499,cache_la_poudre,17,6
2289,36,20,150,42,1082,214,192,106,781,cache_la_poudre,10,6
2289,247,25,216,49,1710,161,249,220,888,cache_la_poudre,2,6
2289,325,28,90,39,1091,141,197,190,854,cache_la_poudre,10,6
2289,350,34,108,30,1263,139,161,146,589,cache_la_poudre,10,6
2290,51,17,124,-3,210,226,200,101,1008,cache_la_poudre,10,6
2290,182,11,120,57,1320,223,248,156,537,cache_la_poudre,2,6
2290,200,37,42,29,1608,179,242,168,850,cache_la_poudre,1,6
2290,322,18,170,55,1530,172,219,186,731,cache_la_poudre,6,6
2290,336,25,228,97,930,156,197,174,1200,cache_la_poudre,10,6
2290,355,22,234,93,1201,179,195,150,806,cache_la_poudre,10,6
2291,36,21,85,-2,182,213,188,102,1020,cache_la_poudre,10,6
2291,359,32,153,53,612,156,164,132,541,cache_la_poudre,10,6
2292,14,29,182,76,618,179,167,112,1026,cache_la_poudre,10,6
2292,305,26,134,45,1114,138,215,213,819,cache_la_poudre,10,6
2292,313,24,283,106,1213,148,214,202,853,cache_la_poudre,10,6
2292,344,8,180,59,1410,205,228,162,644,cache_la_poudre,2,6
2293,46,15,201,46,1253,223,206,112,600,cache_la_poudre,2,6
2293,106,24,42,10,1120,252,204,66,1150,cache_la_poudre,4,6
2293,176,4,124,62,1630,221,241,156,780,cache_la_poudre,2,6
2293,307,28,192,45,865,133,210,212,1020,cache_la_poudre,10,6
2293,309,20,42,7,1530,162,223,199,579,cache_la_poudre,10,6
2294,9,32,175,98,711,167,160,115,509,cache_la_poudre,6,6
2294,28,33,120,24,646,187,149,78,661,cache_la_poudre,10,6
2294,224,38,67,34,1543,145,243,210,787,cache_la_poudre,1,6
2294,263,29,30,13,1388,137,239,233,765,cache_la_poudre,10,6
2294,277,20,242,129,1355,163,239,214,819,cache_la_poudre,10,6
2294,286,32,268,163,778,116,220,235,1120,cache_la_poudre,10,6
2294,308,24,256,82,1158,146,216,207,811,cache_la_poudre,10,6
2294,325,15,192,58,1530,180,222,181,741,cache_la_poudre,2,6
2294,352,19,175,46,808,183,204,156,1060,cache_la_poudre,11,6
2295,9,25,258,113,900,182,180,127,1201,cache_la_poudre,10,6
2295,21,27,300,114,933,192,173,105,793,cache_la_poudre,10,6
2295,65,19,180,48,1077,234,199,89,780,cache_la_poudre,2,6
2295,269,28,30,14,1385,136,237,233,771,cache_la_poudre,10,6
2295,287,22,277,121,1269,152,232,218,841,cache_la_poudre,10,6
2295,292,22,60,25,1321,153,230,214,446,cache_la_poudre,10,6
2295,299,22,67,18,1142,153,226,210,1282,cache_la_poudre,10,6
2295,340,29,30,20,1380,147,185,169,474,cache_la_poudre,10,6
2296,38,13,192,41,1277,219,210,123,571,cache_la_poudre,10,6
2296,205,36,60,27,1421,175,245,179,594,cache_la_poudre,1,6
2296,335,25,30,18,1558,157,199,177,641,cache_la_poudre,10,6
2297,211,1,124,64,1290,218,240,159,510,cache_la_poudre,2,6
2297,268,14,108,41,1716,182,245,202,1036,cache_la_poudre,2,6
2298,286,23,85,34,987,151,233,219,485,cache_la_poudre,5,6
2298,340,18,108,58,947,180,212,169,1218,cache_la_poudre,10,6
2298,341,25,190,102,816,160,195,169,642,cache_la_poudre,6,6
2299,33,19,108,36,1126,213,194,110,847,cache_la_poudre,6,6
2299,68,25,60,29,600,236,181,61,794,cache_la_poudre,1,6
2299,264,14,162,66,1470,184,246,201,685,cache_la_poudre,2,6
2299,303,13,60,12,1455,184,233,190,722,cache_la_poudre,10,6
2300,18,32,180,104,782,178,155,97,595,cache_la_poudre,10,6
2300,24,17,192,69,964,208,201,125,1236,cache_la_poudre,10,6
2300,311,18,42,11,1064,170,225,195,808,cache_la_poudre,10,6
2300,349,28,150,44,1269,158,183,156,577,cache_la_poudre,10,6
2301,118,27,95,53,912,254,204,60,1082,cache_la_poudre,11,6
2301,292,15,90,10,1442,176,236,199,720,cache_la_poudre,10,6
2301,333,18,170,53,849,175,214,176,1050,cache_la_poudre,11,6
2302,11,25,150,55,1052,184,180,124,811,cache_la_poudre,10,6
2302,290,22,60,25,1131,155,231,214,741,cache_la_poudre,10,6
2302,312,27,270,54,1107,136,208,206,918,cache_la_poudre,10,6
2303,265,17,120,47,1740,175,246,208,1018,cache_la_poudre,2,6
2303,308,21,180,55,983,160,223,201,994,cache_la_poudre,11,6
2303,310,12,42,0,1500,188,232,184,541,cache_la_poudre,10,6
2303,311,22,201,69,1590,154,218,201,779,cache_la_poudre,6,6
2303,318,26,42,19,1106,145,208,198,361,cache_la_poudre,10,6
2304,25,21,180,57,1048,205,191,116,810,cache_la_poudre,10,6
2304,284,10,30,5,1380,191,240,189,808,cache_la_poudre,17,6
2304,296,19,256,138,1340,164,231,206,832,cache_la_poudre,10,6
2304,343,19,30,7,1150,179,208,166,272,cache_la_poudre,16,6
2305,19,16,234,74,992,206,203,131,1263,cache_la_poudre,10,6
2305,39,31,162,89,616,204,157,68,931,cache_la_poudre,10,6
2305,50,20,30,11,175,224,191,92,1060,cache_la_poudre,10,6
2305,310,24,268,94,1150,147,215,204,830,cache_la_poudre,10,6
2305,311,22,268,154,1298,154,218,201,847,cache_la_poudre,10,6
2306,49,27,60,28,1243,220,172,71,1159,cache_la_poudre,10,6
2306,66,23,120,58,979,235,188,74,1057,cache_la_poudre,11,6
2306,310,28,108,62,953,134,209,209,564,cache_la_poudre,5,6
2306,322,30,124,81,939,129,194,196,604,cache_la_poudre,10,6
2307,88,23,210,60,1071,247,195,64,781,cache_la_poudre,2,6
2307,217,9,30,-11,931,211,249,174,983,cache_la_poudre,10,6
2307,320,22,60,17,1036,158,213,192,836,cache_la_poudre,10,6
2307,350,29,124,48,1233,155,179,153,618,cache_la_poudre,10,6
2308,180,33,60,49,1674,212,239,134,912,cache_la_poudre,2,6
2308,295,15,67,5,1470,178,235,197,513,cache_la_poudre,10,6
2308,328,27,60,37,1026,144,197,187,902,cache_la_poudre,10,6
2309,255,24,258,69,1680,159,247,221,866,cache_la_poudre,2,6
2309,327,19,60,32,1550,170,215,183,636,cache_la_poudre,10,6
2310,30,19,120,47,1080,211,196,115,834,cache_la_poudre,5,6
2310,284,23,85,11,1201,151,233,219,1300,cache_la_poudre,10,6
2310,308,17,120,30,1471,173,228,194,690,cache_la_poudre,10,6
2310,309,9,30,0,1470,194,234,180,495,cache_la_poudre,10,6
2310,332,11,150,62,875,193,225,172,1050,cache_la_poudre,11,6
2311,9,25,30,15,1170,182,180,127,1015,cache_la_poudre,10,6
2311,48,17,30,5,1224,224,201,105,1328,cache_la_poudre,10,6
2311,290,20,300,137,1293,161,233,211,875,cache_la_poudre,10,6
2311,309,16,95,41,1290,173,227,194,404,cache_la_poudre,10,6
2311,323,21,180,63,1008,164,214,188,997,cache_la_poudre,11,6
2311,326,26,120,61,1050,146,201,189,892,cache_la_poudre,10,6
2311,347,18,277,80,1020,183,208,162,1291,cache_la_poudre,10,6
2312,223,36,85,52,1550,152,246,208,811,cache_la_poudre,1,6
2312,262,21,30,4,1396,164,245,217,780,cache_la_poudre,10,6
2312,302,18,283,148,1323,166,229,202,859,cache_la_poudre,10,6
2312,312,7,0,0,1234,200,235,174,939,cache_la_poudre,10,6
2312,345,15,0,0,1530,189,215,164,553,cache_la_poudre,17,6
2313,8,15,255,78,1022,202,209,143,1293,cache_la_poudre,10,6
2313,18,11,60,-1,212,211,216,141,1187,cache_la_poudre,10,6
2313,97,17,153,50,1064,245,213,91,854,cache_la_poudre,6,6
2313,313,29,295,101,1121,129,204,208,853,cache_la_poudre,10,6
2313,316,28,277,94,1101,137,204,202,858,cache_la_poudre,10,6
2313,324,25,210,65,1050,151,205,190,972,cache_la_poudre,11,6
2313,332,16,67,35,1579,183,219,175,607,cache_la_poudre,10,6
2314,22,23,297,118,934,199,185,114,782,cache_la_poudre,6,6
2314,52,27,120,66,1006,222,172,68,1061,cache_la_poudre,11,6
2314,262,22,150,58,1756,161,245,220,1019,cache_la_poudre,2,6
2314,268,35,60,33,1415,113,229,243,742,cache_la_poudre,10,6
2314,318,26,30,13,1050,142,205,198,960,cache_la_poudre,10,6
2315,114,27,85,32,1103,254,200,55,1113,cache_la_poudre,4,6
2315,286,28,90,38,1110,132,226,228,759,cache_la_poudre,10,6
2315,308,24,268,32,1132,147,217,206,924,cache_la_poudre,10,6
2316,27,23,150,53,1129,204,183,106,808,cache_la_poudre,5,6
2316,269,27,180,60,1765,140,238,231,990,cache_la_poudre,2,6
2316,300,21,319,149,1263,156,226,208,890,cache_la_poudre,10,6
2316,305,13,30,5,1187,184,233,189,1409,cache_la_poudre,10,6
2316,334,12,0,0,1230,192,224,171,170,cache_la_poudre,16,6
2317,217,37,67,51,1362,154,244,200,553,cache_la_poudre,1,6
2317,318,26,30,12,860,144,207,198,849,cache_la_poudre,17,6
2318,26,35,242,78,592,180,142,75,451,cache_la_poudre,10,6
2318,67,17,30,0,918,235,205,97,972,cache_la_poudre,10,6
2318,303,25,210,108,900,142,218,212,767,cache_la_poudre,6,6
2318,319,21,30,2,618,162,216,192,725,cache_la_poudre,10,6
2318,324,19,201,80,1060,170,217,185,872,cache_la_poudre,10,6
2319,3,19,108,50,1290,190,199,143,384,cache_la_poudre,10,6
2319,33,13,108,5,242,217,212,128,1233,cache_la_poudre,10,6
2319,318,24,30,15,819,150,210,197,824,cache_la_poudre,10,6
2320,49,20,182,104,644,223,191,93,1082,cache_la_poudre,10,6
2320,88,20,30,5,1138,245,204,80,1370,cache_la_poudre,10,6
2320,294,24,247,104,711,144,225,217,1100,cache_la_poudre,10,6
2320,325,29,30,17,967,137,195,191,900,cache_la_poudre,10,6
2320,359,24,30,9,949,177,189,143,926,cache_la_poudre,14,6
2321,3,19,240,77,1054,191,201,144,1325,cache_la_poudre,10,6
2321,97,26,90,66,1075,251,194,54,1106,cache_la_poudre,4,6
2321,100,19,30,5,516,248,210,83,564,cache_la_poudre,10,6
2321,322,21,85,41,1121,163,214,189,421,cache_la_poudre,10,6
2321,333,9,108,9,1565,200,229,168,601,cache_la_poudre,10,6
2322,292,29,95,39,1080,127,220,226,787,cache_la_poudre,10,6
2322,304,14,300,39,1266,181,232,191,902,cache_la_poudre,10,6
2322,354,22,134,60,1203,178,196,152,648,cache_la_poudre,10,6
2323,2,6,60,7,1530,211,228,154,541,cache_la_poudre,10,6
2323,5,31,190,53,684,164,162,122,601,cache_la_poudre,10,6
2323,18,17,0,0,931,205,202,130,953,cache_la_poudre,14,6
2323,23,8,85,12,258,216,223,144,1243,cache_la_poudre,10,6
2323,63,15,180,60,1022,232,207,104,874,cache_la_poudre,6,6
2323,304,20,42,11,1275,159,225,204,899,cache_la_poudre,10,6
2323,327,8,0,0,1181,200,231,170,911,cache_la_poudre,10,6
2323,338,28,42,20,1112,149,190,173,994,cache_la_poudre,10,6
2323,345,24,30,15,1343,166,195,163,805,cache_la_poudre,10,6
2324,43,24,30,17,1207,216,179,86,981,cache_la_poudre,10,6
2324,51,26,120,76,1033,222,176,73,1065,cache_la_poudre,11,6
2324,82,19,30,13,1167,242,203,83,1355,cache_la_poudre,10,6
2324,260,25,108,56,1430,150,244,226,638,cache_la_poudre,1,6
2324,304,10,270,41,1250,192,235,183,930,cache_la_poudre,11,6
2324,313,21,210,114,924,159,219,198,752,cache_la_poudre,5,6
2324,353,8,90,8,1561,206,226,158,570,cache_la_poudre,10,6
2325,15,11,124,14,268,210,216,142,1262,cache_la_poudre,10,6
2325,227,28,108,64,1558,167,252,209,834,cache_la_poudre,1,6
2325,305,17,323,161,1333,172,229,197,899,cache_la_poudre,10,6
2326,13,26,42,20,1168,186,178,119,1001,cache_la_poudre,10,6
2326,44,24,108,11,256,218,181,85,1101,cache_la_poudre,10,6
2326,93,25,240,79,1095,249,194,59,752,cache_la_poudre,2,6
2326,248,12,30,20,960,195,249,192,953,cache_la_poudre,10,6
2326,273,22,90,20,1265,155,240,221,1438,cache_la_poudre,10,6
2326,319,18,210,79,1033,171,220,189,899,cache_la_poudre,10,6
2326,328,19,85,31,1189,171,214,182,335,cache_la_poudre,10,6
2326,337,25,339,127,1124,158,198,174,912,cache_la_poudre,10,6
2326,346,21,323,116,973,174,201,162,1266,cache_la_poudre,10,6
2326,349,10,60,6,1531,202,224,160,540,cache_la_poudre,10,6
2326,356,30,218,73,644,157,170,140,511,cache_la_poudre,10,6
2327,3,10,0,0,1154,206,220,152,882,cache_la_poudre,10,6
2327,19,40,216,6,558,160,127,76,395,cache_la_poudre,10,6
2327,53,27,60,35,1283,223,170,64,1182,cache_la_poudre,10,6
2327,259,20,67,10,1410,168,247,215,437,cache_la_poudre,10,6
2327,308,14,180,65,1075,182,231,189,553,cache_la_poudre,5,6
2327,311,14,0,0,1441,180,229,188,450,cache_la_poudre,17,6
2327,320,30,42,22,1075,130,197,199,962,cache_la_poudre,10,6
2327,347,8,67,1,300,204,227,161,1282,cache_la_poudre,10,6
2327,356,27,67,29,1142,167,181,145,997,cache_la_poudre,10,6
2328,6,12,30,8,1501,205,217,148,510,cache_la_poudre,10,6
2328,12,32,182,58,693,170,158,109,631,cache_la_poudre,10,6
2328,249,26,30,15,1410,157,248,223,752,cache_la_poudre,10,6
2328,298,25,268,112,741,142,222,216,1113,cache_la_poudre,10,6
2328,317,15,108,39,1150,178,225,186,420,cache_la_poudre,5,6
2328,320,22,90,22,920,158,213,192,1026,cache_la_poudre,10,6
2328,322,30,95,38,1020,132,195,196,854,cache_la_poudre,10,6
2328,353,22,335,125,949,176,195,153,1236,cache_la_poudre,10,6
2329,30,17,175,67,1176,213,202,120,671,cache_la_poudre,10,6
2329,184,3,30,-2,366,220,241,157,1301,cache_la_poudre,1,6
2329,190,26,95,71,1624,210,249,157,895,cache_la_poudre,2,6
2329,288,13,210,46,1101,184,238,194,983,cache_la_poudre,11,6
2329,330,32,90,49,1380,128,183,185,443,cache_la_poudre,10,6
2329,332,6,277,115,1650,207,233,165,854,cache_la_poudre,2,6
2330,296,15,201,120,983,177,234,198,685,cache_la_poudre,5,6
2330,296,24,108,50,1410,145,225,216,457,cache_la_poudre,10,6
2330,316,15,300,47,1317,181,227,186,926,cache_la_poudre,11,6
2330,349,13,30,4,1290,195,218,161,190,cache_la_poudre,16,6
2330,354,23,350,137,924,175,192,150,1206,cache_la_poudre,10,6
2331,5,24,0,0,497,182,187,135,691,cache_la_poudre,17,6
2331,42,30,30,11,457,209,161,68,624,cache_la_poudre,10,6
2331,102,20,42,11,295,249,209,79,1207,cache_la_poudre,1,6
2331,123,11,60,0,391,239,231,121,1315,cache_la_poudre,1,6
2331,239,18,30,8,1399,183,252,204,738,cache_la_poudre,10,6
2331,262,22,162,61,1230,161,245,219,339,cache_la_poudre,10,6
2331,263,23,85,14,1410,157,244,222,446,cache_la_poudre,10,6
2331,308,17,30,5,1025,173,228,194,1431,cache_la_poudre,10,6
2331,322,33,42,24,765,121,188,196,771,cache_la_poudre,10,6
2331,353,12,95,11,1563,199,218,157,571,cache_la_poudre,10,6
2332,1,11,134,12,255,205,220,152,1290,cache_la_poudre,10,6
2332,250,23,90,26,1273,165,249,218,1415,cache_la_poudre,10,6
2332,282,19,30,13,1195,164,238,212,920,cache_la_poudre,10,6
2332,308,20,30,13,1103,162,223,200,1451,cache_la_poudre,10,6
2332,316,18,150,51,1489,170,222,191,663,cache_la_poudre,10,6
2332,322,24,60,25,1288,151,208,193,872,cache_la_poudre,10,6
2332,323,30,42,25,994,130,193,194,900,cache_la_poudre,10,6
2333,59,24,134,63,684,230,182,72,845,cache_la_poudre,1,6
2333,75,7,30,3,426,228,228,133,1369,cache_la_poudre,1,6
2333,259,28,60,25,1437,141,242,232,741,cache_la_poudre,10,6
2333,278,25,210,77,1746,144,235,226,968,cache_la_poudre,2,6
2333,292,18,60,16,1410,168,234,205,424,cache_la_poudre,10,6
2333,315,9,190,50,1154,197,233,176,997,cache_la_poudre,11,6
2333,319,14,127,49,1179,184,227,182,421,cache_la_poudre,5,6
2333,319,19,210,89,1006,168,219,190,926,cache_la_poudre,10,6
2333,343,20,210,82,1087,176,205,166,1358,cache_la_poudre,10,6
2333,348,9,0,0,1142,203,225,161,864,cache_la_poudre,10,6
2334,7,20,240,86,1084,191,195,137,1355,cache_la_poudre,10,6
2334,26,22,175,71,1172,204,187,110,765,cache_la_poudre,5,6
2334,61,21,85,19,268,232,190,81,1128,cache_la_poudre,10,6
2334,98,12,150,51,1222,239,223,113,1053,cache_la_poudre,11,6
2334,113,8,150,51,1194,234,232,129,1044,cache_la_poudre,11,6
2334,269,30,90,53,1441,129,234,236,731,cache_la_poudre,10,6
2334,282,19,42,7,1410,163,238,213,421,cache_la_poudre,10,6
2334,284,11,175,105,1006,190,240,190,607,cache_la_poudre,5,6
2334,338,23,30,14,524,165,202,173,674,cache_la_poudre,17,6
2335,34,30,127,65,691,200,161,79,812,cache_la_poudre,10,6
2335,63,20,234,73,1120,233,194,83,726,cache_la_poudre,10,6
2335,105,21,60,20,285,250,208,76,1181,cache_la_poudre,1,6
2335,222,38,85,65,1332,146,243,208,534,cache_la_poudre,1,6
2335,231,43,108,69,1484,120,235,222,750,cache_la_poudre,1,6
2335,333,8,30,2,376,202,230,167,1410,cache_la_poudre,14,6
2336,16,20,170,56,1260,198,193,127,324,cache_la_poudre,10,6
2336,53,29,67,37,1253,221,164,57,1194,cache_la_poudre,10,6
2336,108,21,30,10,1034,250,210,78,1365,cache_la_poudre,5,6
2336,291,22,30,9,1411,153,230,215,420,cache_la_poudre,10,6
2336,292,27,120,64,1110,136,223,223,750,cache_la_poudre,10,6
2336,336,24,67,24,1261,161,200,174,234,cache_la_poudre,10,6
2336,340,15,162,20,1519,187,217,168,633,cache_la_poudre,10,6
2336,359,15,240,80,1728,196,211,151,949,cache_la_poudre,2,6
2337,42,17,234,22,361,220,201,111,1116,cache_la_poudre,10,6
2337,209,20,120,79,1661,201,254,181,937,cache_la_poudre,2,6
2337,291,4,162,54,1140,208,239,169,1026,cache_la_poudre,11,6
2337,311,5,162,5,216,206,236,169,1348,cache_la_poudre,10,6
2337,341,22,350,115,990,167,200,168,1263,cache_la_poudre,10,6
2338,20,23,67,32,1154,198,185,116,972,cache_la_poudre,10,6
2338,101,22,60,21,511,250,205,72,524,cache_la_poudre,10,6
2338,311,19,134,57,1485,167,224,196,666,cache_la_poudre,10,6
2338,313,19,42,8,1380,167,223,194,270,cache_la_poudre,16,6
2338,315,20,42,11,1350,164,220,194,242,cache_la_poudre,16,6
2338,321,19,150,72,1142,167,218,189,713,cache_la_poudre,10,6
2338,344,26,60,31,1302,158,190,164,845,cache_la_poudre,10,6
2338,350,27,42,15,911,163,185,153,966,cache_la_poudre,10,6
2339,307,31,313,120,1063,123,205,215,900,cache_la_poudre,10,6
2339,340,18,30,6,866,180,212,169,1020,cache_la_poudre,14,6
2339,350,28,42,13,1317,157,180,152,819,cache_la_poudre,10,6
2340,4,15,170,75,1144,200,211,147,706,cache_la_poudre,10,6
2340,4,19,258,34,1112,192,201,143,1380,cache_la_poudre,10,6
2340,29,7,150,92,1073,218,224,142,1041,cache_la_poudre,11,6
2340,84,22,242,75,1090,245,197,70,755,cache_la_poudre,10,6
2340,255,10,285,130,1032,197,247,188,693,cache_la_poudre,6,6
2340,311,17,182,74,1131,171,226,194,495,cache_la_poudre,5,6
2340,345,18,124,35,1243,182,209,164,323,cache_la_poudre,10,6
2340,349,2,67,7,335,215,235,158,1426,cache_la_poudre,10,6
2341,38,25,240,94,977,210,175,87,872,cache_la_poudre,10,6
2341,260,24,120,35,1299,157,245,223,1454,cache_la_poudre,10,6
2341,303,23,90,35,1182,149,221,210,1476,cache_la_poudre,10,6
2341,309,20,42,15,1036,161,222,200,1456,cache_la_poudre,10,6
2341,346,25,90,22,892,162,191,161,1055,cache_la_poudre,10,6
2342,3,10,277,79,1015,207,221,152,794,cache_la_poudre,5,6
2342,237,22,42,14,1415,175,253,209,711,cache_la_poudre,10,6
2342,288,23,85,15,1380,151,231,217,395,cache_la_poudre,10,6
2342,310,16,256,113,1087,174,227,192,571,cache_la_poudre,5,6
2342,323,14,212,36,1116,184,225,180,1388,cache_la_poudre,10,6
2342,332,15,150,50,1230,185,221,174,400,cache_la_poudre,5,6
2342,333,21,60,16,1320,166,207,177,228,cache_la_poudre,16,6
2342,359,23,85,39,1128,179,190,143,967,cache_la_poudre,10,6
2343,34,18,242,80,1099,215,199,114,750,cache_la_poudre,5,6
2343,339,16,42,11,1443,184,215,169,335,cache_la_poudre,16,6
2343,356,31,242,73,685,156,170,141,543,cache_la_poudre,10,6
2344,66,24,42,5,853,235,185,68,1027,cache_la_poudre,10,6
2344,217,20,150,84,1575,195,254,189,882,cache_la_poudre,2,6
2344,272,23,60,32,1209,152,240,223,916,cache_la_poudre,10,6
2344,297,13,190,73,1159,182,235,193,466,cache_la_poudre,5,6
2344,310,8,0,0,914,199,235,175,1500,cache_la_poudre,10,6
2344,311,32,67,30,671,118,199,212,702,cache_la_poudre,10,6
2344,343,19,30,9,1445,179,208,166,454,cache_la_poudre,10,6
2344,351,6,192,55,1224,210,230,159,402,cache_la_poudre,6,6
2344,358,30,247,74,659,159,170,138,514,cache_la_poudre,10,6
2345,49,34,42,25,430,212,148,45,600,cache_la_poudre,10,6
2345,259,22,108,28,1380,161,246,220,418,cache_la_poudre,10,6
2345,303,25,120,64,1380,143,219,212,430,cache_la_poudre,10,6
2345,308,24,391,163,1144,148,217,206,960,cache_la_poudre,10,6
2345,332,22,350,39,1032,162,206,180,1291,cache_la_poudre,10,6
2346,81,24,60,20,997,244,190,62,1357,cache_la_poudre,5,6
2346,281,10,30,9,942,194,241,187,1482,cache_la_poudre,10,6
2346,304,20,212,82,1142,162,226,203,488,cache_la_poudre,5,6
2347,263,23,42,6,1406,157,244,222,700,cache_la_poudre,10,6
2347,326,22,309,41,1074,160,209,186,1320,cache_la_poudre,10,6
2347,345,18,127,35,1269,183,210,164,309,cache_la_poudre,10,6
2347,353,19,108,22,1537,183,202,154,547,cache_la_poudre,10,6
2348,4,17,0,0,1123,196,206,145,832,cache_la_poudre,10,6
2348,5,17,272,152,845,196,205,143,638,cache_la_poudre,6,6
2348,45,22,120,77,934,220,188,92,932,cache_la_poudre,10,6
2348,262,9,313,138,1050,198,245,185,696,cache_la_poudre,6,6
2348,317,18,150,42,1180,170,222,190,1414,cache_la_poudre,10,6
2348,338,24,180,98,967,162,199,172,969,cache_la_poudre,10,6
2348,344,14,216,42,1144,192,218,164,1410,cache_la_poudre,10,6
2349,13,14,180,66,1296,205,209,139,1060,cache_la_poudre,11,6
2349,26,19,150,66,1299,208,197,119,1087,cache_la_poudre,11,6
2349,233,30,124,80,1371,157,250,217,600,cache_la_poudre,1,6
2349,314,17,295,139,1091,172,224,191,601,cache_la_poudre,6,6
2349,317,22,270,111,981,157,214,195,953,cache_la_poudre,10,6
2349,325,13,240,66,1291,188,226,177,1006,cache_la_poudre,11,6
2349,350,16,150,42,1273,189,211,159,335,cache_la_poudre,10,6
2350,1,19,0,0,1340,190,201,145,757,cache_la_poudre,10,6
2350,15,28,210,80,731,182,169,112,663,cache_la_poudre,10,6
2350,20,26,0,0,1107,192,176,110,819,cache_la_poudre,10,6
2350,37,28,42,23,485,207,166,79,400,cache_la_poudre,10,6
2350,51,30,95,58,1248,219,162,58,1167,cache_la_poudre,10,6
2350,94,18,218,78,1057,246,209,86,789,cache_la_poudre,10,6
2350,197,10,153,92,1641,218,249,165,942,cache_la_poudre,2,6
2350,221,35,108,80,1302,156,246,205,516,cache_la_poudre,1,6
2350,230,23,67,27,1441,178,254,205,698,cache_la_poudre,10,6
2350,279,14,218,84,1170,180,241,200,459,cache_la_poudre,6,6
2350,321,23,240,106,966,156,211,192,966,cache_la_poudre,10,6
2350,328,16,67,14,1473,178,219,180,365,cache_la_poudre,10,6
2350,337,23,42,15,837,163,201,173,1047,cache_la_poudre,10,6
2351,74,19,85,32,1140,239,201,85,888,cache_la_poudre,10,6
2351,289,19,30,10,1381,162,234,210,716,cache_la_poudre,10,6
2351,312,19,42,13,1441,167,223,195,437,cache_la_poudre,10,6
2351,321,22,85,25,1276,157,212,192,860,cache_la_poudre,10,6
2351,356,11,283,88,1106,202,220,155,713,cache_la_poudre,6,6
2352,28,35,192,31,576,184,143,71,400,cache_la_poudre,10,6
2352,34,28,242,136,700,203,167,83,977,cache_la_poudre,10,6
2352,283,27,319,136,792,137,230,227,1095,cache_la_poudre,10,6
2352,288,26,42,10,1381,137,227,225,390,cache_la_poudre,10,6
2352,321,14,335,142,1099,184,226,182,636,cache_la_poudre,6,6
2353,111,25,67,27,1055,253,205,64,1323,cache_la_poudre,5,6
2353,113,19,95,33,351,249,217,87,1235,cache_la_poudre,1,6
2353,263,25,150,47,1279,149,242,227,1448,cache_la_poudre,10,6
2353,270,15,42,9,953,178,244,204,1507,cache_la_poudre,10,6
2353,284,18,30,11,1385,168,237,208,395,cache_la_poudre,10,6
2353,308,25,150,59,882,143,215,208,1072,cache_la_poudre,10,6
2353,314,27,342,141,1055,138,207,204,918,cache_la_poudre,10,6
2353,317,10,350,90,1092,194,231,178,671,cache_la_poudre,6,6
2353,337,27,60,35,854,151,191,173,1077,cache_la_poudre,10,6
2354,11,19,150,93,932,196,198,134,930,cache_la_poudre,10,6
2354,119,17,67,13,552,246,223,100,1443,cache_la_poudre,1,6
2354,239,39,127,88,1492,121,238,231,774,cache_la_poudre,1,6
2354,276,26,150,48,1289,142,235,227,1451,cache_la_poudre,10,6
2354,345,29,366,146,1071,151,181,160,934,cache_la_poudre,10,6
2355,5,18,0,0,1116,195,203,142,819,cache_la_poudre,10,6
2355,39,9,300,126,886,221,220,134,680,cache_la_poudre,6,6
2355,302,18,85,29,1020,168,229,200,1498,cache_la_poudre,10,6
2355,314,15,309,145,1116,179,227,188,571,cache_la_poudre,6,6
2355,324,30,85,44,819,131,192,193,760,cache_la_poudre,10,6
2355,333,22,85,36,1320,163,205,178,258,cache_la_poudre,10,6
2355,345,22,268,49,1116,171,199,163,1350,cache_la_poudre,10,6
2356,12,35,234,35,624,163,147,101,459,cache_la_poudre,10,6
2356,27,23,201,2,924,204,184,107,930,cache_la_poudre,10,6
2356,30,23,201,36,371,207,185,105,1165,cache_la_poudre,10,6
2356,51,14,95,49,1127,226,210,115,912,cache_la_poudre,10,6
2356,52,22,120,17,904,225,186,84,962,cache_la_poudre,10,6
2356,302,13,150,95,957,183,234,190,987,cache_la_poudre,10,6
2356,308,18,0,0,859,168,226,197,1537,cache_la_poudre,10,6
2356,317,33,85,46,618,115,191,205,658,cache_la_poudre,10,6
2356,319,22,85,29,1380,158,214,193,277,cache_la_poudre,10,6
2356,320,21,270,100,1140,162,215,191,511,cache_la_poudre,6,6
2356,327,15,240,73,1261,183,223,178,1020,cache_la_poudre,11,6
2356,347,30,384,156,1065,150,177,156,955,cache_la_poudre,10,6
2356,348,22,417,153,937,173,198,159,1172,cache_la_poudre,10,6
2356,348,25,120,37,875,166,192,158,1092,cache_la_poudre,10,6
2357,318,23,270,110,953,154,212,195,979,cache_la_poudre,10,6
2358,0,17,180,75,1266,193,206,148,1073,cache_la_poudre,11,6
2358,27,28,170,88,732,196,167,94,841,cache_la_poudre,10,6
2358,67,15,0,0,808,234,208,102,1510,cache_la_poudre,5,6
2358,275,25,150,52,1261,146,237,226,1455,cache_la_poudre,10,6
2358,302,26,335,130,1006,141,218,214,949,cache_la_poudre,10,6
2358,322,19,85,16,1498,167,217,188,395,cache_la_poudre,10,6
2358,346,22,42,12,779,173,200,162,1124,cache_la_poudre,10,6
2359,85,18,95,31,488,243,208,88,457,cache_la_poudre,10,6
2359,90,21,108,38,1113,247,201,72,1291,cache_la_poudre,5,6
2359,238,21,85,36,1466,177,252,208,685,cache_la_poudre,10,6
2359,272,18,180,98,916,170,242,210,1025,cache_la_poudre,10,6
2359,303,23,85,34,1060,151,223,209,1507,cache_la_poudre,10,6
2359,315,15,180,105,942,179,227,187,997,cache_la_poudre,10,6
2359,330,19,67,19,1374,172,214,180,503,cache_la_poudre,10,6
2359,355,32,268,89,700,150,165,140,547,cache_la_poudre,10,6
2360,35,24,258,-13,942,208,178,94,904,cache_la_poudre,10,6
2360,42,21,162,40,351,219,190,98,1173,cache_la_poudre,10,6
2360,292,26,85,18,1350,139,225,221,361,cache_la_poudre,10,6
2360,305,24,120,54,1167,145,218,209,1500,cache_la_poudre,10,6
2360,329,23,95,34,1350,159,205,183,268,cache_la_poudre,10,6
2360,336,24,85,49,966,161,200,174,840,cache_la_poudre,10,6
2360,344,29,404,163,1061,150,182,162,976,cache_la_poudre,10,6
2360,348,19,150,35,1570,182,206,161,582,cache_la_poudre,10,6
2361,54,33,67,46,402,218,149,40,576,cache_la_poudre,10,6
2361,287,26,180,90,890,140,228,224,1053,cache_la_poudre,10,6
2361,302,24,150,55,1207,146,221,212,1465,cache_la_poudre,10,6
2361,315,11,335,151,1132,191,231,180,573,cache_la_poudre,6,6
2361,329,31,127,60,960,130,186,186,911,cache_la_poudre,10,6
2361,342,9,162,81,1320,201,226,164,362,cache_la_poudre,10,6
2362,111,20,85,21,579,249,215,85,1421,cache_la_poudre,1,6
2362,308,25,351,143,1026,145,216,207,942,cache_la_poudre,10,6
2362,327,16,242,79,1231,181,221,179,1034,cache_la_poudre,10,6
2363,5,34,247,93,742,156,153,118,607,cache_la_poudre,10,6
2363,59,22,108,24,875,230,187,78,992,cache_la_poudre,10,6
2363,322,22,108,40,1380,158,211,190,285,cache_la_poudre,10,6
2363,340,6,150,48,1073,208,232,162,849,cache_la_poudre,10,6
2364,34,3,134,57,1087,219,232,149,878,cache_la_poudre,10,6
2364,247,30,180,98,1383,144,246,228,649,cache_la_poudre,1,6
2364,293,18,335,94,828,168,233,205,1054,cache_la_poudre,10,6
2364,311,24,390,81,1112,146,214,205,1003,cache_la_poudre,10,6
2364,328,29,95,30,854,138,192,186,1020,cache_la_poudre,10,6
2364,333,22,371,94,870,165,206,178,1082,cache_la_poudre,10,6
2365,0,13,170,58,1033,200,215,152,815,cache_la_poudre,10,6
2365,240,27,42,18,1182,160,250,219,886,cache_la_poudre,10,6
2365,250,23,85,27,1215,163,249,219,882,cache_la_poudre,10,6
2365,274,18,331,149,807,168,241,212,1057,cache_la_poudre,6,6
2365,347,35,108,54,914,132,161,152,959,cache_la_poudre,10,6
2366,5,21,162,12,900,189,195,139,960,cache_la_poudre,10,6
2366,16,12,0,0,722,209,214,141,1199,cache_la_poudre,14,6
2366,24,20,256,46,430,205,193,119,1200,cache_la_poudre,10,6
2366,35,23,240,96,721,210,183,98,972,cache_la_poudre,10,6
2366,37,20,190,46,379,215,192,105,1190,cache_la_poudre,10,6
2366,165,3,390,156,1165,222,240,154,582,cache_la_poudre,6,6
2366,289,25,67,24,1351,141,227,222,360,cache_la_poudre,10,6
2367,3,15,190,83,992,199,211,148,859,cache_la_poudre,10,6
2367,25,29,30,17,1082,191,163,93,792,cache_la_poudre,10,6
2367,112,21,67,23,589,250,213,81,1358,cache_la_poudre,1,6
2367,131,20,134,35,418,248,225,96,1291,cache_la_poudre,1,6
2367,262,19,134,59,1503,170,246,212,664,cache_la_poudre,10,6
2367,290,5,361,104,1158,206,239,172,618,cache_la_poudre,6,6
2367,327,5,30,-2,1114,208,234,165,752,cache_la_poudre,16,6
2367,341,22,256,61,1134,168,201,169,1350,cache_la_poudre,10,6
2368,90,4,0,0,1140,226,233,143,726,cache_la_poudre,16,6
2368,348,11,150,49,1060,199,222,161,819,cache_la_poudre,10,6
2369,324,25,108,65,805,150,205,191,730,cache_la_poudre,10,6
2369,329,28,85,34,816,143,195,185,1060,cache_la_poudre,10,6
2369,339,14,234,108,1499,188,218,169,860,cache_la_poudre,2,6
2369,340,10,30,5,726,200,226,165,1541,cache_la_poudre,11,6
2370,202,27,182,100,1209,196,252,176,443,cache_la_poudre,1,6
2370,244,26,60,23,1176,158,249,221,875,cache_la_poudre,10,6
2370,275,24,180,64,1248,147,237,225,1430,cache_la_poudre,10,6
2370,294,19,127,40,1440,164,232,207,335,cache_la_poudre,10,6
2370,303,22,362,149,997,154,223,207,966,cache_la_poudre,10,6
2370,308,26,150,64,1181,141,214,209,1471,cache_la_poudre,10,6
2370,315,18,85,22,1307,170,223,192,569,cache_la_poudre,10,6
2371,94,23,127,45,1106,249,199,66,1266,cache_la_poudre,5,6
2371,272,25,180,65,1275,146,238,227,1426,cache_la_poudre,10,6
2371,287,19,182,65,1218,165,236,209,1413,cache_la_poudre,10,6
2371,300,17,150,40,1470,172,231,199,365,cache_la_poudre,10,6
2371,321,22,240,124,912,158,213,191,1020,cache_la_poudre,10,6
2372,24,35,42,25,446,178,144,80,661,cache_la_poudre,10,6
2372,36,24,234,-1,912,210,179,93,934,cache_la_poudre,10,6
2372,101,14,162,40,400,243,220,103,1240,cache_la_poudre,1,6
2372,292,11,306,102,806,188,238,189,1024,cache_la_poudre,6,6
2372,327,28,424,46,1054,141,196,189,1019,cache_la_poudre,10,6
2372,354,9,297,109,1172,206,225,158,664,cache_la_poudre,6,6
2372,354,25,124,63,847,170,188,149,1121,cache_la_poudre,10,6
2373,28,18,216,53,408,210,198,118,1207,cache_la_poudre,10,6
2373,235,30,182,107,1390,157,250,218,674,cache_la_poudre,1,6
2373,242,27,162,104,1347,158,250,220,607,cache_la_poudre,1,6
2373,243,17,90,18,782,185,251,202,1578,cache_la_poudre,6,6
2373,294,23,108,31,1320,151,228,214,331,cache_la_poudre,10,6
2373,300,26,180,79,841,138,219,216,1110,cache_la_poudre,10,6
2373,308,14,90,12,757,181,230,189,1549,cache_la_poudre,11,6
2373,323,19,108,36,1406,168,216,187,488,cache_la_poudre,10,6
2373,333,20,127,41,1500,170,210,177,390,cache_la_poudre,10,6
2373,337,25,153,54,834,158,198,174,1129,cache_la_poudre,10,6
2373,359,22,192,61,1358,183,195,145,361,cache_la_poudre,10,6
2374,5,15,0,0,693,200,210,146,1224,cache_la_poudre,14,6
2374,66,27,366,107,433,235,176,57,912,cache_la_poudre,3,6
2374,342,17,30,8,696,183,213,167,1209,cache_la_poudre,10,6
2375,40,18,242,86,934,218,198,108,912,cache_la_poudre,10,6
2376,73,22,120,55,404,240,192,72,474,cache_la_poudre,10,6
2376,218,30,150,106,1277,173,251,199,525,cache_la_poudre,1,6
2376,303,24,124,61,1114,146,220,211,1513,cache_la_poudre,10,6
2376,320,11,67,6,1101,192,230,177,765,cache_la_poudre,10,6
2376,321,23,127,65,832,156,212,192,726,cache_la_poudre,10,6
2376,336,29,85,32,779,144,188,175,1100,cache_la_poudre,10,6
2377,29,15,0,0,537,213,205,124,541,cache_la_poudre,10,6
2377,344,18,379,71,1022,181,209,165,1230,cache_la_poudre,10,6
2378,103,25,120,52,1012,252,199,59,1290,cache_la_poudre,5,6
2378,116,14,175,46,437,243,226,108,1282,cache_la_poudre,1,6
2378,308,20,108,39,769,161,224,201,1165,cache_la_poudre,10,6
2378,326,23,360,148,920,157,207,187,1024,cache_la_poudre,10,6
2378,329,15,313,108,828,183,221,177,1022,cache_la_poudre,6,6
2378,336,21,134,52,1380,168,205,174,309,cache_la_poudre,10,6
2378,348,19,408,72,999,181,205,160,1200,cache_la_poudre,10,6
2379,10,11,285,109,806,208,218,146,992,cache_la_poudre,6,6
2379,11,14,150,75,966,205,212,142,781,cache_la_poudre,10,6
2379,36,34,85,56,402,196,147,63,638,cache_la_poudre,10,6
2379,263,20,95,29,1231,167,245,215,858,cache_la_poudre,10,6
2379,300,15,150,37,1290,176,232,196,306,cache_la_poudre,10,6
2379,307,19,212,73,1195,164,225,199,1383,cache_la_poudre,10,6
2379,308,17,134,40,1465,173,228,194,451,cache_la_poudre,10,6
2379,318,22,127,70,752,158,215,195,677,cache_la_poudre,10,6
2380,27,21,255,6,908,205,189,112,938,cache_la_poudre,10,6
2380,283,23,285,110,1110,151,234,220,242,cache_la_poudre,10,6
2380,297,19,150,53,1440,164,231,205,342,cache_la_poudre,10,6
2380,319,22,408,168,1012,156,213,194,979,cache_la_poudre,10,6
2380,323,17,234,120,1461,176,221,184,819,cache_la_poudre,2,6
2380,355,16,134,57,1020,191,209,154,765,cache_la_poudre,10,6
2381,38,16,216,91,932,218,203,115,918,cache_la_poudre,10,6
2381,68,11,30,8,604,232,218,117,1443,cache_la_poudre,6,6
2381,268,18,270,111,1114,172,244,210,351,cache_la_poudre,10,6
2381,315,25,182,75,816,146,211,201,1138,cache_la_poudre,10,6
2381,325,21,335,98,1110,162,212,187,1050,cache_la_poudre,10,6
2382,2,16,0,0,663,196,208,148,1250,cache_la_poudre,14,6
2382,99,20,134,56,1071,248,209,81,1256,cache_la_poudre,6,6
2382,300,18,134,40,1290,167,230,202,301,cache_la_poudre,10,6
2382,317,17,108,27,1173,173,223,189,702,cache_la_poudre,10,6
2382,329,15,67,10,1034,184,221,177,832,cache_la_poudre,10,6
2382,340,21,437,76,977,170,204,170,1170,cache_la_poudre,10,6
2382,347,22,108,28,731,174,199,160,1189,cache_la_poudre,10,6
2383,25,31,60,33,1057,188,159,91,765,cache_la_poudre,10,6
2383,76,19,90,53,874,239,202,86,1406,cache_la_poudre,6,6
2383,251,14,300,113,1082,187,249,199,313,cache_la_poudre,10,6
2383,316,17,255,5,1140,174,224,189,162,cache_la_poudre,10,6
2383,328,20,90,18,732,169,213,182,1519,cache_la_poudre,11,6
2384,31,17,295,52,495,214,202,119,1260,cache_la_poudre,10,6
2384,34,35,67,53,418,191,142,62,680,cache_la_poudre,10,6
2384,35,22,150,85,1184,212,187,102,1168,cache_la_poudre,10,6
2384,65,23,120,63,366,234,186,71,511,cache_la_poudre,10,6
2384,94,20,67,26,816,248,205,77,1445,cache_la_poudre,6,6
2384,98,21,150,58,1100,249,207,77,1240,cache_la_poudre,6,6
2384,269,29,210,78,1266,132,235,235,1396,cache_la_poudre,10,6
2384,291,23,295,114,1110,149,229,217,216,cache_la_poudre,10,6
2384,301,21,402,163,960,158,226,206,1008,cache_la_poudre,10,6
2384,319,19,150,80,819,168,219,190,696,cache_la_poudre,10,6
2384,329,18,108,56,808,173,215,180,1142,cache_la_poudre,10,6
2384,330,13,60,8,994,188,224,175,872,cache_la_poudre,10,6
2384,335,20,30,10,666,171,209,175,1235,cache_la_poudre,10,6
2384,343,18,371,78,1041,181,210,165,1230,cache_la_poudre,10,6
2384,348,25,67,27,1455,164,190,157,474,cache_la_poudre,10,6
2385,13,8,30,0,899,213,225,149,967,cache_la_poudre,16,6
2385,130,16,201,52,503,245,229,107,1340,cache_la_poudre,1,6
2385,269,30,210,79,1253,131,235,235,1392,cache_la_poudre,10,6
2385,326,24,330,147,902,155,206,187,1034,cache_la_poudre,10,6
2385,339,12,170,53,1524,194,222,167,421,cache_la_poudre,10,6
2385,347,22,134,67,819,174,200,161,1150,cache_la_poudre,10,6
2385,351,24,30,14,1366,171,192,154,390,cache_la_poudre,10,6
2385,356,14,175,43,1260,197,214,154,277,cache_la_poudre,10,6
2386,17,18,127,12,837,202,199,129,1020,cache_la_poudre,10,6
2386,60,22,391,119,458,231,188,78,934,cache_la_poudre,3,6
2386,88,11,150,42,664,236,222,116,1358,cache_la_poudre,1,6
2386,118,20,95,30,641,250,218,86,1294,cache_la_poudre,1,6
2386,224,23,272,116,1120,182,254,200,408,cache_la_poudre,1,6
2386,246,29,67,21,1195,149,247,226,870,cache_la_poudre,10,6
2386,320,21,242,80,1172,162,215,191,1353,cache_la_poudre,10,6
2386,322,20,150,80,780,166,216,188,671,cache_la_poudre,10,6
2387,0,21,234,75,1392,184,196,145,390,cache_la_poudre,10,6
2387,32,13,256,55,474,216,210,127,1266,cache_la_poudre,10,6
2387,307,12,60,16,649,186,233,186,1451,cache_la_poudre,11,6
2387,322,24,270,140,872,151,208,193,1060,cache_la_poudre,10,6
2388,11,14,201,69,969,205,212,142,726,cache_la_poudre,10,6
2388,12,16,175,96,1180,202,205,137,1142,cache_la_poudre,10,6
2388,97,19,60,17,646,247,208,81,1501,cache_la_poudre,6,6
2388,111,14,30,7,564,243,224,108,1411,cache_la_poudre,6,6
2388,291,29,210,106,824,127,221,227,1120,cache_la_poudre,10,6
2388,297,18,124,29,1291,168,232,203,300,cache_la_poudre,10,6
2388,313,17,170,31,1554,171,224,193,579,cache_la_poudre,10,6
2388,322,22,150,79,741,158,211,190,648,cache_la_poudre,10,6
2388,330,30,134,54,836,134,188,185,1036,cache_la_poudre,10,6
2388,333,22,433,177,1006,163,205,178,999,cache_la_poudre,10,6
2388,351,28,150,77,899,158,179,151,977,cache_la_poudre,10,6
2389,201,6,180,39,834,218,245,163,1595,cache_la_poudre,6,6
2389,256,21,201,120,1324,165,248,217,618,cache_la_poudre,1,6
2389,298,14,67,29,1249,180,234,194,834,cache_la_poudre,10,6
2389,304,24,134,30,1190,148,220,209,693,cache_la_poudre,10,6
2389,315,18,127,21,1107,169,222,192,769,cache_la_poudre,10,6
2389,337,15,234,11,1140,186,218,171,153,cache_la_poudre,10,6
2390,15,21,0,0,1104,196,191,126,792,cache_la_poudre,10,6
2390,26,21,234,16,878,206,191,115,967,cache_la_poudre,10,6
2390,36,10,510,96,577,219,217,132,1008,cache_la_poudre,3,6
2390,296,17,162,75,1101,170,233,202,1492,cache_la_poudre,10,6
2390,321,29,85,31,706,134,198,197,1181,cache_la_poudre,10,6
2390,343,24,450,182,1001,166,197,165,1019,cache_la_poudre,10,6
2391,17,18,255,121,816,203,200,130,900,cache_la_poudre,6,6
2391,45,24,192,17,853,218,181,85,994,cache_la_poudre,10,6
2391,75,23,67,33,731,240,190,67,1506,cache_la_poudre,6,6
2391,88,17,42,17,782,243,209,89,1080,cache_la_poudre,10,6
2391,98,21,67,20,674,249,206,75,1531,cache_la_poudre,6,6
2391,283,17,95,32,1293,171,239,207,301,cache_la_poudre,10,6
2391,304,14,234,62,1537,181,232,191,459,cache_la_poudre,10,6
2391,321,27,60,25,671,140,202,196,1221,cache_la_poudre,10,6
2392,13,20,234,122,799,197,196,131,871,cache_la_poudre,10,6
2392,87,22,85,30,702,246,197,68,1527,cache_la_poudre,6,6
2392,288,20,192,65,1470,159,233,212,379,cache_la_poudre,10,6
2392,323,19,95,28,708,168,216,187,1489,cache_la_poudre,11,6
2392,356,10,484,98,551,204,222,156,984,cache_la_poudre,3,6
2393,49,15,170,87,1154,225,207,112,1183,cache_la_poudre,6,6
2393,331,27,190,74,792,148,196,183,1167,cache_la_poudre,10,6
2393,336,31,108,39,750,138,182,174,1127,cache_la_poudre,10,6
2394,260,19,30,9,1341,170,247,213,721,cache_la_poudre,10,6
2394,263,30,42,9,1167,131,237,236,853,cache_la_poudre,10,6
2394,302,19,175,81,1075,165,228,202,1500,cache_la_poudre,10,6
2394,305,22,430,175,953,155,223,205,1026,cache_la_poudre,10,6
2394,306,26,210,88,1209,141,216,211,1412,cache_la_poudre,10,6
2394,315,6,268,50,892,205,235,170,1543,cache_la_poudre,11,6
2394,326,18,170,56,1416,172,217,183,511,cache_la_poudre,10,6
2394,326,21,30,12,636,164,212,185,1262,cache_la_poudre,10,6
2394,337,13,192,90,875,192,222,169,691,cache_la_poudre,10,6
2395,6,23,108,28,693,185,189,135,1213,cache_la_poudre,10,6
2395,12,25,85,45,1024,186,180,122,741,cache_la_poudre,10,6
2395,18,11,192,96,1150,211,217,142,1158,cache_la_poudre,6,6
2395,27,20,255,94,872,207,193,115,977,cache_la_poudre,10,6
2395,63,18,90,37,750,233,201,93,1464,cache_la_poudre,6,6
2395,67,9,182,69,1031,229,222,125,1224,cache_la_poudre,6,6
2395,109,14,175,69,1095,244,223,105,1215,cache_la_poudre,6,6
2395,115,9,242,62,524,236,232,127,1332,cache_la_poudre,1,6
2395,288,22,323,125,1080,154,232,216,201,cache_la_poudre,10,6
2395,321,16,85,17,942,179,223,184,926,cache_la_poudre,10,6
2395,352,12,216,103,1146,199,219,158,1132,cache_la_poudre,10,6
2396,3,17,216,73,942,195,206,146,696,cache_la_poudre,10,6
2396,65,9,268,66,513,229,222,126,1308,cache_la_poudre,10,6
2396,69,15,67,22,781,234,210,103,1080,cache_la_poudre,10,6
2396,120,17,443,64,571,247,223,98,1209,cache_la_poudre,3,6
2396,306,13,134,37,1261,182,232,189,270,cache_la_poudre,10,6
2396,321,25,330,149,875,149,207,194,1061,cache_la_poudre,10,6
2396,331,15,210,46,830,184,221,176,1572,cache_la_poudre,11,6
2396,340,19,457,126,976,176,209,169,1140,cache_la_poudre,10,6
2396,353,13,228,91,920,197,217,157,691,cache_la_poudre,10,6
2397,24,28,192,54,661,192,168,99,474,cache_la_poudre,10,6
2397,45,21,390,67,577,221,190,95,1296,cache_la_poudre,10,6
2397,51,24,42,20,497,224,182,80,534,cache_la_poudre,10,6
2397,52,18,309,67,532,226,197,98,1302,cache_la_poudre,10,6
2397,78,21,42,9,751,242,197,76,1110,cache_la_poudre,10,6
2397,267,27,42,12,1364,141,239,231,700,cache_la_poudre,10,6
2397,270,31,67,25,1387,127,233,237,680,cache_la_poudre,10,6
2397,302,28,240,136,834,132,215,217,1103,cache_la_poudre,10,6
2397,312,23,150,51,1273,151,216,202,618,cache_la_poudre,10,6
2397,315,19,150,29,1123,165,220,194,759,cache_la_poudre,10,6
2397,356,14,212,86,870,197,215,155,990,cache_la_poudre,10,6
2397,356,15,212,4,1142,194,212,154,150,cache_la_poudre,10,6
2398,9,20,127,55,994,194,197,135,721,cache_la_poudre,10,6
2398,12,23,95,24,684,189,186,126,1209,cache_la_poudre,10,6
2398,20,13,497,104,564,210,211,136,1026,cache_la_poudre,3,6
2398,44,22,350,68,553,219,186,91,1298,cache_la_poudre,10,6
2398,77,12,150,42,684,235,217,112,1316,cache_la_poudre,2,6
2398,265,19,42,5,1273,168,245,214,295,cache_la_poudre,10,6
2398,294,12,108,26,1263,186,237,191,272,cache_la_poudre,10,6
2398,321,22,150,28,1082,159,213,191,797,cache_la_poudre,10,6
2398,328,16,335,72,1050,178,219,180,1087,cache_la_poudre,10,6
2398,341,9,242,56,1471,202,228,164,514,cache_la_poudre,10,6
2399,4,11,470,105,537,205,219,150,1003,cache_la_poudre,3,6
2399,241,25,192,133,1289,164,251,217,577,cache_la_poudre,1,6
2399,252,17,170,58,1531,181,249,205,577,cache_la_poudre,10,6
2399,319,18,67,8,860,172,221,188,1006,cache_la_poudre,10,6
2399,331,7,108,21,595,203,231,167,1366,cache_la_poudre,11,6
2400,2,6,234,101,1116,211,228,154,1148,cache_la_poudre,6,6
2400,8,19,42,7,666,194,198,137,1201,cache_la_poudre,10,6
2400,39,20,0,0,1082,217,192,102,768,cache_la_poudre,10,6
2400,269,21,339,22,1080,162,243,217,150,cache_la_poudre,10,6
2400,325,10,285,74,1082,196,230,173,1116,cache_la_poudre,10,6
2400,328,10,258,108,1114,195,228,172,1123,cache_la_poudre,10,6
2400,335,24,150,46,713,160,200,176,1224,cache_la_poudre,10,6
2401,6,23,234,90,1418,185,189,135,404,cache_la_poudre,10,6
2401,64,16,95,43,721,233,205,99,1485,cache_la_poudre,6,6
2401,77,19,120,43,771,240,202,84,1421,cache_la_poudre,6,6
2401,85,13,283,68,541,239,217,106,1326,cache_la_poudre,10,6
2401,211,11,285,57,934,211,251,175,1503,cache_la_poudre,11,6
2401,282,20,335,131,1080,161,237,214,175,cache_la_poudre,10,6
2401,284,23,150,57,983,151,233,220,1556,cache_la_poudre,10,6
2401,317,22,150,30,693,156,215,196,598,cache_la_poudre,10,6
2401,339,15,240,57,850,186,217,169,1579,cache_la_poudre,11,6
2402,99,20,95,31,664,248,209,81,1528,cache_la_poudre,6,6
2402,296,23,335,132,1050,151,226,213,247,cache_la_poudre,10,6
2402,331,22,474,191,972,163,207,180,1041,cache_la_poudre,10,6
2402,333,23,361,76,1020,160,203,179,1084,cache_la_poudre,10,6
2402,336,15,60,12,819,187,219,171,1047,cache_la_poudre,16,6
2402,339,17,391,132,934,182,214,170,1052,cache_la_poudre,6,6
2402,347,8,150,87,323,206,228,160,573,cache_la_poudre,6,6
2403,4,10,234,66,1429,207,221,151,541,cache_la_poudre,10,6
2403,51,19,85,15,779,225,195,96,1080,cache_la_poudre,10,6
2403,75,18,180,77,883,239,202,87,1318,cache_la_poudre,6,6
2403,99,15,192,47,721,244,218,99,1318,cache_la_poudre,2,6
2403,301,21,212,76,1470,156,225,208,390,cache_la_poudre,10,6
2403,305,18,201,88,1091,169,228,198,1471,cache_la_poudre,10,6
2403,311,21,457,191,947,158,220,200,1045,cache_la_poudre,10,6
2403,327,22,170,60,1332,162,210,185,577,cache_la_poudre,10,6
2403,350,29,162,80,859,156,178,152,1015,cache_la_poudre,10,6
2404,9,33,300,134,782,163,155,112,677,cache_la_poudre,10,6
2404,19,32,67,39,1045,178,156,97,741,cache_la_poudre,10,6
2404,82,17,108,46,693,241,208,92,1506,cache_la_poudre,6,6
2404,329,19,192,95,759,171,214,181,612,cache_la_poudre,10,6
2404,350,14,255,96,892,193,215,160,661,cache_la_poudre,10,6
2405,88,17,162,47,824,243,211,92,1358,cache_la_poudre,6,6
2405,264,30,240,99,1240,132,237,236,1366,cache_la_poudre,10,6
2405,348,17,361,99,1082,186,209,160,1233,cache_la_poudre,10,6
2406,20,8,0,0,1041,215,224,145,721,cache_la_poudre,10,6
2406,40,20,362,73,582,218,192,102,1318,cache_la_poudre,10,6
2406,41,21,67,31,470,217,190,99,553,cache_la_poudre,10,6
2406,265,14,60,14,474,183,245,201,366,cache_la_poudre,10,6
2406,280,21,342,136,1050,158,237,216,218,cache_la_poudre,10,6
2406,282,19,351,136,1050,164,238,212,190,cache_la_poudre,10,6
2406,288,23,361,136,1020,151,231,217,272,cache_la_poudre,10,6
2407,35,11,319,137,876,219,215,130,962,cache_la_poudre,6,6
2407,104,16,85,23,569,245,218,98,1440,cache_la_poudre,6,6
2407,268,15,175,36,1501,179,245,204,551,cache_la_poudre,10,6
2407,298,9,150,29,594,195,237,182,1342,cache_la_poudre,11,6
2407,300,22,182,63,1024,155,225,209,1518,cache_la_poudre,10,6
2408,17,35,300,138,799,170,146,93,706,cache_la_poudre,10,6
2408,69,19,153,50,794,236,200,88,1379,cache_la_poudre,6,6
2408,129,17,234,67,664,245,228,106,1406,cache_la_poudre,1,6
2408,345,21,212,72,926,175,203,163,671,cache_la_poudre,10,6
2409,25,28,277,139,832,194,169,99,789,cache_la_poudre,10,6
2409,59,11,240,83,994,228,218,121,1195,cache_la_poudre,6,6
2409,70,22,443,76,633,238,191,74,1315,cache_la_poudre,10,6
2409,99,11,201,53,742,239,224,114,1276,cache_la_poudre,2,6
2409,273,21,190,89,295,160,241,217,618,cache_la_poudre,10,6
2409,338,19,192,69,1350,174,209,172,573,cache_la_poudre,10,6
2409,343,9,277,72,1425,202,226,163,573,cache_la_poudre,10,6
2409,357,18,85,21,1406,189,205,151,443,cache_la_poudre,10,6
2410,9,16,30,0,430,200,206,140,1290,cache_la_poudre,11,6
2410,16,21,124,31,655,198,192,125,1239,cache_la_poudre,10,6
2410,34,11,270,84,992,219,217,133,1172,cache_la_poudre,6,6
2410,45,10,0,0,1022,223,219,130,700,cache_la_poudre,10,6
2410,235,26,212,140,1259,166,252,214,564,cache_la_poudre,1,6
2410,285,25,150,57,1500,144,231,223,582,cache_la_poudre,10,6
2410,286,23,60,32,558,151,232,218,443,cache_la_poudre,10,6
2410,311,26,450,182,895,142,212,206,1074,cache_la_poudre,10,6
2410,312,23,470,191,918,153,217,201,1068,cache_la_poudre,10,6
2410,315,21,150,38,1015,159,217,196,864,cache_la_poudre,10,6
2410,326,19,330,66,912,171,216,183,1504,cache_la_poudre,11,6
2411,101,19,120,30,626,247,212,86,1500,cache_la_poudre,6,6
2411,113,19,67,13,532,249,217,88,1410,cache_la_poudre,6,6
2411,291,22,295,79,1510,154,231,215,524,cache_la_poudre,10,6
2411,321,28,300,164,832,137,200,196,1100,cache_la_poudre,10,6
2412,93,17,124,41,655,244,212,92,1507,cache_la_poudre,6,6
2412,125,6,633,106,731,230,236,139,1173,cache_la_poudre,6,6
2412,200,18,313,142,1100,210,253,171,459,cache_la_poudre,1,6
2412,240,15,285,146,1319,190,251,197,685,cache_la_poudre,1,6
2412,283,17,108,34,671,171,239,207,541,cache_la_poudre,10,6
2412,287,13,162,41,636,182,239,197,1377,cache_la_poudre,11,6
2412,318,21,228,89,1471,161,216,194,402,cache_la_poudre,10,6
2412,335,16,212,63,785,181,216,173,1513,cache_la_poudre,11,6
2413,1,21,108,25,648,185,196,143,1236,cache_la_poudre,10,6
2413,108,12,228,57,771,241,225,112,1256,cache_la_poudre,2,6
2413,135,2,600,93,684,222,238,152,1182,cache_la_poudre,6,6
2413,266,19,30,12,1064,167,244,214,743,cache_la_poudre,10,6
2413,295,17,234,7,1084,171,233,202,95,cache_la_poudre,10,6
2413,328,16,127,20,1206,179,219,179,218,cache_la_poudre,10,6
2413,337,13,0,0,1315,192,222,169,750,cache_la_poudre,10,6
2414,50,4,624,94,713,222,231,145,1207,cache_la_poudre,6,6
2414,114,11,242,58,789,240,229,118,1191,cache_la_poudre,2,6
2414,287,13,182,47,679,184,239,195,1412,cache_la_poudre,11,6
2414,302,28,175,55,1182,131,214,218,713,cache_la_poudre,10,6
2414,316,24,190,65,1224,148,211,199,677,cache_la_poudre,10,6
2414,329,21,124,34,890,166,211,182,981,cache_la_poudre,10,6
2415,54,19,162,72,618,228,197,95,497,cache_la_poudre,3,6
2415,230,14,342,145,1071,198,252,190,454,cache_la_poudre,1,6
2415,252,27,30,13,1358,152,246,226,703,cache_la_poudre,10,6
2415,267,30,85,30,1406,132,236,235,658,cache_la_poudre,10,6
2415,270,29,108,43,1429,131,235,235,638,cache_la_poudre,10,6
2415,317,22,108,24,849,156,214,195,1020,cache_la_poudre,10,6
2415,320,11,319,78,1423,191,229,178,598,cache_la_poudre,10,6
2415,324,22,190,45,1074,160,211,188,816,cache_la_poudre,10,6
2415,341,11,437,71,918,197,224,165,1384,cache_la_poudre,10,6
2416,66,20,30,14,408,235,195,84,404,cache_la_poudre,10,6
2416,106,16,124,32,589,246,218,96,1470,cache_la_poudre,6,6
2416,130,16,255,72,693,244,230,110,1387,cache_la_poudre,1,6
2416,266,34,67,31,1188,117,231,242,872,cache_la_poudre,10,6
2416,289,19,309,80,1487,162,234,210,553,cache_la_poudre,10,6
2416,311,11,459,72,895,191,232,181,1343,cache_la_poudre,11,6
2416,325,17,42,-5,767,177,220,182,1100,cache_la_poudre,16,6
2416,357,14,458,146,997,197,213,153,1114,cache_la_poudre,6,6
2417,6,22,30,15,1273,186,190,136,787,cache_la_poudre,10,6
2417,11,19,85,13,433,196,198,134,1261,cache_la_poudre,11,6
2417,67,19,182,59,789,235,200,89,1358,cache_la_poudre,6,6
2417,259,23,283,148,1282,157,245,222,646,cache_la_poudre,1,6
2417,296,32,247,123,757,115,211,227,1187,cache_la_poudre,10,6
2417,316,15,212,73,1040,178,225,187,1489,cache_la_poudre,10,6
2417,324,18,360,73,934,174,219,184,1477,cache_la_poudre,11,6
2417,329,28,170,82,780,143,195,185,1092,cache_la_poudre,10,6
2417,333,22,192,63,698,163,205,178,1259,cache_la_poudre,10,6
2418,2,16,342,148,907,196,208,148,938,cache_la_poudre,6,6
2418,26,30,60,43,1041,192,163,91,732,cache_la_poudre,10,6
2418,40,8,0,0,685,221,222,135,1183,cache_la_poudre,16,6
2418,140,12,60,-5,459,238,236,127,1353,cache_la_poudre,6,6
2418,275,22,247,112,1148,156,239,220,1405,cache_la_poudre,10,6
2418,277,23,391,148,990,152,237,221,270,cache_la_poudre,10,6
2418,349,19,324,148,890,182,206,160,908,cache_la_poudre,6,6
2418,358,20,170,68,942,184,198,148,664,cache_la_poudre,10,6
2419,0,12,234,79,1345,203,218,152,601,cache_la_poudre,10,6
2419,3,13,360,113,1124,202,215,149,1239,cache_la_poudre,6,6
2419,11,26,285,76,711,183,178,122,598,cache_la_poudre,10,6
2419,43,19,350,83,618,220,196,104,1360,cache_la_poudre,10,6
2419,57,21,391,83,641,229,191,86,1358,cache_la_poudre,10,6
2419,76,23,30,14,690,241,191,69,1170,cache_la_poudre,10,6
2419,281,12,190,46,658,187,241,194,1383,cache_la_poudre,10,6
2419,292,23,297,13,1050,149,228,216,67,cache_la_poudre,10,6
2419,310,25,450,191,866,143,213,206,1099,cache_la_poudre,10,6
2419,328,14,175,41,731,186,224,177,553,cache_la_poudre,10,6
2419,340,18,300,113,1167,178,210,169,1299,cache_la_poudre,6,6
2419,349,8,234,41,600,206,227,160,1295,cache_la_poudre,11,6
2420,18,17,30,1,371,205,202,130,1263,cache_la_poudre,11,6
2420,54,17,270,94,932,228,203,103,1211,cache_la_poudre,6,6
2420,76,18,162,62,677,239,205,90,1465,cache_la_poudre,6,6
2420,128,16,277,76,721,244,229,109,1368,cache_la_poudre,1,6
2420,192,24,295,150,1136,210,250,161,495,cache_la_poudre,1,6
2420,292,15,342,81,1443,175,236,200,569,cache_la_poudre,10,6
2420,295,10,201,55,721,192,237,185,1448,cache_la_poudre,10,6
2420,299,14,108,27,1209,180,234,194,228,cache_la_poudre,10,6
2420,307,22,255,93,1501,155,221,204,430,cache_la_poudre,10,6
2420,333,26,390,94,962,153,198,179,1103,cache_la_poudre,10,6
2421,12,19,67,11,417,197,197,132,1260,cache_la_poudre,11,6
2421,259,13,300,115,1173,188,247,197,1312,cache_la_poudre,6,6
2421,284,15,268,110,1099,178,239,201,1423,cache_la_poudre,6,6
2421,287,30,67,36,1146,125,223,231,828,cache_la_poudre,10,6
2421,290,20,395,151,990,159,232,212,240,cache_la_poudre,10,6
2421,325,13,218,66,764,188,226,177,1484,cache_la_poudre,10,6
2421,331,13,339,83,1401,189,223,174,607,cache_la_poudre,10,6
2421,333,13,420,115,1082,189,223,173,1180,cache_la_poudre,6,6
2421,343,23,175,47,646,167,198,166,1277,cache_la_poudre,10,6
2421,345,13,474,151,1019,195,220,163,1116,cache_la_poudre,6,6
2421,349,15,404,151,960,191,213,160,1027,cache_la_poudre,6,6
2422,4,20,42,10,402,190,198,141,1260,cache_la_poudre,11,6
2422,18,25,306,152,853,192,178,113,794,cache_la_poudre,10,6
2422,41,5,553,78,800,220,229,145,1282,cache_la_poudre,6,6
2422,286,21,270,116,1209,157,234,215,1332,cache_la_poudre,6,6
2422,290,20,361,29,1020,161,233,211,95,cache_la_poudre,10,6
2422,314,13,150,34,1441,185,230,185,499,cache_la_poudre,10,6
2422,342,15,390,78,957,188,217,167,1451,cache_la_poudre,10,6
2422,349,14,446,78,912,193,215,161,1399,cache_la_poudre,10,6
2423,11,14,277,83,1341,205,212,142,630,cache_la_poudre,10,6
2423,251,9,210,79,990,200,247,185,1510,cache_la_poudre,6,6
2423,292,21,175,70,1475,156,231,213,558,cache_la_poudre,10,6
2423,325,22,134,37,865,162,211,186,1008,cache_la_poudre,10,6
2423,330,20,212,77,1242,170,212,180,671,cache_la_poudre,10,6
2423,353,20,309,153,875,182,202,155,878,cache_la_poudre,6,6
2424,82,18,180,66,730,242,206,87,1401,cache_la_poudre,6,6
2424,92,6,30,-5,420,230,231,135,1332,cache_la_poudre,6,6
2424,130,14,277,68,824,243,231,114,1195,cache_la_poudre,2,6
2424,279,21,277,18,1052,157,237,218,60,cache_la_poudre,10,6
2424,297,11,272,80,1074,189,237,187,1433,cache_la_poudre,6,6
2424,297,21,42,3,1224,158,228,209,277,cache_la_poudre,10,6
2424,336,26,150,68,693,153,195,176,1182,cache_la_poudre,10,6
2424,338,13,247,75,785,192,222,168,1492,cache_la_poudre,10,6
2424,344,8,277,46,607,203,227,163,1273,cache_la_poudre,10,6
2424,344,21,258,98,1475,173,203,165,424,cache_la_poudre,10,6
2424,346,14,474,80,883,193,218,163,1374,cache_la_poudre,10,6
2425,0,11,503,81,853,204,220,153,1348,cache_la_poudre,10,6
2425,13,9,339,85,1358,211,221,146,646,cache_la_poudre,10,6
2425,49,15,120,48,418,225,207,112,531,cache_la_poudre,10,6
2425,185,22,323,155,1106,218,249,154,488,cache_la_poudre,2,6
2425,300,19,300,119,1158,164,229,204,1318,cache_la_poudre,6,6
2425,323,14,127,19,1180,185,225,180,201,cache_la_poudre,10,6
2426,8,17,268,-2,780,198,204,141,1077,cache_la_poudre,10,6
2426,9,12,360,120,1146,206,216,146,1243,cache_la_poudre,6,6
2426,87,16,182,45,641,242,213,97,1468,cache_la_poudre,6,6
2426,275,20,95,20,466,164,241,214,309,cache_la_poudre,10,6
2426,343,15,42,8,671,188,216,166,1195,cache_la_poudre,10,6
2426,344,22,360,100,960,171,201,164,1124,cache_la_poudre,10,6
2427,20,29,330,157,774,185,165,102,713,cache_la_poudre,10,6
2427,50,17,300,101,930,226,201,103,1189,cache_la_poudre,6,6
2427,59,18,90,37,402,231,198,93,469,cache_la_poudre,10,6
2427,96,12,551,97,691,239,222,111,1298,cache_la_poudre,10,6
2427,279,20,335,95,1507,160,238,216,524,cache_la_poudre,10,6
2427,319,11,361,90,1379,192,230,178,618,cache_la_poudre,10,6
2427,342,14,480,121,1041,190,218,166,1120,cache_la_poudre,6,6
2427,353,18,170,6,1120,187,207,156,150,cache_la_poudre,6,6
2428,1,15,234,47,558,198,211,150,1259,cache_la_poudre,11,6
2428,60,26,60,23,997,229,175,63,680,cache_la_poudre,10,6
2428,320,11,300,122,1188,191,229,178,1302,cache_la_poudre,6,6
2428,320,20,268,105,1503,163,216,191,443,cache_la_poudre,10,6
2428,325,18,331,84,872,173,218,183,1533,cache_la_poudre,10,6
2429,45,10,604,99,726,223,218,129,1284,cache_la_poudre,10,6
2429,79,19,499,93,691,241,202,83,1338,cache_la_poudre,10,6
2429,117,20,297,73,750,250,216,84,1350,cache_la_poudre,1,6
2429,258,20,120,23,524,170,247,214,362,cache_la_poudre,10,6
2429,268,13,295,123,1103,186,245,198,1395,cache_la_poudre,6,6
2429,287,24,297,99,1561,146,230,220,481,cache_la_poudre,10,6
2429,315,8,319,51,618,198,233,175,1253,cache_la_poudre,10,6
2429,319,9,234,-8,1031,197,232,175,95,cache_la_poudre,10,6
2429,330,21,162,49,882,165,209,181,997,cache_la_poudre,10,6
2429,339,14,390,85,937,188,218,169,1466,cache_la_poudre,10,6
2429,341,21,277,93,859,171,203,168,607,cache_la_poudre,10,6
2430,15,20,153,37,598,198,195,129,1299,cache_la_poudre,10,6
2430,21,14,277,49,566,210,209,133,1237,cache_la_poudre,10,6
2430,61,20,408,94,671,232,193,85,1379,cache_la_poudre,10,6
2430,74,20,474,94,693,239,199,82,1358,cache_la_poudre,10,6
2430,85,16,190,72,671,242,210,94,1445,cache_la_poudre,6,6
2430,264,5,330,124,1165,208,242,173,1277,cache_la_poudre,6,6
2430,317,23,446,72,908,154,214,197,1106,cache_la_poudre,10,6
2430,321,25,234,102,722,150,208,194,1253,cache_la_poudre,10,6
2430,348,18,192,9,1090,183,208,161,127,cache_la_poudre,10,6
2431,5,14,540,87,819,201,212,147,1340,cache_la_poudre,10,6
2431,14,20,277,88,685,198,196,130,607,cache_la_poudre,10,6
2431,45,12,601,87,755,223,214,124,1308,cache_la_poudre,10,6
2431,72,20,210,73,755,238,196,80,1358,cache_la_poudre,6,6
2431,284,20,366,89,1464,162,236,213,541,cache_la_poudre,6,6
2431,327,25,330,184,792,150,202,187,1140,cache_la_poudre,10,6
2431,329,22,0,0,1260,163,209,183,339,cache_la_poudre,10,6
2431,332,24,390,184,797,158,203,180,1142,cache_la_poudre,10,6
2432,6,14,510,88,849,201,212,146,1365,cache_la_poudre,10,6
2432,6,21,212,82,900,188,193,137,626,cache_la_poudre,10,6
2432,260,19,120,54,552,170,247,213,390,cache_la_poudre,10,6
2432,303,17,192,29,1445,169,229,199,534,cache_la_poudre,10,6
2432,319,25,234,93,721,148,208,196,1273,cache_la_poudre,10,6
2432,325,15,150,29,1413,181,222,180,492,cache_la_poudre,10,6
2432,326,21,228,62,1068,164,212,186,837,cache_la_poudre,10,6
2432,333,18,361,88,895,177,215,175,1507,cache_la_poudre,10,6
2432,343,19,319,128,808,180,208,166,571,cache_la_poudre,10,6
2432,353,17,335,162,900,188,207,155,883,cache_la_poudre,6,6
2433,230,16,421,163,972,194,253,194,391,cache_la_poudre,10,6
2433,255,18,277,12,1024,175,248,209,42,cache_la_poudre,10,6
2433,286,19,216,74,1176,164,236,210,735,cache_la_poudre,10,6
2433,344,26,175,83,932,160,191,164,646,cache_la_poudre,10,6
2434,3,20,306,91,700,190,199,142,636,cache_la_poudre,10,6
2434,14,12,60,7,335,209,216,143,1236,cache_la_poudre,11,6
2434,72,9,339,91,1316,231,222,123,685,cache_la_poudre,10,6
2434,104,13,361,78,815,241,223,110,1116,cache_la_poudre,2,6
2434,280,20,120,56,579,162,238,214,418,cache_la_poudre,10,6
2434,326,23,127,3,841,157,207,187,1036,cache_la_poudre,10,6
2435,83,14,256,77,842,239,214,102,1273,cache_la_poudre,6,6
2435,176,13,90,1,481,226,247,150,1388,cache_la_poudre,6,6
2435,249,25,67,33,1401,157,248,222,661,cache_la_poudre,10,6
2435,320,19,335,91,853,169,219,189,1518,cache_la_poudre,10,6
2435,335,20,283,108,1505,172,210,175,421,cache_la_poudre,10,6
2435,340,11,297,87,1276,197,224,166,691,cache_la_poudre,6,6
2435,340,13,376,163,1294,192,221,167,685,cache_la_poudre,6,6
2436,2,17,30,8,674,194,206,147,1194,cache_la_poudre,10,6
2436,52,20,384,95,677,226,192,91,1401,cache_la_poudre,10,6
2436,105,12,60,2,454,240,225,113,1371,cache_la_poudre,6,6
2436,184,29,309,166,1142,212,245,146,524,cache_la_poudre,2,6
2436,209,15,418,166,1026,208,253,177,510,cache_la_poudre,2,6
2436,275,19,124,21,474,164,240,214,295,cache_la_poudre,10,6
2436,282,17,376,104,1506,172,239,206,503,cache_la_poudre,6,6
2436,288,18,350,14,960,166,236,209,124,cache_la_poudre,10,6
2436,330,17,127,21,1383,177,216,178,469,cache_la_poudre,10,6
2437,5,15,216,0,1036,200,210,146,124,cache_la_poudre,10,6
2437,18,23,360,167,732,195,184,118,693,cache_la_poudre,6,6
2437,51,13,120,53,384,226,212,118,492,cache_la_poudre,10,6
2437,118,17,319,96,664,247,223,98,1425,cache_la_poudre,10,6
2437,316,24,418,3,808,148,211,199,1148,cache_la_poudre,10,6
2437,325,17,313,81,811,176,219,182,1480,cache_la_poudre,10,6
2438,296,22,319,-11,990,152,227,213,60,cache_la_poudre,10,6
2438,315,23,437,80,878,154,215,198,1129,cache_la_poudre,10,6
2438,328,15,450,132,1068,182,221,179,1159,cache_la_poudre,6,6
2438,355,27,162,83,949,165,181,146,658,cache_la_poudre,10,6
2439,128,8,371,83,824,234,235,132,1165,cache_la_poudre,2,6
2439,251,17,242,-10,997,181,250,205,60,cache_la_poudre,10,6
2439,297,19,150,61,618,163,230,206,437,cache_la_poudre,10,6
2439,325,17,180,83,674,177,220,182,1198,cache_la_poudre,10,6
2439,332,22,150,8,858,165,207,179,1025,cache_la_poudre,10,6
2440,14,18,297,56,551,201,200,133,1208,cache_la_poudre,10,6
2440,133,12,120,30,514,239,234,122,1415,cache_la_poudre,6,6
2440,186,5,300,81,1168,221,243,158,785,cache_la_poudre,6,6
2440,251,22,95,49,1423,165,249,218,638,cache_la_poudre,10,6
2440,257,20,150,34,532,169,247,214,351,cache_la_poudre,10,6
2440,328,11,384,168,1252,194,228,173,726,cache_la_poudre,6,6
2440,342,10,277,72,1106,199,225,164,824,cache_la_poudre,6,6
2440,345,18,60,3,604,183,210,164,1262,cache_la_poudre,10,6
2440,347,23,190,47,579,171,197,160,1332,cache_la_poudre,10,6
2441,6,15,541,97,815,200,209,144,1357,cache_la_poudre,10,6
2441,244,13,446,171,997,193,250,194,511,cache_la_poudre,2,6
2441,317,19,212,63,693,168,221,191,484,cache_la_poudre,10,6
2442,72,2,309,93,1211,221,235,151,752,cache_la_poudre,6,6
2442,75,22,492,106,722,240,192,72,1380,cache_la_poudre,10,6
2442,265,16,418,55,930,177,245,206,218,cache_la_poudre,10,6
2442,324,19,242,77,1045,169,216,186,866,cache_la_poudre,10,6
2442,344,19,90,18,323,179,207,165,1201,cache_la_poudre,11,6
2443,12,22,108,31,366,192,191,129,1200,cache_la_poudre,11,6
2443,252,19,366,72,671,175,249,210,1271,cache_la_poudre,10,6
2443,298,27,285,149,716,134,219,220,1226,cache_la_poudre,10,6
2443,319,16,30,12,708,177,224,186,1170,cache_la_poudre,16,6
2443,322,18,309,120,1535,170,218,187,420,cache_la_poudre,6,6
2444,94,14,395,88,789,241,218,103,1123,cache_la_poudre,2,6
2444,95,17,391,88,785,245,213,91,1099,cache_la_poudre,2,6
2444,275,11,382,189,1527,191,243,191,474,cache_la_poudre,6,6
2444,281,1,283,91,1191,215,238,161,755,cache_la_poudre,6,6
2444,323,17,150,29,1385,173,220,185,488,cache_la_poudre,10,6
2444,324,16,323,95,792,177,221,182,1452,cache_la_poudre,10,6
2444,338,21,339,101,792,170,206,172,543,cache_la_poudre,10,6
2445,5,21,95,31,350,188,194,139,1200,cache_la_poudre,11,6
2445,84,20,240,87,722,244,201,78,1360,cache_la_poudre,6,6
2445,338,14,384,86,1167,190,220,169,808,cache_la_poudre,6,6
2445,342,12,390,139,1082,194,221,165,1230,cache_la_poudre,6,6
2445,354,7,361,77,1103,208,227,157,875,cache_la_poudre,6,6
2446,22,17,234,105,738,207,200,126,1138,cache_la_poudre,6,6
2446,171,12,150,12,540,228,245,147,1451,cache_la_poudre,6,6
2446,198,15,457,176,1006,214,252,169,541,cache_la_poudre,2,6
2446,269,18,277,-3,992,171,244,211,0,cache_la_poudre,10,6
2446,344,17,30,5,552,184,212,165,1317,cache_la_poudre,16,6
2446,354,15,488,176,999,193,212,156,1071,cache_la_poudre,6,6
2447,273,15,361,116,1570,178,243,204,459,cache_la_poudre,6,6
2447,292,19,335,25,930,163,233,208,134,cache_la_poudre,10,6
2447,318,20,408,89,875,162,217,193,1149,cache_la_poudre,10,6
2447,336,16,120,17,285,184,217,172,1173,cache_la_poudre,11,6
2447,344,12,376,175,1188,195,220,164,782,cache_la_poudre,6,6
2448,39,10,124,51,309,221,217,130,443,cache_la_poudre,6,6
2448,60,20,272,90,781,231,194,87,1296,cache_la_poudre,6,6
2448,170,24,376,178,1092,229,242,131,543,cache_la_poudre,2,6
2448,259,12,162,-1,947,191,247,194,134,cache_la_poudre,6,6
2448,346,12,390,178,870,196,220,163,895,cache_la_poudre,6,6
2448,356,17,216,50,450,191,207,153,1184,cache_la_poudre,10,6
2449,1,17,484,105,872,194,206,148,1423,cache_la_poudre,10,6
2449,4,15,175,11,1071,199,210,147,162,cache_la_poudre,6,6
2449,15,14,543,105,812,207,211,139,1374,cache_la_poudre,10,6
2449,45,13,67,10,301,223,211,120,1218,cache_la_poudre,11,6
2449,294,23,306,178,726,151,228,214,1209,cache_la_poudre,10,6
2449,330,22,376,15,759,164,208,181,1183,cache_la_poudre,10,6
2450,65,20,534,114,751,234,196,85,1383,cache_la_poudre,10,6
2450,305,25,285,-1,691,144,218,210,1254,cache_la_poudre,10,6
2450,313,10,426,77,674,193,233,179,1226,cache_la_poudre,10,6
2450,322,25,258,-21,680,150,207,193,1290,cache_la_poudre,10,6
2450,329,18,127,19,1355,175,216,180,467,cache_la_poudre,10,6
2450,333,22,134,19,834,164,206,178,1053,cache_la_poudre,10,6
2451,120,17,361,107,759,247,223,98,1381,cache_la_poudre,6,6
2451,168,25,350,181,1121,230,240,126,547,cache_la_poudre,2,6
2451,263,4,524,95,741,210,241,170,1207,cache_la_poudre,6,6
2451,327,16,371,107,858,178,220,181,1499,cache_la_poudre,10,6
2451,335,20,306,73,752,170,208,175,511,cache_la_poudre,10,6
2451,349,9,150,12,242,204,225,160,1150,cache_la_poudre,11,6
2452,0,8,283,87,1041,209,226,155,888,cache_la_poudre,6,6
2452,13,6,335,82,1018,214,227,150,942,cache_la_poudre,6,6
2452,72,18,306,94,810,237,204,91,1253,cache_la_poudre,6,6
2452,99,10,430,96,765,236,227,121,1132,cache_la_poudre,2,6
2452,250,14,175,2,942,189,249,198,108,cache_la_poudre,6,6
2452,317,24,255,-19,679,149,210,198,1310,cache_la_poudre,10,6
2452,320,23,255,-24,674,154,210,193,1332,cache_la_poudre,10,6
2452,329,18,42,14,1201,175,216,180,324,cache_la_poudre,10,6
2452,345,11,150,13,247,197,222,163,1146,cache_la_poudre,10,6
2453,46,18,108,40,268,223,199,104,351,cache_la_poudre,6,6
2453,346,21,297,103,819,174,201,162,553,cache_la_poudre,10,6
2454,8,19,258,104,849,195,199,138,569,cache_la_poudre,10,6
2454,71,19,270,96,751,237,200,87,1318,cache_la_poudre,6,6
2454,161,9,153,20,547,230,242,144,1415,cache_la_poudre,6,6
2454,287,18,277,4,960,168,236,208,42,cache_la_poudre,10,6
2454,343,16,256,3,934,186,214,166,990,cache_la_poudre,6,6
2455,29,13,351,97,871,215,211,130,1189,cache_la_poudre,6,6
2455,30,13,134,53,283,216,212,130,430,cache_la_poudre,6,6
2455,34,3,503,99,721,219,232,149,1154,cache_la_poudre,6,6
2455,85,17,270,97,721,242,208,89,1341,cache_la_poudre,6,6
2455,89,14,421,99,755,241,216,102,1082,cache_la_poudre,2,6
2455,89,16,258,57,661,243,212,95,1387,cache_la_poudre,6,6
2455,153,15,180,21,571,237,240,130,1423,cache_la_poudre,6,6
2455,309,15,362,106,799,178,229,191,1433,cache_la_poudre,10,6
2455,317,11,480,149,1008,191,231,179,1142,cache_la_poudre,6,6
2455,333,20,362,21,741,170,210,177,1195,cache_la_poudre,10,6
2455,336,10,134,17,1106,197,226,168,201,cache_la_poudre,6,6
2455,341,21,162,4,853,173,205,168,1044,cache_la_poudre,10,6
2456,14,17,518,112,841,202,202,134,1416,cache_la_poudre,6,6
2456,136,14,210,22,600,241,234,119,1416,cache_la_poudre,6,6
2456,263,8,450,85,702,201,244,182,1237,cache_la_poudre,10,6
2456,311,22,400,22,794,153,218,202,1182,cache_la_poudre,10,6
2456,335,21,335,78,765,167,206,175,514,cache_la_poudre,10,6
2456,338,13,283,5,955,192,222,168,983,cache_la_poudre,6,6
2457,4,8,362,6,1018,210,225,153,949,cache_la_poudre,6,6
2457,100,13,234,59,631,241,222,110,1410,cache_la_poudre,6,6
2457,160,6,446,101,779,227,241,148,1183,cache_la_poudre,6,6
2457,250,6,497,101,769,208,244,174,1221,cache_la_poudre,6,6
2457,349,15,30,0,446,190,213,160,1425,cache_la_poudre,16,6
2458,84,18,467,117,760,243,205,86,1443,cache_la_poudre,10,6
2458,248,25,108,31,1376,158,249,221,671,cache_la_poudre,10,6
2458,317,22,424,100,819,155,214,196,1176,cache_la_poudre,10,6
2458,325,18,150,27,1358,172,217,183,488,cache_la_poudre,10,6
2458,330,20,95,27,1296,167,211,181,426,cache_la_poudre,10,6
2459,1,20,30,8,642,186,197,145,1237,cache_la_poudre,10,6
2459,57,18,553,118,781,229,199,96,1406,cache_la_poudre,6,6
2459,109,14,124,25,503,244,223,105,1419,cache_la_poudre,6,6
2459,168,11,182,25,577,229,244,146,1390,cache_la_poudre,6,6
2459,327,18,342,25,725,172,216,182,1207,cache_la_poudre,10,6
2459,334,18,350,25,731,175,213,175,1209,cache_la_poudre,10,6
2459,349,16,319,67,497,189,212,160,1142,cache_la_poudre,10,6
2460,14,17,42,4,324,202,202,134,1224,cache_la_poudre,11,6
2460,58,14,335,102,811,230,209,109,1233,cache_la_poudre,6,6
2460,269,14,480,207,878,182,244,201,379,cache_la_poudre,10,6
2461,74,4,451,105,726,225,231,142,1065,cache_la_poudre,2,6
2461,147,13,190,27,582,238,238,128,1374,cache_la_poudre,6,6
2461,316,16,390,105,824,175,224,189,1443,cache_la_poudre,10,6
2461,322,18,150,31,268,171,219,186,1142,cache_la_poudre,10,6
2461,346,16,216,10,892,186,212,163,1026,cache_la_poudre,10,6
2462,8,19,283,107,824,195,199,137,541,cache_la_poudre,10,6
2462,325,22,234,-14,649,162,211,186,1361,cache_la_poudre,10,6
2462,345,21,85,26,551,173,202,163,1315,cache_la_poudre,10,6
2462,349,10,268,11,933,202,223,160,1012,cache_la_poudre,6,6
2462,352,15,255,50,391,192,212,157,1120,cache_la_poudre,10,6
2462,357,13,242,11,912,199,216,154,1019,cache_la_poudre,6,6
2463,1,13,124,13,930,200,214,151,228,cache_la_poudre,6,6
2463,1,15,153,13,960,198,211,150,218,cache_la_poudre,6,6
2463,87,15,300,105,720,241,214,98,1321,cache_la_poudre,6,6
2463,354,15,60,16,295,195,213,155,1208,cache_la_poudre,11,6
2464,10,12,268,54,417,207,216,145,1124,cache_la_poudre,10,6
2464,51,9,509,80,636,225,220,128,1115,cache_la_poudre,6,6
2464,240,8,466,211,874,206,247,179,503,cache_la_poudre,2,6
2464,347,23,319,114,793,169,196,161,524,cache_la_poudre,10,6
2464,348,12,324,60,457,198,221,161,1106,cache_la_poudre,10,6
2464,357,14,382,73,541,197,213,153,1129,cache_la_poudre,10,6
2464,358,11,446,83,626,203,220,155,1159,cache_la_poudre,10,6
2465,26,10,309,55,430,215,218,138,1100,cache_la_poudre,10,6
2465,66,6,488,84,646,227,227,135,1142,cache_la_poudre,6,6
2465,128,13,67,13,458,241,231,117,1357,cache_la_poudre,6,6
2465,269,13,450,212,845,185,244,199,362,cache_la_poudre,2,6
2465,287,14,454,212,859,180,239,198,446,cache_la_poudre,2,6
2465,343,17,150,38,283,182,211,166,1140,cache_la_poudre,10,6
2466,0,18,153,42,300,190,203,147,1140,cache_la_poudre,10,6
2466,10,16,404,82,569,201,206,140,1138,cache_la_poudre,10,6
2466,76,15,467,122,794,238,210,99,1425,cache_la_poudre,6,6
2466,312,22,240,88,646,156,218,200,421,cache_la_poudre,10,6
2466,322,23,270,88,685,156,210,191,450,cache_la_poudre,10,6
2466,339,22,108,31,566,167,202,171,1301,cache_la_poudre,10,6
2467,50,18,331,109,781,225,199,101,1256,cache_la_poudre,6,6
2467,178,18,510,197,997,225,248,149,603,cache_la_poudre,2,6
2467,227,16,192,17,904,196,253,191,95,cache_la_poudre,2,6
2467,274,13,451,214,853,184,243,198,418,cache_la_poudre,2,6
2467,300,21,268,45,900,157,226,208,108,cache_la_poudre,2,6
2468,30,11,446,84,589,216,215,133,1120,cache_la_poudre,10,6
2468,47,8,30,-3,382,223,223,134,1254,cache_la_poudre,11,6
2468,121,3,446,215,854,224,237,148,541,cache_la_poudre,2,6
2468,121,11,120,24,497,238,231,122,1405,cache_la_poudre,6,6
2468,285,18,390,103,752,166,237,209,1348,cache_la_poudre,6,6
2468,311,17,180,34,242,170,225,194,1112,cache_la_poudre,10,6
2468,328,21,124,37,1299,166,212,183,450,cache_la_poudre,10,6
2469,169,20,484,199,1025,230,244,136,601,cache_la_poudre,2,6
2469,318,20,212,-7,638,162,217,193,1368,cache_la_poudre,10,6
2469,345,16,180,31,1050,187,213,164,242,cache_la_poudre,6,6
2470,14,18,30,11,618,201,201,134,1265,cache_la_poudre,10,6
2470,34,13,95,23,256,218,212,128,1172,cache_la_poudre,11,6
2470,82,14,543,114,641,239,214,103,1047,cache_la_poudre,6,6
2470,114,14,424,114,808,243,225,108,1374,cache_la_poudre,6,6
2470,333,11,309,36,693,196,226,170,1250,cache_la_poudre,10,6
2470,342,23,90,39,1236,167,200,167,391,cache_la_poudre,10,6
2471,16,17,67,11,300,202,202,132,1195,cache_la_poudre,11,6
2471,135,12,240,37,631,238,235,125,1374,cache_la_poudre,6,6
2471,328,19,212,-4,624,172,215,181,1390,cache_la_poudre,10,6
2471,346,20,90,34,582,176,203,162,1289,cache_la_poudre,10,6
2472,177,8,450,116,874,224,245,154,1317,cache_la_poudre,6,6
2472,184,11,162,22,845,223,247,157,153,cache_la_poudre,2,6
2472,319,17,162,41,1332,173,221,188,492,cache_la_poudre,10,6
2472,352,17,210,34,1020,188,208,156,240,cache_la_poudre,6,6
2473,20,9,0,0,616,214,221,143,1282,cache_la_poudre,10,6
2473,104,12,509,129,819,241,224,111,1437,cache_la_poudre,6,6
2473,108,12,60,1,469,240,226,115,1348,cache_la_poudre,6,6
2473,271,10,420,220,812,195,243,188,350,cache_la_poudre,2,6
2473,327,16,218,21,624,179,220,180,1320,cache_la_poudre,10,6
2473,331,13,391,115,785,189,223,174,1218,cache_la_poudre,6,6
2474,43,18,532,130,841,221,198,106,1452,cache_la_poudre,6,6
2474,48,14,124,22,228,224,210,117,1142,cache_la_poudre,11,6
2474,95,3,300,40,693,224,235,147,1308,cache_la_poudre,6,6
2474,125,4,256,40,648,226,237,145,1307,cache_la_poudre,6,6
2474,187,4,270,40,663,220,242,158,1332,cache_la_poudre,6,6
2474,269,11,421,221,824,191,244,192,430,cache_la_poudre,2,6
2474,330,16,153,36,1082,180,219,177,277,cache_la_poudre,10,6
2475,160,9,510,222,914,230,242,144,618,cache_la_poudre,2,6
2475,191,12,510,110,797,219,249,162,1301,cache_la_poudre,6,6
2475,323,19,201,3,618,169,217,187,1338,cache_la_poudre,10,6
2475,323,22,67,18,430,158,211,189,1437,cache_la_poudre,10,6
2476,69,12,488,132,824,232,217,115,1410,cache_la_poudre,6,6
2476,142,6,277,42,671,229,239,143,1298,cache_la_poudre,6,6
2476,197,13,551,206,981,216,251,166,636,cache_la_poudre,2,6
2476,302,8,313,42,706,199,237,177,1256,cache_la_poudre,6,6
2476,321,9,30,3,616,196,231,175,1300,cache_la_poudre,10,6
2476,341,24,256,48,816,164,198,169,524,cache_la_poudre,10,6
2477,68,5,360,119,752,225,230,139,1260,cache_la_poudre,6,6
2477,94,11,570,121,603,238,223,115,979,cache_la_poudre,6,6
2477,275,22,240,62,591,156,239,220,361,cache_la_poudre,10,6
2477,302,4,247,33,631,207,238,169,1301,cache_la_poudre,6,6
2477,302,16,190,46,1337,175,232,196,516,cache_la_poudre,10,6
2477,319,5,361,43,755,206,235,168,1242,cache_la_poudre,6,6
2477,356,8,30,-5,342,208,226,156,1533,cache_la_poudre,16,6
2478,34,14,30,11,595,217,208,123,1292,cache_la_poudre,10,6
2478,173,9,469,122,866,226,245,151,1343,cache_la_poudre,6,6
2478,181,13,190,56,842,224,248,154,150,cache_la_poudre,2,6
2478,338,17,182,40,1052,181,214,171,272,cache_la_poudre,6,6
2478,341,17,474,134,900,183,213,168,1477,cache_la_poudre,6,6
2479,113,11,67,7,488,239,229,119,1359,cache_la_poudre,6,6
2479,135,10,531,135,849,236,236,131,1422,cache_la_poudre,6,6
2479,225,8,457,118,792,210,248,174,1343,cache_la_poudre,6,6
2480,337,10,90,29,679,197,225,167,1253,cache_la_poudre,6,6
2480,350,14,85,10,319,194,216,159,1187,cache_la_poudre,11,6
2480,356,9,402,68,430,205,224,156,1019,cache_la_poudre,6,6
2481,25,13,0,0,573,213,212,133,1338,cache_la_poudre,10,6
2481,230,11,564,269,993,203,250,183,666,cache_la_poudre,2,6
2481,357,10,450,77,513,204,221,155,1044,cache_la_poudre,6,6
2481,358,8,120,30,700,208,226,155,1245,cache_la_poudre,6,6
2482,323,12,457,132,860,189,227,178,1438,cache_la_poudre,6,6
2482,331,18,162,44,1084,175,215,178,306,cache_la_poudre,10,6
2482,332,22,120,51,1239,165,207,179,417,cache_la_poudre,6,6
2483,108,11,67,11,488,239,227,118,1343,cache_la_poudre,6,6
2483,131,11,95,11,511,238,234,126,1387,cache_la_poudre,6,6
2483,354,9,426,69,418,205,224,157,990,cache_la_poudre,6,6
2484,328,13,170,8,600,187,224,176,1422,cache_la_poudre,10,6
2485,177,4,474,136,832,222,242,156,1383,cache_la_poudre,6,6
2485,256,7,446,130,805,204,245,179,1371,cache_la_poudre,6,6
2485,306,22,270,107,631,155,222,205,390,cache_la_poudre,10,6
2485,335,16,30,7,313,183,218,173,1559,cache_la_poudre,10,6
2486,281,21,216,71,525,157,237,217,270,cache_la_poudre,10,6
2486,335,9,150,9,576,200,228,167,1409,cache_la_poudre,6,6
2486,349,17,201,58,853,187,210,160,551,cache_la_poudre,10,6
2487,67,16,582,75,543,235,206,98,953,cache_la_poudre,6,6
2487,350,20,212,0,541,180,203,158,1436,cache_la_poudre,10,6
2488,90,0,134,16,553,219,237,155,1405,cache_la_poudre,6,6
2488,356,12,450,69,408,201,219,155,960,cache_la_poudre,6,6
2489,273,21,201,63,499,161,241,217,240,cache_la_poudre,10,6
2489,312,19,180,58,1277,165,222,196,484,cache_la_poudre,6,6
2489,328,22,330,111,685,162,209,184,424,cache_la_poudre,10,6
2489,338,16,30,6,277,184,216,170,1600,cache_la_poudre,10,6
2490,114,9,67,14,499,236,231,125,1315,cache_la_poudre,6,6
2490,179,19,532,237,939,224,248,147,677,cache_la_poudre,2,6
2490,281,21,268,75,604,158,237,216,360,cache_la_poudre,10,6
2490,355,14,218,52,1024,197,215,155,300,cache_la_poudre,6,6
2491,40,4,108,14,534,220,231,148,1369,cache_la_poudre,6,6
2491,325,20,108,34,417,167,214,185,1449,cache_la_poudre,10,6
2492,320,20,300,77,644,164,217,191,391,cache_la_poudre,10,6
2492,357,10,120,33,658,204,221,155,1298,cache_la_poudre,6,6
2493,54,10,0,0,531,226,218,124,1376,cache_la_poudre,10,6
2493,75,12,42,6,459,234,217,113,1276,cache_la_poudre,6,6
2494,18,7,127,13,543,215,226,148,1370,cache_la_poudre,6,6
2494,75,5,0,0,509,227,230,137,1405,cache_la_poudre,10,6
2495,6,9,67,2,511,209,222,151,1371,cache_la_poudre,10,6
2495,75,8,108,14,514,230,225,127,1343,cache_la_poudre,6,6
2495,258,16,551,286,979,181,248,204,700,cache_la_poudre,2,6
2495,313,11,42,7,552,190,232,181,1385,cache_la_poudre,10,6
2495,345,13,95,2,492,195,220,163,1383,cache_la_poudre,10,6
2495,359,15,492,76,430,197,212,151,940,cache_la_poudre,6,6
2496,5,15,170,9,532,200,210,146,1399,cache_la_poudre,6,6
2496,9,12,150,15,541,206,216,146,1384,cache_la_poudre,6,6
2496,252,22,192,69,1302,165,249,217,591,cache_la_poudre,10,6
2496,273,16,228,76,1289,175,243,206,537,cache_la_poudre,10,6
2496,336,18,153,65,1213,177,212,173,430,cache_la_poudre,6,6
2497,62,13,182,69,807,230,213,113,499,cache_la_poudre,10,6
2497,355,17,190,10,516,191,208,154,1415,cache_la_poudre,6,6
2498,268,7,30,6,488,202,243,179,1452,cache_la_poudre,6,6
2498,274,18,228,72,516,170,242,210,242,cache_la_poudre,10,6
2498,335,18,60,15,247,178,213,174,1626,cache_la_poudre,10,6
2499,15,5,95,24,595,215,229,150,1360,cache_la_poudre,6,6
2500,1,9,90,7,469,207,223,153,1410,cache_la_poudre,6,6
2500,5,13,95,17,210,203,214,148,1682,cache_la_poudre,5,6
2500,70,13,67,13,454,234,213,108,1291,cache_la_poudre,6,6
2501,18,8,525,89,488,214,223,145,959,cache_la_poudre,6,6
2502,283,6,60,8,511,202,240,177,1442,cache_la_poudre,6,6
2503,322,20,108,29,350,166,217,188,1516,cache_la_poudre,10,6
2504,4,11,534,85,454,205,219,150,920,cache_la_poudre,6,6
2504,343,16,90,21,212,187,215,166,1667,cache_la_poudre,10,6
2505,25,10,90,12,446,215,219,140,1438,cache_la_poudre,6,6
2505,256,25,201,78,1282,153,246,225,607,cache_la_poudre,10,6
2505,280,13,240,74,1259,183,241,198,524,cache_la_poudre,6,6
2505,321,3,30,-4,324,211,236,164,1622,cache_la_poudre,6,6
2506,83,10,42,8,424,234,223,120,1482,cache_la_poudre,6,6
2507,82,2,0,0,342,221,236,151,1594,cache_la_poudre,6,6
2507,329,7,60,9,433,204,232,167,1528,cache_la_poudre,6,6
2507,330,18,85,27,268,174,215,180,1597,cache_la_poudre,10,6
2508,264,20,216,81,1273,165,245,216,579,cache_la_poudre,10,6
2508,341,17,234,70,1065,183,213,168,391,cache_la_poudre,6,6
2509,311,10,212,78,1224,192,233,181,485,cache_la_poudre,6,6
2509,335,16,201,78,1159,182,217,173,437,cache_la_poudre,6,6
2510,0,15,240,82,745,197,211,150,443,cache_la_poudre,10,6
2510,14,12,134,27,180,209,216,143,1724,cache_la_poudre,5,6
2510,334,6,42,3,350,206,232,164,1613,cache_la_poudre,6,6
2511,24,8,108,13,404,216,222,143,1477,cache_la_poudre,6,6
2513,352,18,234,82,1100,185,205,156,424,cache_la_poudre,6,6
2515,32,9,175,32,150,218,221,138,1765,cache_la_poudre,5,6
2515,123,5,42,3,277,228,236,142,1627,cache_la_poudre,6,6
2515,253,25,218,88,1259,156,247,223,626,cache_la_poudre,10,6
2515,349,18,216,84,1130,184,207,160,430,cache_la_poudre,6,6
2516,359,9,162,33,150,206,223,155,1749,cache_la_poudre,5,6
2517,23,13,240,89,722,212,213,135,417,cache_la_poudre,10,6
2517,267,18,295,91,576,172,245,210,285,cache_la_poudre,10,6
2517,355,15,270,89,703,193,211,155,402,cache_la_poudre,6,6
2519,30,8,201,36,120,218,223,141,1790,cache_la_poudre,5,6
2521,237,5,242,38,60,211,244,170,1812,cache_la_poudre,6,6
2521,335,10,182,38,120,198,227,168,1760,cache_la_poudre,6,6
2522,34,14,240,94,700,217,210,125,391,cache_la_poudre,6,6
2524,113,5,124,12,170,230,234,138,1718,cache_la_poudre,6,6
2524,342,17,242,93,1136,184,213,167,459,cache_la_poudre,6,6
2525,2,12,270,97,680,204,217,151,376,cache_la_poudre,6,6
2525,75,3,242,42,90,223,234,147,1832,cache_la_poudre,6,6
2525,285,9,330,99,618,194,240,186,323,cache_la_poudre,6,6
2525,303,17,277,94,1208,169,229,199,532,cache_la_poudre,6,6
2525,351,10,300,97,661,202,223,159,362,cache_la_poudre,6,6
2526,278,14,323,93,595,182,242,199,295,cache_la_poudre,6,6
2527,40,4,210,44,108,220,231,147,1758,cache_la_poudre,6,6
2528,255,21,247,101,1230,166,248,216,618,cache_la_poudre,10,6
2531,346,14,283,100,1113,191,217,163,484,cache_la_poudre,6,6
2534,324,13,295,103,1150,186,225,179,518,cache_la_poudre,6,6
2544,288,13,313,117,1165,183,239,195,577,cache_la_poudre,6,6
2547,317,16,335,116,1129,175,224,188,543,cache_la_poudre,6,6
2560,343,9,391,129,1077,202,226,163,570,cache_la_poudre,6,6
